0,1200
0.1,1200
0.2,1200
0.3,1200
0.4,1200
0.5,1200
0.6,1200
0.7,1200
0.8,1200
0.9,1200
1,1200
1.1,1200
1.2,1200
1.3,1200
1.4,1200
1.5,1200
1.6,1200
1.7,1200
1.8,1200
1.9,1200
2,1200
2.1,1200
2.2,1200
2.3,1200
2.4,1200
2.5,1200
2.6,1200
2.7,1200
2.8,1200
2.9,1200
3,1200
3.1,1200
3.2,1200
3.3,1200
3.4,1200
3.5,1200
3.6,1200
3.7,1200
3.8,1200
3.9,1200
4,1200
4.1,1200
4.2,1200
4.3,1200
4.4,1200
4.5,1200
4.6,1200
4.7,1200
4.8,1200
4.9,1200
5,1200
5.1,1200
5.2,1200
5.3,1200
5.4,1200
5.5,1200
5.6,1200
5.7,1200
5.8,1200
5.9,1200
6,1200
6.1,1200
6.2,1200
6.3,1200
6.4,1200
6.5,1200
6.6,1200
6.7,1200
6.8,1200
6.9,1200
7,1200
7.1,1200
7.2,1200
7.3,1200
7.4,1200
7.5,1200
7.6,1200
7.7,1200
7.8,1200
7.9,1200
8,1200
8.1,1200
8.2,1200
8.3,1200
8.4,1200
8.5,1200
8.6,1200
8.7,1200
8.8,1200
8.9,1200
9,1200
9.1,1200
9.2,1200
9.3,1200
9.4,1200
9.5,1200
9.6,1200
9.7,1200
9.8,1200
9.9,1200
10,1200
10.1,1200
10.2,1200
10.3,1200
10.4,1200
10.5,1200
10.6,1200
10.7,1200
10.8,1200
10.9,1200
11,1200
11.1,1200
11.2,1200
11.3,1200
11.4,1200
11.5,1200
11.6,1200
11.7,1200
11.8,1200
11.9,1200
12,1200
12.1,1200
12.2,1200
12.3,1200
12.4,1200
12.5,1200
12.6,1200
12.7,1200
12.8,1200
12.9,1200
13,1200
13.1,1200
13.2,1200
13.3,1200
13.4,1200
13.5,1200
13.6,1200
13.7,1200
13.8,1200
13.9,1200
14,1200
14.1,1200
14.2,1200
14.3,1200
14.4,1200
14.5,1200
14.6,1200
14.7,1200
14.8,1200
14.9,1200
15,1200
15.1,1200
15.2,1200
15.3,1200
15.4,1200
15.5,1200
15.6,1200
15.7,1200
15.8,1200
15.9,1200
16,1200
16.1,1200
16.2,1200
16.3,1200
16.4,1200
16.5,1200
16.6,1200
16.7,1200
16.8,1200
16.9,1200
17,1200
17.1,1200
17.2,1200
17.3,1200
17.4,1200
17.5,1200
17.6,1200
17.7,1200
17.8,1200
17.9,1200
18,1200
18.1,1200
18.2,1200
18.3,1200
18.4,1200
18.5,1200
18.6,1200
18.7,1200
18.8,1200
18.9,1200
19,1200
19.1,1200
19.2,1200
19.3,1200
19.4,1200
19.5,1200
19.6,1200
19.7,1200
19.8,1200
19.9,1200
20,1200
20.1,1200
20.2,1200
20.3,1200
20.4,1200
20.5,1200
20.6,1200
20.7,1200
20.8,1200
20.9,1200
21,1200
21.1,1200
21.2,1200
21.3,1200
21.4,1200
21.5,1200
21.6,1200
21.7,1200
21.8,1200
21.9,1200
22,1200
22.1,1200
22.2,1200
22.3,1200
22.4,1200
22.5,1200
22.6,1200
22.7,1200
22.8,1200
22.9,1200
23,1200
23.1,1200
23.2,1200
23.3,1200
23.4,1200
23.5,1200
23.6,1200
23.7,1200
23.8,1200
23.9,1200
24,1200
24.1,1200
24.2,1200
24.3,1200
24.4,1200
24.5,1200
24.6,1200
24.7,1200
24.8,1200
24.9,1200
25,1200
25.1,1200
25.2,1200
25.3,1200
25.4,1200
25.5,1200
25.6,1200
25.7,1200
25.8,1200
25.9,1200
26,1200
26.1,1200
26.2,1200
26.3,1200
26.4,1200
26.5,1200
26.6,1200
26.7,1200
26.8,1200
26.9,1200
27,1200
27.1,1200
27.2,1200
27.3,1200
27.4,1200
27.5,1200
27.6,1200
27.7,1200
27.8,1200
27.9,1200
28,1200
28.1,1200
28.2,1200
28.3,1200
28.4,1200
28.5,1200
28.6,1200
28.7,1200
28.8,1200
28.9,1200
29,1200
29.1,1200
29.2,1200
29.3,1200
29.4,1200
29.5,1200
29.6,1200
29.7,1200
29.8,1200
29.9,1200
30,1200
30.1,1200
30.2,1200
30.3,1200
30.4,1200
30.5,1200
30.6,1200
30.7,1200
30.8,1200
30.9,1200
31,1200
31.1,1200
31.2,1200
31.3,1200
31.4,1200
31.5,1200
31.6,1200
31.7,1200
31.8,1200
31.9,1200
32,1200
32.1,1200
32.2,1200
32.3,1200
32.4,1200
32.5,1200
32.6,1200
32.7,1200
32.8,1200
32.9,1200
33,1200
33.1,1200
33.2,1200
33.3,1200
33.4,1200
33.5,1200
33.6,1200
33.7,1200
33.8,1200
33.9,1200
34,1200
34.1,1200
34.2,1200
34.3,1200
34.4,1200
34.5,1200
34.6,1200
34.7,1200
34.8,1200
34.9,1200
35,1200
35.1,1200
35.2,1200
35.3,1200
35.4,1200
35.5,1200
35.6,1200
35.7,1200
35.8,1200
35.9,1200
36,1200
36.1,1200
36.2,1200
36.3,1200
36.4,1200
36.5,1200
36.6,1200
36.7,1200
36.8,1200
36.9,1200
37,1200
37.1,1200
37.2,1200
37.3,1200
37.4,1200
37.5,1200
37.6,1200
37.7,1200
37.8,1200
37.9,1200
38,1200
38.1,1200
38.2,1200
38.3,1200
38.4,1200
38.5,1200
38.6,1200
38.7,1200
38.8,1200
38.9,1200
39,1200
39.1,1200
39.2,1200
39.3,1200
39.4,1200
39.5,1200
39.6,1200
39.7,1200
39.8,1200
39.9,1200
40,1200
40.1,1200
40.2,1200
40.3,1200
40.4,1200
40.5,1200
40.6,1200
40.7,1200
40.8,1200
40.9,1200
41,1200
41.1,1200
41.2,1200
41.3,1200
41.4,1200
41.5,1200
41.6,1200
41.7,1200
41.8,1200
41.9,1200
42,1200
42.1,1200
42.2,1200
42.3,1200
42.4,1200
42.5,1200
42.6,1200
42.7,1200
42.8,1200
42.9,1200
43,1200
43.1,1200
43.2,1200
43.3,1200
43.4,1200
43.5,1200
43.6,1200
43.7,1200
43.8,1200
43.9,1200
44,1200
44.1,1200
44.2,1200
44.3,1200
44.4,1200
44.5,1200
44.6,1200
44.7,1200
44.8,1200
44.9,1200
45,1200
45.1,1200
45.2,1200
45.3,1200
45.4,1200
45.5,1200
45.6,1200
45.7,1200
45.8,1200
45.9,1200
46,1200
46.1,1200
46.2,1200
46.3,1200
46.4,1200
46.5,1200
46.6,1200
46.7,1200
46.8,1200
46.9,1200
47,1200
47.1,1200
47.2,1200
47.3,1200
47.4,1200
47.5,1200
47.6,1200
47.7,1200
47.8,1200
47.9,1200
48,1200
48.1,1200
48.2,1200
48.3,1200
48.4,1200
48.5,1200
48.6,1200
48.7,1200
48.8,1200
48.9,1200
49,1200
49.1,1200
49.2,1200
49.3,1200
49.4,1200
49.5,1200
49.6,1200
49.7,1200
49.8,1200
49.9,1200
50,1200
50.1,1200
50.2,1200
50.3,1200
50.4,1200
50.5,1200
50.6,1200
50.7,1200
50.8,1200
50.9,1200
51,1200
51.1,1200
51.2,1200
51.3,1200
51.4,1200
51.5,1200
51.6,1200
51.7,1200
51.8,1200
51.9,1200
52,1200
52.1,1200
52.2,1200
52.3,1200
52.4,1200
52.5,1200
52.6,1200
52.7,1200
52.8,1200
52.9,1200
53,1200
53.1,1200
53.2,1200
53.3,1200
53.4,1200
53.5,1200
53.6,1200
53.7,1200
53.8,1200
53.9,1200
54,1200
54.1,1200
54.2,1200
54.3,1200
54.4,1200
54.5,1200
54.6,1200
54.7,1200
54.8,1200
54.9,1200
55,1200
55.1,1200
55.2,1200
55.3,1200
55.4,1200
55.5,1200
55.6,1200
55.7,1200
55.8,1200
55.9,1200
56,1200
56.1,1200
56.2,1200
56.3,1200
56.4,1200
56.5,1200
56.6,1200
56.7,1200
56.8,1200
56.9,1200
57,1200
57.1,1200
57.2,1200
57.3,1200
57.4,1200
57.5,1200
57.6,1200
57.7,1200
57.8,1200
57.9,1200
58,1200
58.1,1200
58.2,1200
58.3,1200
58.4,1200
58.5,1200
58.6,1200
58.7,1200
58.8,1200
58.9,1200
59,1200
59.1,1200
59.2,1200
59.3,1200
59.4,1200
59.5,1200
59.6,1200
59.7,1200
59.8,1200
59.9,1200
60,1200
60.1,1200
60.2,1200
60.3,1200
60.4,1200
60.5,1200
60.6,1200
60.7,1200
60.8,1200
60.9,1200
61,1200
61.1,1200
61.2,1200
61.3,1200
61.4,1200
61.5,1200
61.6,1200
61.7,1200
61.8,1200
61.9,1200
62,1200
62.1,1200
62.2,1200
62.3,1200
62.4,1200
62.5,1200
62.6,1200
62.7,1200
62.8,1200
62.9,1200
63,1200
63.1,1200
63.2,1200
63.3,1200
63.4,1200
63.5,1200
63.6,1200
63.7,1200
63.8,1200
63.9,1200
64,1200
64.1,1200
64.2,1200
64.3,1200
64.4,1200
64.5,1200
64.6,1200
64.7,1200
64.8,1200
64.9,1200
65,1200
65.1,1200
65.2,1200
65.3,1200
65.4,1200
65.5,1200
65.6,1200
65.7,1200
65.8,1200
65.9,1200
66,1200
66.1,1200
66.2,1200
66.3,1200
66.4,1200
66.5,1200
66.6,1200
66.7,1200
66.8,1200
66.9,1200
67,1200
67.1,1200
67.2,1200
67.3,1200
67.4,1200
67.5,1200
67.6,1200
67.7,1200
67.8,1200
67.9,1200
68,1200
68.1,1200
68.2,1200
68.3,1200
68.4,1200
68.5,1200
68.6,1200
68.7,1200
68.8,1200
68.9,1200
69,1200
69.1,1200
69.2,1200
69.3,1200
69.4,1200
69.5,1200
69.6,1200
69.7,1200
69.8,1200
69.9,1200
70,1200
70.1,1200
70.2,1200
70.3,1200
70.4,1200
70.5,1200
70.6,1200
70.7,1200
70.8,1200
70.9,1200
71,1200
71.1,1200
71.2,1200
71.3,1200
71.4,1200
71.5,1200
71.6,1200
71.7,1200
71.8,1200
71.9,1200
72,1200
72.1,1200
72.2,1200
72.3,1200
72.4,1200
72.5,1200
72.6,1200
72.7,1200
72.8,1200
72.9,1200
73,1200
73.1,1200
73.2,1200
73.3,1200
73.4,1200
73.5,1200
73.6,1200
73.7,1200
73.8,1200
73.9,1200
74,1200
74.1,1200
74.2,1200
74.3,1200
74.4,1200
74.5,1200
74.6,1200
74.7,1200
74.8,1200
74.9,1200
75,1200
75.1,1200
75.2,1200
75.3,1200
75.4,1200
75.5,1200
75.6,1200
75.7,1200
75.8,1200
75.9,1200
76,1200
76.1,1200
76.2,1200
76.3,1200
76.4,1200
76.5,1200
76.6,1200
76.7,1200
76.8,1200
76.9,1200
77,1200
77.1,1200
77.2,1200
77.3,1200
77.4,1200
77.5,1200
77.6,1200
77.7,1200
77.8,1200
77.9,1200
78,1200
78.1,1200
78.2,1200
78.3,1200
78.4,1200
78.5,1200
78.6,1200
78.7,1200
78.8,1200
78.9,1200
79,1200
79.1,1200
79.2,1200
79.3,1200
79.4,1200
79.5,1200
79.6,1200
79.7,1200
79.8,1200
79.9,1200
80,1200
80.1,1200
80.2,1200
80.3,1200
80.4,1200
80.5,1200
80.6,1200
80.7,1200
80.8,1200
80.9,1200
81,1200
81.1,1200
81.2,1200
81.3,1200
81.4,1200
81.5,1200
81.6,1200
81.7,1200
81.8,1200
81.9,1200
82,1200
82.1,1200
82.2,1200
82.3,1200
82.4,1200
82.5,1200
82.6,1200
82.7,1200
82.8,1200
82.9,1200
83,1200
83.1,1200
83.2,1200
83.3,1200
83.4,1200
83.5,1200
83.6,1200
83.7,1200
83.8,1200
83.9,1200
84,1200
84.1,1200
84.2,1200
84.3,1200
84.4,1200
84.5,1200
84.6,1200
84.7,1200
84.8,1200
84.9,1200
85,1200
85.1,1200
85.2,1200
85.3,1200
85.4,1200
85.5,1200
85.6,1200
85.7,1200
85.8,1200
85.9,1200
86,1200
86.1,1200
86.2,1200
86.3,1200
86.4,1200
86.5,1200
86.6,1200
86.7,1200
86.8,1200
86.9,1200
87,1200
87.1,1200
87.2,1200
87.3,1200
87.4,1200
87.5,1200
87.6,1200
87.7,1200
87.8,1200
87.9,1200
88,1200
88.1,1200
88.2,1200
88.3,1200
88.4,1200
88.5,1200
88.6,1200
88.7,1200
88.8,1200
88.9,1200
89,1200
89.1,1200
89.2,1200
89.3,1200
89.4,1200
89.5,1200
89.6,1200
89.7,1200
89.8,1200
89.9,1200
90,1200
90.1,1200
90.2,1200
90.3,1200
90.4,1200
90.5,1200
90.6,1200
90.7,1200
90.8,1200
90.9,1200
91,1200
91.1,1200
91.2,1200
91.3,1200
91.4,1200
91.5,1200
91.6,1200
91.7,1200
91.8,1200
91.9,1200
92,1200
92.1,1200
92.2,1200
92.3,1200
92.4,1200
92.5,1200
92.6,1200
92.7,1200
92.8,1200
92.9,1200
93,1200
93.1,1200
93.2,1200
93.3,1200
93.4,1200
93.5,1200
93.6,1200
93.7,1200
93.8,1200
93.9,1200
94,1200
94.1,1200
94.2,1200
94.3,1200
94.4,1200
94.5,1200
94.6,1200
94.7,1200
94.8,1200
94.9,1200
95,1200
95.1,1200
95.2,1200
95.3,1200
95.4,1200
95.5,1200
95.6,1200
95.7,1200
95.8,1200
95.9,1200
96,1200
96.1,1200
96.2,1200
96.3,1200
96.4,1200
96.5,1200
96.6,1200
96.7,1200
96.8,1200
96.9,1200
97,1200
97.1,1200
97.2,1200
97.3,1200
97.4,1200
97.5,1200
97.6,1200
97.7,1200
97.8,1200
97.9,1200
98,1200
98.1,1200
98.2,1200
98.3,1200
98.4,1200
98.5,1200
98.6,1200
98.7,1200
98.8,1200
98.9,1200
99,1200
99.1,1200
99.2,1200
99.3,1200
99.4,1200
99.5,1200
99.6,1200
99.7,1200
99.8,1200
99.9,1200
100,1200
100.1,1200
100.2,1200
100.3,1200
100.4,1200
100.5,1200
100.6,1200
100.7,1200
100.8,1200
100.9,1200
101,1200
101.1,1200
101.2,1200
101.3,1200
101.4,1200
101.5,1200
101.6,1200
101.7,1200
101.8,1200
101.9,1200
102,1200
102.1,1200
102.2,1200
102.3,1200
102.4,1200
102.5,1200
102.6,1200
102.7,1200
102.8,1200
102.9,1200
103,1200
103.1,1200
103.2,1200
103.3,1200
103.4,1200
103.5,1200
103.6,1200
103.7,1200
103.8,1200
103.9,1200
104,1200
104.1,1200
104.2,1200
104.3,1200
104.4,1200
104.5,1200
104.6,1200
104.7,1200
104.8,1200
104.9,1200
105,1200
105.1,1200
105.2,1200
105.3,1200
105.4,1200
105.5,1200
105.6,1200
105.7,1200
105.8,1200
105.9,1200
106,1200
106.1,1200
106.2,1200
106.3,1200
106.4,1200
106.5,1200
106.6,1200
106.7,1200
106.8,1200
106.9,1200
107,1200
107.1,1200
107.2,1200
107.3,1200
107.4,1200
107.5,1200
107.6,1200
107.7,1200
107.8,1200
107.9,1200
108,1200
108.1,1200
108.2,1200
108.3,1200
108.4,1200
108.5,1200
108.6,1200
108.7,1200
108.8,1200
108.9,1200
109,1200
109.1,1200
109.2,1200
109.3,1200
109.4,1200
109.5,1200
109.6,1200
109.7,1200
109.8,1200
109.9,1200
110,1200
110.1,1200
110.2,1200
110.3,1200
110.4,1200
110.5,1200
110.6,1200
110.7,1200
110.8,1200
110.9,1200
111,1200
111.1,1200
111.2,1200
111.3,1200
111.4,1200
111.5,1200
111.6,1200
111.7,1200
111.8,1200
111.9,1200
112,1200
112.1,1200
112.2,1200
112.3,1200
112.4,1200
112.5,1200
112.6,1200
112.7,1200
112.8,1200
112.9,1200
113,1200
113.1,1200
113.2,1200
113.3,1200
113.4,1200
113.5,1200
113.6,1200
113.7,1200
113.8,1200
113.9,1200
114,1200
114.1,1200
114.2,1200
114.3,1200
114.4,1200
114.5,1200
114.6,1200
114.7,1200
114.8,1200
114.9,1200
115,1200
115.1,1200
115.2,1200
115.3,1200
115.4,1200
115.5,1200
115.6,1200
115.7,1200
115.8,1200
115.9,1200
116,1200
116.1,1200
116.2,1200
116.3,1200
116.4,1200
116.5,1200
116.6,1200
116.7,1200
116.8,1200
116.9,1200
117,1200
117.1,1200
117.2,1200
117.3,1200
117.4,1200
117.5,1200
117.6,1200
117.7,1200
117.8,1200
117.9,1200
118,1200
118.1,1200
118.2,1200
118.3,1200
118.4,1200
118.5,1200
118.6,1200
118.7,1200
118.8,1200
118.9,1200
119,1200
119.1,1200
119.2,1200
119.3,1200
119.4,1200
119.5,1200
119.6,1200
119.7,1200
119.8,1200
119.9,1200
120,1200
120.1,1200
120.2,1200
120.3,1200
120.4,1200
120.5,1200
120.6,1200
120.7,1200
120.8,1200
120.9,1200
121,1200
121.1,1200
121.2,1200
121.3,1200
121.4,1200
121.5,1200
121.6,1200
121.7,1200
121.8,1200
121.9,1200
122,1200
122.1,1200
122.2,1200
122.3,1200
122.4,1200
122.5,1200
122.6,1200
122.7,1200
122.8,1200
122.9,1200
123,1200
123.1,1200
123.2,1200
123.3,1200
123.4,1200
123.5,1200
123.6,1200
123.7,1200
123.8,1200
123.9,1200
124,1200
124.1,1200
124.2,1200
124.3,1200
124.4,1200
124.5,1200
124.6,1200
124.7,1200
124.8,1200
124.9,1200
125,1200
125.1,1200
125.2,1200
125.3,1200
125.4,1200
125.5,1200
125.6,1200
125.7,1200
125.8,1200
125.9,1200
126,1200
126.1,1200
126.2,1200
126.3,1200
126.4,1200
126.5,1200
126.6,1200
126.7,1200
126.8,1200
126.9,1200
127,1200
127.1,1200
127.2,1200
127.3,1200
127.4,1200
127.5,1200
127.6,1200
127.7,1200
127.8,1200
127.9,1200
128,1200
128.1,1200
128.2,1200
128.3,1200
128.4,1200
128.5,1200
128.6,1200
128.7,1200
128.8,1200
128.9,1200
129,1200
129.1,1200
129.2,1200
129.3,1200
129.4,1200
129.5,1200
129.6,1200
129.7,1200
129.8,1200
129.9,1200
130,1200
130.1,1200
130.2,1200
130.3,1200
130.4,1200
130.5,1200
130.6,1200
130.7,1200
130.8,1200
130.9,1200
131,1200
131.1,1200
131.2,1200
131.3,1200
131.4,1200
131.5,1200
131.6,1200
131.7,1200
131.8,1200
131.9,1200
132,1200
132.1,1200
132.2,1200
132.3,1200
132.4,1200
132.5,1200
132.6,1200
132.7,1200
132.8,1200
132.9,1200
133,1200
133.1,1200
133.2,1200
133.3,1200
133.4,1200
133.5,1200
133.6,1200
133.7,1200
133.8,1200
133.9,1200
134,1200
134.1,1200
134.2,1200
134.3,1200
134.4,1200
134.5,1200
134.6,1200
134.7,1200
134.8,1200
134.9,1200
135,1200
135.1,1200
135.2,1200
135.3,1200
135.4,1200
135.5,1200
135.6,1200
135.7,1200
135.8,1200
135.9,1200
136,1200
136.1,1200
136.2,1200
136.3,1200
136.4,1200
136.5,1200
136.6,1200
136.7,1200
136.8,1200
136.9,1200
137,1200
137.1,1200
137.2,1200
137.3,1200
137.4,1200
137.5,1200
137.6,1200
137.7,1200
137.8,1200
137.9,1200
138,1200
138.1,1200
138.2,1200
138.3,1200
138.4,1200
138.5,1200
138.6,1200
138.7,1200
138.8,1200
138.9,1200
139,1200
139.1,1200
139.2,1200
139.3,1200
139.4,1200
139.5,1200
139.6,1200
139.7,1200
139.8,1200
139.9,1200
140,1200
140.1,1200
140.2,1200
140.3,1200
140.4,1200
140.5,1200
140.6,1200
140.7,1200
140.8,1200
140.9,1200
141,1200
141.1,1200
141.2,1200
141.3,1200
141.4,1200
141.5,1200
141.6,1200
141.7,1200
141.8,1200
141.9,1200
142,1200
142.1,1200
142.2,1200
142.3,1200
142.4,1200
142.5,1200
142.6,1200
142.7,1200
142.8,1200
142.9,1200
143,1200
143.1,1200
143.2,1200
143.3,1200
143.4,1200
143.5,1200
143.6,1200
143.7,1200
143.8,1200
143.9,1200
144,1200
144.1,1200
144.2,1200
144.3,1200
144.4,1200
144.5,1200
144.6,1200
144.7,1200
144.8,1200
144.9,1200
145,1200
145.1,1200
145.2,1200
145.3,1200
145.4,1200
145.5,1200
145.6,1200
145.7,1200
145.8,1200
145.9,1200
146,1200
146.1,1200
146.2,1200
146.3,1200
146.4,1200
146.5,1200
146.6,1200
146.7,1200
146.8,1200
146.9,1200
147,1200
147.1,1200
147.2,1200
147.3,1200
147.4,1200
147.5,1200
147.6,1200
147.7,1200
147.8,1200
147.9,1200
148,1200
148.1,1200
148.2,1200
148.3,1200
148.4,1200
148.5,1200
148.6,1200
148.7,1200
148.8,1200
148.9,1200
149,1200
149.1,1200
149.2,1200
149.3,1200
149.4,1200
149.5,1200
149.6,1200
149.7,1200
149.8,1200
149.9,1200
150,1200
150.1,1200
150.2,1200
150.3,1200
150.4,1200
150.5,1200
150.6,1200
150.7,1200
150.8,1200
150.9,1200
151,1200
151.1,1200
151.2,1200
151.3,1200
151.4,1200
151.5,1200
151.6,1200
151.7,1200
151.8,1200
151.9,1200
152,1200
152.1,1200
152.2,1200
152.3,1200
152.4,1200
152.5,1200
152.6,1200
152.7,1200
152.8,1200
152.9,1200
153,1200
153.1,1200
153.2,1200
153.3,1200
153.4,1200
153.5,1200
153.6,1200
153.7,1200
153.8,1200
153.9,1200
154,1200
154.1,1200
154.2,1200
154.3,1200
154.4,1200
154.5,1200
154.6,1200
154.7,1200
154.8,1200
154.9,1200
155,1200
155.1,1200
155.2,1200
155.3,1200
155.4,1200
155.5,1200
155.6,1200
155.7,1200
155.8,1200
155.9,1200
156,1200
156.1,1200
156.2,1200
156.3,1200
156.4,1200
156.5,1200
156.6,1200
156.7,1200
156.8,1200
156.9,1200
157,1200
157.1,1200
157.2,1200
157.3,1200
157.4,1200
157.5,1200
157.6,1200
157.7,1200
157.8,1200
157.9,1200
158,1200
158.1,1200
158.2,1200
158.3,1200
158.4,1200
158.5,1200
158.6,1200
158.7,1200
158.8,1200
158.9,1200
159,1200
159.1,1200
159.2,1200
159.3,1200
159.4,1200
159.5,1200
159.6,1200
159.7,1200
159.8,1200
159.9,1200
160,1200
160.1,1200
160.2,1200
160.3,1200
160.4,1200
160.5,1200
160.6,1200
160.7,1200
160.8,1200
160.9,1200
161,1200
161.1,1200
161.2,1200
161.3,1200
161.4,1200
161.5,1200
161.6,1200
161.7,1200
161.8,1200
161.9,1200
162,1200
162.1,1200
162.2,1200
162.3,1200
162.4,1200
162.5,1200
162.6,1200
162.7,1200
162.8,1200
162.9,1200
163,1200
163.1,1200
163.2,1200
163.3,1200
163.4,1200
163.5,1200
163.6,1200
163.7,1200
163.8,1200
163.9,1200
164,1200
164.1,1200
164.2,1200
164.3,1200
164.4,1200
164.5,1200
164.6,1200
164.7,1200
164.8,1200
164.9,1200
165,1200
165.1,1200
165.2,1200
165.3,1200
165.4,1200
165.5,1200
165.6,1200
165.7,1200
165.8,1200
165.9,1200
166,1200
166.1,1200
166.2,1200
166.3,1200
166.4,1200
166.5,1200
166.6,1200
166.7,1200
166.8,1200
166.9,1200
167,1200
167.1,1200
167.2,1200
167.3,1200
167.4,1200
167.5,1200
167.6,1200
167.7,1200
167.8,1200
167.9,1200
168,1200
168.1,1200
168.2,1200
168.3,1200
168.4,1200
168.5,1200
168.6,1200
168.7,1200
168.8,1200
168.9,1200
169,1200
169.1,1200
169.2,1200
169.3,1200
169.4,1200
169.5,1200
169.6,1200
169.7,1200
169.8,1200
169.9,1200
170,1200
170.1,1200
170.2,1200
170.3,1200
170.4,1200
170.5,1200
170.6,1200
170.7,1200
170.8,1200
170.9,1200
171,1200
171.1,1200
171.2,1200
171.3,1200
171.4,1200
171.5,1200
171.6,1200
171.7,1200
171.8,1200
171.9,1200
172,1200
172.1,1200
172.2,1200
172.3,1200
172.4,1200
172.5,1200
172.6,1200
172.7,1200
172.8,1200
172.9,1200
173,1200
173.1,1200
173.2,1200
173.3,1200
173.4,1200
173.5,1200
173.6,1200
173.7,1200
173.8,1200
173.9,1200
174,1200
174.1,1200
174.2,1200
174.3,1200
174.4,1200
174.5,1200
174.6,1200
174.7,1200
174.8,1200
174.9,1200
175,1200
175.1,1200
175.2,1200
175.3,1200
175.4,1200
175.5,1200
175.6,1200
175.7,1200
175.8,1200
175.9,1200
176,1200
176.1,1200
176.2,1200
176.3,1200
176.4,1200
176.5,1200
176.6,1200
176.7,1200
176.8,1200
176.9,1200
177,1200
177.1,1200
177.2,1200
177.3,1200
177.4,1200
177.5,1200
177.6,1200
177.7,1200
177.8,1200
177.9,1200
178,1200
178.1,1200
178.2,1200
178.3,1200
178.4,1200
178.5,1200
178.6,1200
178.7,1200
178.8,1200
178.9,1200
179,1200
179.1,1200
179.2,1200
179.3,1200
179.4,1200
179.5,1200
179.6,1200
179.7,1200
179.8,1200
179.9,1200
180,1200
180.1,1200
180.2,1200
180.3,1200
180.4,1200
180.5,1200
180.6,1200
180.7,1200
180.8,1200
180.9,1200
181,1200
181.1,1200
181.2,1200
181.3,1200
181.4,1200
181.5,1200
181.6,1200
181.7,1200
181.8,1200
181.9,1200
182,1200
182.1,1200
182.2,1200
182.3,1200
182.4,1200
182.5,1200
182.6,1200
182.7,1200
182.8,1200
182.9,1200
183,1200
183.1,1200
183.2,1200
183.3,1200
183.4,1200
183.5,1200
183.6,1200
183.7,1200
183.8,1200
183.9,1200
184,1200
184.1,1200
184.2,1200
184.3,1200
184.4,1200
184.5,1200
184.6,1200
184.7,1200
184.8,1200
184.9,1200
185,1200
185.1,1200
185.2,1200
185.3,1200
185.4,1200
185.5,1200
185.6,1200
185.7,1200
185.8,1200
185.9,1200
186,1200
186.1,1200
186.2,1200
186.3,1200
186.4,1200
186.5,1200
186.6,1200
186.7,1200
186.8,1200
186.9,1200
187,1200
187.1,1200
187.2,1200
187.3,1200
187.4,1200
187.5,1200
187.6,1200
187.7,1200
187.8,1200
187.9,1200
188,1200
188.1,1200
188.2,1200
188.3,1200
188.4,1200
188.5,1200
188.6,1200
188.7,1200
188.8,1200
188.9,1200
189,1200
189.1,1200
189.2,1200
189.3,1200
189.4,1200
189.5,1200
189.6,1200
189.7,1200
189.8,1200
189.9,1200
190,1200
190.1,1200
190.2,1200
190.3,1200
190.4,1200
190.5,1200
190.6,1200
190.7,1200
190.8,1200
190.9,1200
191,1200
191.1,1200
191.2,1200
191.3,1200
191.4,1200
191.5,1200
191.6,1200
191.7,1200
191.8,1200
191.9,1200
192,1200
192.1,1200
192.2,1200
192.3,1200
192.4,1200
192.5,1200
192.6,1200
192.7,1200
192.8,1200
192.9,1200
193,1200
193.1,1200
193.2,1200
193.3,1200
193.4,1200
193.5,1200
193.6,1200
193.7,1200
193.8,1200
193.9,1200
194,1200
194.1,1200
194.2,1200
194.3,1200
194.4,1200
194.5,1200
194.6,1200
194.7,1200
194.8,1200
194.9,1200
195,1200
195.1,1200
195.2,1200
195.3,1200
195.4,1200
195.5,1200
195.6,1200
195.7,1200
195.8,1200
195.9,1200
196,1200
196.1,1200
196.2,1200
196.3,1200
196.4,1200
196.5,1200
196.6,1200
196.7,1200
196.8,1200
196.9,1200
197,1200
197.1,1200
197.2,1200
197.3,1200
197.4,1200
197.5,1200
197.6,1200
197.7,1200
197.8,1200
197.9,1200
198,1200
198.1,1200
198.2,1200
198.3,1200
198.4,1200
198.5,1200
198.6,1200
198.7,1200
198.8,1200
198.9,1200
199,1200
199.1,1200
199.2,1200
199.3,1200
199.4,1200
199.5,1200
199.6,1200
199.7,1200
199.8,1200
199.9,1200
200,1200
200.1,1200
200.2,1200
200.3,1200
200.4,1200
200.5,1200
200.6,1200
200.7,1200
200.8,1200
200.9,1200
201,1200
201.1,1200
201.2,1200
201.3,1200
201.4,1200
201.5,1200
201.6,1200
201.7,1200
201.8,1200
201.9,1200
202,1200
202.1,1200
202.2,1200
202.3,1200
202.4,1200
202.5,1200
202.6,1200
202.7,1200
202.8,1200
202.9,1200
203,1200
203.1,1200
203.2,1200
203.3,1200
203.4,1200
203.5,1200
203.6,1200
203.7,1200
203.8,1200
203.9,1200
204,1200
204.1,1200
204.2,1200
204.3,1200
204.4,1200
204.5,1200
204.6,1200
204.7,1200
204.8,1200
204.9,1200
205,1200
205.1,1200
205.2,1200
205.3,1200
205.4,1200
205.5,1200
205.6,1200
205.7,1200
205.8,1200
205.9,1200
206,1200
206.1,1200
206.2,1200
206.3,1200
206.4,1200
206.5,1200
206.6,1200
206.7,1200
206.8,1200
206.9,1200
207,1200
207.1,1200
207.2,1200
207.3,1200
207.4,1200
207.5,1200
207.6,1200
207.7,1200
207.8,1200
207.9,1200
208,1200
208.1,1200
208.2,1200
208.3,1200
208.4,1200
208.5,1200
208.6,1200
208.7,1200
208.8,1200
208.9,1200
209,1200
209.1,1200
209.2,1200
209.3,1200
209.4,1200
209.5,1200
209.6,1200
209.7,1200
209.8,1200
209.9,1200
210,1200
210.1,1200
210.2,1200
210.3,1200
210.4,1200
210.5,1200
210.6,1200
210.7,1200
210.8,1200
210.9,1200
211,1200
211.1,1200
211.2,1200
211.3,1200
211.4,1200
211.5,1200
211.6,1200
211.7,1200
211.8,1200
211.9,1200
212,1200
212.1,1200
212.2,1200
212.3,1200
212.4,1200
212.5,1200
212.6,1200
212.7,1200
212.8,1200
212.9,1200
213,1200
213.1,1200
213.2,1200
213.3,1200
213.4,1200
213.5,1200
213.6,1200
213.7,1200
213.8,1200
213.9,1200
214,1200
214.1,1200
214.2,1200
214.3,1200
214.4,1200
214.5,1200
214.6,1200
214.7,1200
214.8,1200
214.9,1200
215,1200
215.1,1200
215.2,1200
215.3,1200
215.4,1200
215.5,1200
215.6,1200
215.7,1200
215.8,1200
215.9,1200
216,1200
216.1,1200
216.2,1200
216.3,1200
216.4,1200
216.5,1200
216.6,1200
216.7,1200
216.8,1200
216.9,1200
217,1200
217.1,1200
217.2,1200
217.3,1200
217.4,1200
217.5,1200
217.6,1200
217.7,1200
217.8,1200
217.9,1200
218,1200
218.1,1200
218.2,1200
218.3,1200
218.4,1200
218.5,1200
218.6,1200
218.7,1200
218.8,1200
218.9,1200
219,1200
219.1,1200
219.2,1200
219.3,1200
219.4,1200
219.5,1200
219.6,1200
219.7,1200
219.8,1200
219.9,1200
220,1200
220.1,1200
220.2,1200
220.3,1200
220.4,1200
220.5,1200
220.6,1200
220.7,1200
220.8,1200
220.9,1200
221,1200
221.1,1200
221.2,1200
221.3,1200
221.4,1200
221.5,1200
221.6,1200
221.7,1200
221.8,1200
221.9,1200
222,1200
222.1,1200
222.2,1200
222.3,1200
222.4,1200
222.5,1200
222.6,1200
222.7,1200
222.8,1200
222.9,1200
223,1200
223.1,1200
223.2,1200
223.3,1200
223.4,1200
223.5,1200
223.6,1200
223.7,1200
223.8,1200
223.9,1200
224,1200
224.1,1200
224.2,1200
224.3,1200
224.4,1200
224.5,1200
224.6,1200
224.7,1200
224.8,1200
224.9,1200
225,1200
225.1,1200
225.2,1200
225.3,1200
225.4,1200
225.5,1200
225.6,1200
225.7,1200
225.8,1200
225.9,1200
226,1200
226.1,1200
226.2,1200
226.3,1200
226.4,1200
226.5,1200
226.6,1200
226.7,1200
226.8,1200
226.9,1200
227,1200
227.1,1200
227.2,1200
227.3,1200
227.4,1200
227.5,1200
227.6,1200
227.7,1200
227.8,1200
227.9,1200
228,1200
228.1,1200
228.2,1200
228.3,1200
228.4,1200
228.5,1200
228.6,1200
228.7,1200
228.8,1200
228.9,1200
229,1200
229.1,1200
229.2,1200
229.3,1200
229.4,1200
229.5,1200
229.6,1200
229.7,1200
229.8,1200
229.9,1200
230,1200
230.1,1200
230.2,1200
230.3,1200
230.4,1200
230.5,1200
230.6,1200
230.7,1200
230.8,1200
230.9,1200
231,1200
231.1,1200
231.2,1200
231.3,1200
231.4,1200
231.5,1200
231.6,1200
231.7,1200
231.8,1200
231.9,1200
232,1200
232.1,1200
232.2,1200
232.3,1200
232.4,1200
232.5,1200
232.6,1200
232.7,1200
232.8,1200
232.9,1200
233,1200
233.1,1200
233.2,1200
233.3,1200
233.4,1200
233.5,1200
233.6,1200
233.7,1200
233.8,1200
233.9,1200
234,1200
234.1,1200
234.2,1200
234.3,1200
234.4,1200
234.5,1200
234.6,1200
234.7,1200
234.8,1200
234.9,1200
235,1200
235.1,1200
235.2,1200
235.3,1200
235.4,1200
235.5,1200
235.6,1200
235.7,1200
235.8,1200
235.9,1200
236,1200
236.1,1200
236.2,1200
236.3,1200
236.4,1200
236.5,1200
236.6,1200
236.7,1200
236.8,1200
236.9,1200
237,1200
237.1,1200
237.2,1200
237.3,1200
237.4,1200
237.5,1200
237.6,1200
237.7,1200
237.8,1200
237.9,1200
238,1200
238.1,1200
238.2,1200
238.3,1200
238.4,1200
238.5,1200
238.6,1200
238.7,1200
238.8,1200
238.9,1200
239,1200
239.1,1200
239.2,1200
239.3,1200
239.4,1200
239.5,1200
239.6,1200
239.7,1200
239.8,1200
239.9,1200
240,1200
240.1,1200
240.2,1200
240.3,1200
240.4,1200
240.5,1200
240.6,1200
240.7,1200
240.8,1200
240.9,1200
241,1200
241.1,1200
241.2,1200
241.3,1200
241.4,1200
241.5,1200
241.6,1200
241.7,1200
241.8,1200
241.9,1200
242,1200
242.1,1200
242.2,1200
242.3,1200
242.4,1200
242.5,1200
242.6,1200
242.7,1200
242.8,1200
242.9,1200
243,1200
243.1,1200
243.2,1200
243.3,1200
243.4,1200
243.5,1200
243.6,1200
243.7,1200
243.8,1200
243.9,1200
244,1200
244.1,1200
244.2,1200
244.3,1200
244.4,1200
244.5,1200
244.6,1200
244.7,1200
244.8,1200
244.9,1200
245,1200
245.1,1200
245.2,1200
245.3,1200
245.4,1200
245.5,1200
245.6,1200
245.7,1200
245.8,1200
245.9,1200
246,1200
246.1,1200
246.2,1200
246.3,1200
246.4,1200
246.5,1200
246.6,1200
246.7,1200
246.8,1200
246.9,1200
247,1200
247.1,1200
247.2,1200
247.3,1200
247.4,1200
247.5,1200
247.6,1200
247.7,1200
247.8,1200
247.9,1200
248,1200
248.1,1200
248.2,1200
248.3,1200
248.4,1200
248.5,1200
248.6,1200
248.7,1200
248.8,1200
248.9,1200
249,1200
249.1,1200
249.2,1200
249.3,1200
249.4,1200
249.5,1200
249.6,1200
249.7,1200
249.8,1200
249.9,1200
250,1200
250.1,1200
250.2,1200
250.3,1200
250.4,1200
250.5,1200
250.6,1200
250.7,1200
250.8,1200
250.9,1200
251,1200
251.1,1200
251.2,1200
251.3,1200
251.4,1200
251.5,1200
251.6,1200
251.7,1200
251.8,1200
251.9,1200
252,1200
252.1,1200
252.2,1200
252.3,1200
252.4,1200
252.5,1200
252.6,1200
252.7,1200
252.8,1200
252.9,1200
253,1200
253.1,1200
253.2,1200
253.3,1200
253.4,1200
253.5,1200
253.6,1200
253.7,1200
253.8,1200
253.9,1200
254,1200
254.1,1200
254.2,1200
254.3,1200
254.4,1200
254.5,1200
254.6,1200
254.7,1200
254.8,1200
254.9,1200
255,1200
255.1,1200
255.2,1200
255.3,1200
255.4,1200
255.5,1200
255.6,1200
255.7,1200
255.8,1200
255.9,1200
256,1200
256.1,1200
256.2,1200
256.3,1200
256.4,1200
256.5,1200
256.6,1200
256.7,1200
256.8,1200
256.9,1200
257,1200
257.1,1200
257.2,1200
257.3,1200
257.4,1200
257.5,1200
257.6,1200
257.7,1200
257.8,1200
257.9,1200
258,1200
258.1,1200
258.2,1200
258.3,1200
258.4,1200
258.5,1200
258.6,1200
258.7,1200
258.8,1200
258.9,1200
259,1200
259.1,1200
259.2,1200
259.3,1200
259.4,1200
259.5,1200
259.6,1200
259.7,1200
259.8,1200
259.9,1200
260,1200
260.1,1200
260.2,1200
260.3,1200
260.4,1200
260.5,1200
260.6,1200
260.7,1200
260.8,1200
260.9,1200
261,1200
261.1,1200
261.2,1200
261.3,1200
261.4,1200
261.5,1200
261.6,1200
261.7,1200
261.8,1200
261.9,1200
262,1200
262.1,1200
262.2,1200
262.3,1200
262.4,1200
262.5,1200
262.6,1200
262.7,1200
262.8,1200
262.9,1200
263,1200
263.1,1200
263.2,1200
263.3,1200
263.4,1200
263.5,1200
263.6,1200
263.7,1200
263.8,1200
263.9,1200
264,1200
264.1,1200
264.2,1200
264.3,1200
264.4,1200
264.5,1200
264.6,1200
264.7,1200
264.8,1200
264.9,1200
265,1200
265.1,1200
265.2,1200
265.3,1200
265.4,1200
265.5,1200
265.6,1200
265.7,1200
265.8,1200
265.9,1200
266,1200
266.1,1200
266.2,1200
266.3,1200
266.4,1200
266.5,1200
266.6,1200
266.7,1200
266.8,1200
266.9,1200
267,1200
267.1,1200
267.2,1200
267.3,1200
267.4,1200
267.5,1200
267.6,1200
267.7,1200
267.8,1200
267.9,1200
268,1200
268.1,1200
268.2,1200
268.3,1200
268.4,1200
268.5,1200
268.6,1200
268.7,1200
268.8,1200
268.9,1200
269,1200
269.1,1200
269.2,1200
269.3,1200
269.4,1200
269.5,1200
269.6,1200
269.7,1200
269.8,1200
269.9,1200
270,1200
270.1,1200
270.2,1200
270.3,1200
270.4,1200
270.5,1200
270.6,1200
270.7,1200
270.8,1200
270.9,1200
271,1200
271.1,1200
271.2,1200
271.3,1200
271.4,1200
271.5,1200
271.6,1200
271.7,1200
271.8,1200
271.9,1200
272,1200
272.1,1200
272.2,1200
272.3,1200
272.4,1200
272.5,1200
272.6,1200
272.7,1200
272.8,1200
272.9,1200
273,1200
273.1,1200
273.2,1200
273.3,1200
273.4,1200
273.5,1200
273.6,1200
273.7,1200
273.8,1200
273.9,1200
274,1200
274.1,1200
274.2,1200
274.3,1200
274.4,1200
274.5,1200
274.6,1200
274.7,1200
274.8,1200
274.9,1200
275,1200
275.1,1200
275.2,1200
275.3,1200
275.4,1200
275.5,1200
275.6,1200
275.7,1200
275.8,1200
275.9,1200
276,1200
276.1,1200
276.2,1200
276.3,1200
276.4,1200
276.5,1200
276.6,1200
276.7,1200
276.8,1200
276.9,1200
277,1200
277.1,1200
277.2,1200
277.3,1200
277.4,1200
277.5,1200
277.6,1200
277.7,1200
277.8,1200
277.9,1200
278,1200
278.1,1200
278.2,1200
278.3,1200
278.4,1200
278.5,1200
278.6,1200
278.7,1200
278.8,1200
278.9,1200
279,1200
279.1,1200
279.2,1200
279.3,1200
279.4,1200
279.5,1200
279.6,1200
279.7,1200
279.8,1200
279.9,1200
280,1200
280.1,1200
280.2,1200
280.3,1200
280.4,1200
280.5,1200
280.6,1200
280.7,1200
280.8,1200
280.9,1200
281,1200
281.1,1200
281.2,1200
281.3,1200
281.4,1200
281.5,1200
281.6,1200
281.7,1200
281.8,1200
281.9,1200
282,1200
282.1,1200
282.2,1200
282.3,1200
282.4,1200
282.5,1200
282.6,1200
282.7,1200
282.8,1200
282.9,1200
283,1200
283.1,1200
283.2,1200
283.3,1200
283.4,1200
283.5,1200
283.6,1200
283.7,1200
283.8,1200
283.9,1200
284,1200
284.1,1200
284.2,1200
284.3,1200
284.4,1200
284.5,1200
284.6,1200
284.7,1200
284.8,1200
284.9,1200
285,1200
285.1,1200
285.2,1200
285.3,1200
285.4,1200
285.5,1200
285.6,1200
285.7,1200
285.8,1200
285.9,1200
286,1200
286.1,1200
286.2,1200
286.3,1200
286.4,1200
286.5,1200
286.6,1200
286.7,1200
286.8,1200
286.9,1200
287,1200
287.1,1200
287.2,1200
287.3,1200
287.4,1200
287.5,1200
287.6,1200
287.7,1200
287.8,1200
287.9,1200
288,1200
288.1,1200
288.2,1200
288.3,1200
288.4,1200
288.5,1200
288.6,1200
288.7,1200
288.8,1200
288.9,1200
289,1200
289.1,1200
289.2,1200
289.3,1200
289.4,1200
289.5,1200
289.6,1200
289.7,1200
289.8,1200
289.9,1200
290,1200
290.1,1200
290.2,1200
290.3,1200
290.4,1200
290.5,1200
290.6,1200
290.7,1200
290.8,1200
290.9,1200
291,1200
291.1,1200
291.2,1200
291.3,1200
291.4,1200
291.5,1200
291.6,1200
291.7,1200
291.8,1200
291.9,1200
292,1200
292.1,1200
292.2,1200
292.3,1200
292.4,1200
292.5,1200
292.6,1200
292.7,1200
292.8,1200
292.9,1200
293,1200
293.1,1200
293.2,1200
293.3,1200
293.4,1200
293.5,1200
293.6,1200
293.7,1200
293.8,1200
293.9,1200
294,1200
294.1,1200
294.2,1200
294.3,1200
294.4,1200
294.5,1200
294.6,1200
294.7,1200
294.8,1200
294.9,1200
295,1200
295.1,1200
295.2,1200
295.3,1200
295.4,1200
295.5,1200
295.6,1200
295.7,1200
295.8,1200
295.9,1200
296,1200
296.1,1200
296.2,1200
296.3,1200
296.4,1200
296.5,1200
296.6,1200
296.7,1200
296.8,1200
296.9,1200
297,1200
297.1,1200
297.2,1200
297.3,1200
297.4,1200
297.5,1200
297.6,1200
297.7,1200
297.8,1200
297.9,1200
298,1200
298.1,1200
298.2,1200
298.3,1200
298.4,1200
298.5,1200
298.6,1200
298.7,1200
298.8,1200
298.9,1200
299,1200
299.1,1200
299.2,1200
299.3,1200
299.4,1200
299.5,1200
299.6,1200
299.7,1200
299.8,1200
299.9,1200
300,1200
300.1,1200
300.2,1200
300.3,1200
300.4,1200
300.5,1200
300.6,1200
300.7,1200
300.8,1200
300.9,1200
301,1200
301.1,1200
301.2,1200
301.3,1200
301.4,1200
301.5,1200
301.6,1200
301.7,1200
301.8,1200
301.9,1200
302,1200
302.1,1200
302.2,1200
302.3,1200
302.4,1200
302.5,1200
302.6,1200
302.7,1200
302.8,1200
302.9,1200
303,1200
303.1,1200
303.2,1200
303.3,1200
303.4,1200
303.5,1200
303.6,1200
303.7,1200
303.8,1200
303.9,1200
304,1200
304.1,1200
304.2,1200
304.3,1200
304.4,1200
304.5,1200
304.6,1200
304.7,1200
304.8,1200
304.9,1200
305,1200
305.1,1200
305.2,1200
305.3,1200
305.4,1200
305.5,1200
305.6,1200
305.7,1200
305.8,1200
305.9,1200
306,1200
306.1,1200
306.2,1200
306.3,1200
306.4,1200
306.5,1200
306.6,1200
306.7,1200
306.8,1200
306.9,1200
307,1200
307.1,1200
307.2,1200
307.3,1200
307.4,1200
307.5,1200
307.6,1200
307.7,1200
307.8,1200
307.9,1200
308,1200
308.1,1200
308.2,1200
308.3,1200
308.4,1200
308.5,1200
308.6,1200
308.7,1200
308.8,1200
308.9,1200
309,1200
309.1,1200
309.2,1200
309.3,1200
309.4,1200
309.5,1200
309.6,1200
309.7,1200
309.8,1200
309.9,1200
310,1200
310.1,1200
310.2,1200
310.3,1200
310.4,1200
310.5,1200
310.6,1200
310.7,1200
310.8,1200
310.9,1200
311,1200
311.1,1200
311.2,1200
311.3,1200
311.4,1200
311.5,1200
311.6,1200
311.7,1200
311.8,1200
311.9,1200
312,1200
312.1,1200
312.2,1200
312.3,1200
312.4,1200
312.5,1200
312.6,1200
312.7,1200
312.8,1200
312.9,1200
313,1200
313.1,1200
313.2,1200
313.3,1200
313.4,1200
313.5,1200
313.6,1200
313.7,1200
313.8,1200
313.9,1200
314,1200
314.1,1200
314.2,1200
314.3,1200
314.4,1200
314.5,1200
314.6,1200
314.7,1200
314.8,1200
314.9,1200
315,1200
315.1,1200
315.2,1200
315.3,1200
315.4,1200
315.5,1200
315.6,1200
315.7,1200
315.8,1200
315.9,1200
316,1200
316.1,1200
316.2,1200
316.3,1200
316.4,1200
316.5,1200
316.6,1200
316.7,1200
316.8,1200
316.9,1200
317,1200
317.1,1200
317.2,1200
317.3,1200
317.4,1200
317.5,1200
317.6,1200
317.7,1200
317.8,1200
317.9,1200
318,1200
318.1,1200
318.2,1200
318.3,1200
318.4,1200
318.5,1200
318.6,1200
318.7,1200
318.8,1200
318.9,1200
319,1200
319.1,1200
319.2,1200
319.3,1200
319.4,1200
319.5,1200
319.6,1200
319.7,1200
319.8,1200
319.9,1200
320,1200
320.1,1200
320.2,1200
320.3,1200
320.4,1200
320.5,1200
320.6,1200
320.7,1200
320.8,1200
320.9,1200
321,1200
321.1,1200
321.2,1200
321.3,1200
321.4,1200
321.5,1200
321.6,1200
321.7,1200
321.8,1200
321.9,1200
322,1200
322.1,1200
322.2,1200
322.3,1200
322.4,1200
322.5,1200
322.6,1200
322.7,1200
322.8,1200
322.9,1200
323,1200
323.1,1200
323.2,1200
323.3,1200
323.4,1200
323.5,1200
323.6,1200
323.7,1200
323.8,1200
323.9,1200
324,1200
324.1,1200
324.2,1200
324.3,1200
324.4,1200
324.5,1200
324.6,1200
324.7,1200
324.8,1200
324.9,1200
325,1200
325.1,1200
325.2,1200
325.3,1200
325.4,1200
325.5,1200
325.6,1200
325.7,1200
325.8,1200
325.9,1200
326,1200
326.1,1200
326.2,1200
326.3,1200
326.4,1200
326.5,1200
326.6,1200
326.7,1200
326.8,1200
326.9,1200
327,1200
327.1,1200
327.2,1200
327.3,1200
327.4,1200
327.5,1200
327.6,1200
327.7,1200
327.8,1200
327.9,1200
328,1200
328.1,1200
328.2,1200
328.3,1200
328.4,1200
328.5,1200
328.6,1200
328.7,1200
328.8,1200
328.9,1200
329,1200
329.1,1200
329.2,1200
329.3,1200
329.4,1200
329.5,1200
329.6,1200
329.7,1200
329.8,1200
329.9,1200
330,1200
330.1,1200
330.2,1200
330.3,1200
330.4,1200
330.5,1200
330.6,1200
330.7,1200
330.8,1200
330.9,1200
331,1200
331.1,1200
331.2,1200
331.3,1200
331.4,1200
331.5,1200
331.6,1200
331.7,1200
331.8,1200
331.9,1200
332,1200
332.1,1200
332.2,1200
332.3,1200
332.4,1200
332.5,1200
332.6,1200
332.7,1200
332.8,1200
332.9,1200
333,1200
333.1,1200
333.2,1200
333.3,1200
333.4,1200
333.5,1200
333.6,1200
333.7,1200
333.8,1200
333.9,1200
334,1200
334.1,1200
334.2,1200
334.3,1200
334.4,1200
334.5,1200
334.6,1200
334.7,1200
334.8,1200
334.9,1200
335,1200
335.1,1200
335.2,1200
335.3,1200
335.4,1200
335.5,1200
335.6,1200
335.7,1200
335.8,1200
335.9,1200
336,1200
336.1,1200
336.2,1200
336.3,1200
336.4,1200
336.5,1200
336.6,1200
336.7,1200
336.8,1200
336.9,1200
337,1200
337.1,1200
337.2,1200
337.3,1200
337.4,1200
337.5,1200
337.6,1200
337.7,1200
337.8,1200
337.9,1200
338,1200
338.1,1200
338.2,1200
338.3,1200
338.4,1200
338.5,1200
338.6,1200
338.7,1200
338.8,1200
338.9,1200
339,1200
339.1,1200
339.2,1200
339.3,1200
339.4,1200
339.5,1200
339.6,1200
339.7,1200
339.8,1200
339.9,1200
340,1200
340.1,1200
340.2,1200
340.3,1200
340.4,1200
340.5,1200
340.6,1200
340.7,1200
340.8,1200
340.9,1200
341,1200
341.1,1200
341.2,1200
341.3,1200
341.4,1200
341.5,1200
341.6,1200
341.7,1200
341.8,1200
341.9,1200
342,1200
342.1,1200
342.2,1200
342.3,1200
342.4,1200
342.5,1200
342.6,1200
342.7,1200
342.8,1200
342.9,1200
343,1200
343.1,1200
343.2,1200
343.3,1200
343.4,1200
343.5,1200
343.6,1200
343.7,1200
343.8,1200
343.9,1200
344,1200
344.1,1200
344.2,1200
344.3,1200
344.4,1200
344.5,1200
344.6,1200
344.7,1200
344.8,1200
344.9,1200
345,1200
345.1,1200
345.2,1200
345.3,1200
345.4,1200
345.5,1200
345.6,1200
345.7,1200
345.8,1200
345.9,1200
346,1200
346.1,1200
346.2,1200
346.3,1200
346.4,1200
346.5,1200
346.6,1200
346.7,1200
346.8,1200
346.9,1200
347,1200
347.1,1200
347.2,1200
347.3,1200
347.4,1200
347.5,1200
347.6,1200
347.7,1200
347.8,1200
347.9,1200
348,1200
348.1,1200
348.2,1200
348.3,1200
348.4,1200
348.5,1200
348.6,1200
348.7,1200
348.8,1200
348.9,1200
349,1200
349.1,1200
349.2,1200
349.3,1200
349.4,1200
349.5,1200
349.6,1200
349.7,1200
349.8,1200
349.9,1200
350,1200
350.1,1200
350.2,1200
350.3,1200
350.4,1200
350.5,1200
350.6,1200
350.7,1200
350.8,1200
350.9,1200
351,1200
351.1,1200
351.2,1200
351.3,1200
351.4,1200
351.5,1200
351.6,1200
351.7,1200
351.8,1200
351.9,1200
352,1200
352.1,1200
352.2,1200
352.3,1200
352.4,1200
352.5,1200
352.6,1200
352.7,1200
352.8,1200
352.9,1200
353,1200
353.1,1200
353.2,1200
353.3,1200
353.4,1200
353.5,1200
353.6,1200
353.7,1200
353.8,1200
353.9,1200
354,1200
354.1,1200
354.2,1200
354.3,1200
354.4,1200
354.5,1200
354.6,1200
354.7,1200
354.8,1200
354.9,1200
355,1200
355.1,1200
355.2,1200
355.3,1200
355.4,1200
355.5,1200
355.6,1200
355.7,1200
355.8,1200
355.9,1200
356,1200
356.1,1200
356.2,1200
356.3,1200
356.4,1200
356.5,1200
356.6,1200
356.7,1200
356.8,1200
356.9,1200
357,1200
357.1,1200
357.2,1200
357.3,1200
357.4,1200
357.5,1200
357.6,1200
357.7,1200
357.8,1200
357.9,1200
358,1200
358.1,1200
358.2,1200
358.3,1200
358.4,1200
358.5,1200
358.6,1200
358.7,1200
358.8,1200
358.9,1200
359,1200
359.1,1200
359.2,1200
359.3,1200
359.4,1200
359.5,1200
359.6,1200
359.7,1200
359.8,1200
359.9,1200
360,1200
360.1,1200
360.2,1200
360.3,1200
360.4,1200
360.5,1200
360.6,1200
360.7,1200
360.8,1200
360.9,1200
361,1200
361.1,1200
361.2,1200
361.3,1200
361.4,1200
361.5,1200
361.6,1200
361.7,1200
361.8,1200
361.9,1200
362,1200
362.1,1200
362.2,1200
362.3,1200
362.4,1200
362.5,1200
362.6,1200
362.7,1200
362.8,1200
362.9,1200
363,1200
363.1,1200
363.2,1200
363.3,1200
363.4,1200
363.5,1200
363.6,1200
363.7,1200
363.8,1200
363.9,1200
364,1200
364.1,1200
364.2,1200
364.3,1200
364.4,1200
364.5,1200
364.6,1200
364.7,1200
364.8,1200
364.9,1200
365,1200
365.1,1200
365.2,1200
365.3,1200
365.4,1200
365.5,1200
365.6,1200
365.7,1200
365.8,1200
365.9,1200
366,1200
366.1,1200
366.2,1200
366.3,1200
366.4,1200
366.5,1200
366.6,1200
366.7,1200
366.8,1200
366.9,1200
367,1200
367.1,1200
367.2,1200
367.3,1200
367.4,1200
367.5,1200
367.6,1200
367.7,1200
367.8,1200
367.9,1200
368,1200
368.1,1200
368.2,1200
368.3,1200
368.4,1200
368.5,1200
368.6,1200
368.7,1200
368.8,1200
368.9,1200
369,1200
369.1,1200
369.2,1200
369.3,1200
369.4,1200
369.5,1200
369.6,1200
369.7,1200
369.8,1200
369.9,1200
370,1200
370.1,1200
370.2,1200
370.3,1200
370.4,1200
370.5,1200
370.6,1200
370.7,1200
370.8,1200
370.9,1200
371,1200
371.1,1200
371.2,1200
371.3,1200
371.4,1200
371.5,1200
371.6,1200
371.7,1200
371.8,1200
371.9,1200
372,1200
372.1,1200
372.2,1200
372.3,1200
372.4,1200
372.5,1200
372.6,1200
372.7,1200
372.8,1200
372.9,1200
373,1200
373.1,1200
373.2,1200
373.3,1200
373.4,1200
373.5,1200
373.6,1200
373.7,1200
373.8,1200
373.9,1200
374,1200
374.1,1200
374.2,1200
374.3,1200
374.4,1200
374.5,1200
374.6,1200
374.7,1200
374.8,1200
374.9,1200
375,1200
375.1,1200
375.2,1200
375.3,1200
375.4,1200
375.5,1200
375.6,1200
375.7,1200
375.8,1200
375.9,1200
376,1200
376.1,1200
376.2,1200
376.3,1200
376.4,1200
376.5,1200
376.6,1200
376.7,1200
376.8,1200
376.9,1200
377,1200
377.1,1200
377.2,1200
377.3,1200
377.4,1200
377.5,1200
377.6,1200
377.7,1200
377.8,1200
377.9,1200
378,1200
378.1,1200
378.2,1200
378.3,1200
378.4,1200
378.5,1200
378.6,1200
378.7,1200
378.8,1200
378.9,1200
379,1200
379.1,1200
379.2,1200
379.3,1200
379.4,1200
379.5,1200
379.6,1200
379.7,1200
379.8,1200
379.9,1200
380,1200
380.1,1200
380.2,1200
380.3,1200
380.4,1200
380.5,1200
380.6,1200
380.7,1200
380.8,1200
380.9,1200
381,1200
381.1,1200
381.2,1200
381.3,1200
381.4,1200
381.5,1200
381.6,1200
381.7,1200
381.8,1200
381.9,1200
382,1200
382.1,1200
382.2,1200
382.3,1200
382.4,1200
382.5,1200
382.6,1200
382.7,1200
382.8,1200
382.9,1200
383,1200
383.1,1200
383.2,1200
383.3,1200
383.4,1200
383.5,1200
383.6,1200
383.7,1200
383.8,1200
383.9,1200
384,1200
384.1,1200
384.2,1200
384.3,1200
384.4,1200
384.5,1200
384.6,1200
384.7,1200
384.8,1200
384.9,1200
385,1200
385.1,1200
385.2,1200
385.3,1200
385.4,1200
385.5,1200
385.6,1200
385.7,1200
385.8,1200
385.9,1200
386,1200
386.1,1200
386.2,1200
386.3,1200
386.4,1200
386.5,1200
386.6,1200
386.7,1200
386.8,1200
386.9,1200
387,1200
387.1,1200
387.2,1200
387.3,1200
387.4,1200
387.5,1200
387.6,1200
387.7,1200
387.8,1200
387.9,1200
388,1200
388.1,1200
388.2,1200
388.3,1200
388.4,1200
388.5,1200
388.6,1200
388.7,1200
388.8,1200
388.9,1200
389,1200
389.1,1200
389.2,1200
389.3,1200
389.4,1200
389.5,1200
389.6,1200
389.7,1200
389.8,1200
389.9,1200
390,1200
390.1,1200
390.2,1200
390.3,1200
390.4,1200
390.5,1200
390.6,1200
390.7,1200
390.8,1200
390.9,1200
391,1200
391.1,1200
391.2,1200
391.3,1200
391.4,1200
391.5,1200
391.6,1200
391.7,1200
391.8,1200
391.9,1200
392,1200
392.1,1200
392.2,1200
392.3,1200
392.4,1200
392.5,1200
392.6,1200
392.7,1200
392.8,1200
392.9,1200
393,1200
393.1,1200
393.2,1200
393.3,1200
393.4,1200
393.5,1200
393.6,1200
393.7,1200
393.8,1200
393.9,1200
394,1200
394.1,1200
394.2,1200
394.3,1200
394.4,1200
394.5,1200
394.6,1200
394.7,1200
394.8,1200
394.9,1200
395,1200
395.1,1200
395.2,1200
395.3,1200
395.4,1200
395.5,1200
395.6,1200
395.7,1200
395.8,1200
395.9,1200
396,1200
396.1,1200
396.2,1200
396.3,1200
396.4,1200
396.5,1200
396.6,1200
396.7,1200
396.8,1200
396.9,1200
397,1200
397.1,1200
397.2,1200
397.3,1200
397.4,1200
397.5,1200
397.6,1200
397.7,1200
397.8,1200
397.9,1200
398,1200
398.1,1200
398.2,1200
398.3,1200
398.4,1200
398.5,1200
398.6,1200
398.7,1200
398.8,1200
398.9,1200
399,1200
399.1,1200
399.2,1200
399.3,1200
399.4,1200
399.5,1200
399.6,1200
399.7,1200
399.8,1200
399.9,1200
400,1200
400.1,1200
400.2,1200
400.3,1200
400.4,1200
400.5,1200
400.6,1200
400.7,1200
400.8,1200
400.9,1200
401,1200
401.1,1200
401.2,1200
401.3,1200
401.4,1200
401.5,1200
401.6,1200
401.7,1200
401.8,1200
401.9,1200
402,1200
402.1,1200
402.2,1200
402.3,1200
402.4,1200
402.5,1200
402.6,1200
402.7,1200
402.8,1200
402.9,1200
403,1200
403.1,1200
403.2,1200
403.3,1200
403.4,1200
403.5,1200
403.6,1200
403.7,1200
403.8,1200
403.9,1200
404,1200
404.1,1200
404.2,1200
404.3,1200
404.4,1200
404.5,1200
404.6,1200
404.7,1200
404.8,1200
404.9,1200
405,1200
405.1,1200
405.2,1200
405.3,1200
405.4,1200
405.5,1200
405.6,1200
405.7,1200
405.8,1200
405.9,1200
406,1200
406.1,1200
406.2,1200
406.3,1200
406.4,1200
406.5,1200
406.6,1200
406.7,1200
406.8,1200
406.9,1200
407,1200
407.1,1200
407.2,1200
407.3,1200
407.4,1200
407.5,1200
407.6,1200
407.7,1200
407.8,1200
407.9,1200
408,1200
408.1,1200
408.2,1200
408.3,1200
408.4,1200
408.5,1200
408.6,1200
408.7,1200
408.8,1200
408.9,1200
409,1200
409.1,1200
409.2,1200
409.3,1200
409.4,1200
409.5,1200
409.6,1200
409.7,1200
409.8,1200
409.9,1200
410,1200
410.1,1200
410.2,1200
410.3,1200
410.4,1200
410.5,1200
410.6,1200
410.7,1200
410.8,1200
410.9,1200
411,1200
411.1,1200
411.2,1200
411.3,1200
411.4,1200
411.5,1200
411.6,1200
411.7,1200
411.8,1200
411.9,1200
412,1200
412.1,1200
412.2,1200
412.3,1200
412.4,1200
412.5,1200
412.6,1200
412.7,1200
412.8,1200
412.9,1200
413,1200
413.1,1200
413.2,1200
413.3,1200
413.4,1200
413.5,1200
413.6,1200
413.7,1200
413.8,1200
413.9,1200
414,1200
414.1,1200
414.2,1200
414.3,1200
414.4,1200
414.5,1200
414.6,1200
414.7,1200
414.8,1200
414.9,1200
415,1200
415.1,1200
415.2,1200
415.3,1200
415.4,1200
415.5,1200
415.6,1200
415.7,1200
415.8,1200
415.9,1200
416,1200
416.1,1200
416.2,1200
416.3,1200
416.4,1200
416.5,1200
416.6,1200
416.7,1200
416.8,1200
416.9,1200
417,1200
417.1,1200
417.2,1200
417.3,1200
417.4,1200
417.5,1200
417.6,1200
417.7,1200
417.8,1200
417.9,1200
418,1200
418.1,1200
418.2,1200
418.3,1200
418.4,1200
418.5,1200
418.6,1200
418.7,1200
418.8,1200
418.9,1200
419,1200
419.1,1200
419.2,1200
419.3,1200
419.4,1200
419.5,1200
419.6,1200
419.7,1200
419.8,1200
419.9,1200
420,1200
420.1,1200
420.2,1200
420.3,1200
420.4,1200
420.5,1200
420.6,1200
420.7,1200
420.8,1200
420.9,1200
421,1200
421.1,1200
421.2,1200
421.3,1200
421.4,1200
421.5,1200
421.6,1200
421.7,1200
421.8,1200
421.9,1200
422,1200
422.1,1200
422.2,1200
422.3,1200
422.4,1200
422.5,1200
422.6,1200
422.7,1200
422.8,1200
422.9,1200
423,1200
423.1,1200
423.2,1200
423.3,1200
423.4,1200
423.5,1200
423.6,1200
423.7,1200
423.8,1200
423.9,1200
424,1200
424.1,1200
424.2,1200
424.3,1200
424.4,1200
424.5,1200
424.6,1200
424.7,1200
424.8,1200
424.9,1200
425,1200
425.1,1200
425.2,1200
425.3,1200
425.4,1200
425.5,1200
425.6,1200
425.7,1200
425.8,1200
425.9,1200
426,1200
426.1,1200
426.2,1200
426.3,1200
426.4,1200
426.5,1200
426.6,1200
426.7,1200
426.8,1200
426.9,1200
427,1200
427.1,1200
427.2,1200
427.3,1200
427.4,1200
427.5,1200
427.6,1200
427.7,1200
427.8,1200
427.9,1200
428,1200
428.1,1200
428.2,1200
428.3,1200
428.4,1200
428.5,1200
428.6,1200
428.7,1200
428.8,1200
428.9,1200
429,1200
429.1,1200
429.2,1200
429.3,1200
429.4,1200
429.5,1200
429.6,1200
429.7,1200
429.8,1200
429.9,1200
430,1200
430.1,1200
430.2,1200
430.3,1200
430.4,1200
430.5,1200
430.6,1200
430.7,1200
430.8,1200
430.9,1200
431,1200
431.1,1200
431.2,1200
431.3,1200
431.4,1200
431.5,1200
431.6,1200
431.7,1200
431.8,1200
431.9,1200
432,1200
432.1,1200
432.2,1200
432.3,1200
432.4,1200
432.5,1200
432.6,1200
432.7,1200
432.8,1200
432.9,1200
433,1200
433.1,1200
433.2,1200
433.3,1200
433.4,1200
433.5,1200
433.6,1200
433.7,1200
433.8,1200
433.9,1200
434,1200
434.1,1200
434.2,1200
434.3,1200
434.4,1200
434.5,1200
434.6,1200
434.7,1200
434.8,1200
434.9,1200
435,1200
435.1,1200
435.2,1200
435.3,1200
435.4,1200
435.5,1200
435.6,1200
435.7,1200
435.8,1200
435.9,1200
436,1200
436.1,1200
436.2,1200
436.3,1200
436.4,1200
436.5,1200
436.6,1200
436.7,1200
436.8,1200
436.9,1200
437,1200
437.1,1200
437.2,1200
437.3,1200
437.4,1200
437.5,1200
437.6,1200
437.7,1200
437.8,1200
437.9,1200
438,1200
438.1,1200
438.2,1200
438.3,1200
438.4,1200
438.5,1200
438.6,1200
438.7,1200
438.8,1200
438.9,1200
439,1200
439.1,1200
439.2,1200
439.3,1200
439.4,1200
439.5,1200
439.6,1200
439.7,1200
439.8,1200
439.9,1200
440,1200
440.1,1200
440.2,1200
440.3,1200
440.4,1200
440.5,1200
440.6,1200
440.7,1200
440.8,1200
440.9,1200
441,1200
441.1,1200
441.2,1200
441.3,1200
441.4,1200
441.5,1200
441.6,1200
441.7,1200
441.8,1200
441.9,1200
442,1200
442.1,1200
442.2,1200
442.3,1200
442.4,1200
442.5,1200
442.6,1200
442.7,1200
442.8,1200
442.9,1200
443,1200
443.1,1200
443.2,1200
443.3,1200
443.4,1200
443.5,1200
443.6,1200
443.7,1200
443.8,1200
443.9,1200
444,1200
444.1,1200
444.2,1200
444.3,1200
444.4,1200
444.5,1200
444.6,1200
444.7,1200
444.8,1200
444.9,1200
445,1200
445.1,1200
445.2,1200
445.3,1200
445.4,1200
445.5,1200
445.6,1200
445.7,1200
445.8,1200
445.9,1200
446,1200
446.1,1200
446.2,1200
446.3,1200
446.4,1200
446.5,1200
446.6,1200
446.7,1200
446.8,1200
446.9,1200
447,1200
447.1,1200
447.2,1200
447.3,1200
447.4,1200
447.5,1200
447.6,1200
447.7,1200
447.8,1200
447.9,1200
448,1200
448.1,1200
448.2,1200
448.3,1200
448.4,1200
448.5,1200
448.6,1200
448.7,1200
448.8,1200
448.9,1200
449,1200
449.1,1200
449.2,1200
449.3,1200
449.4,1200
449.5,1200
449.6,1200
449.7,1200
449.8,1200
449.9,1200
450,1200
450.1,1200
450.2,1200
450.3,1200
450.4,1200
450.5,1200
450.6,1200
450.7,1200
450.8,1200
450.9,1200
451,1200
451.1,1200
451.2,1200
451.3,1200
451.4,1200
451.5,1200
451.6,1200
451.7,1200
451.8,1200
451.9,1200
452,1200
452.1,1200
452.2,1200
452.3,1200
452.4,1200
452.5,1200
452.6,1200
452.7,1200
452.8,1200
452.9,1200
453,1200
453.1,1200
453.2,1200
453.3,1200
453.4,1200
453.5,1200
453.6,1200
453.7,1200
453.8,1200
453.9,1200
454,1200
454.1,1200
454.2,1200
454.3,1200
454.4,1200
454.5,1200
454.6,1200
454.7,1200
454.8,1200
454.9,1200
455,1200
455.1,1200
455.2,1200
455.3,1200
455.4,1200
455.5,1200
455.6,1200
455.7,1200
455.8,1200
455.9,1200
456,1200
456.1,1200
456.2,1200
456.3,1200
456.4,1200
456.5,1200
456.6,1200
456.7,1200
456.8,1200
456.9,1200
457,1200
457.1,1200
457.2,1200
457.3,1200
457.4,1200
457.5,1200
457.6,1200
457.7,1200
457.8,1200
457.9,1200
458,1200
458.1,1200
458.2,1200
458.3,1200
458.4,1200
458.5,1200
458.6,1200
458.7,1200
458.8,1200
458.9,1200
459,1200
459.1,1200
459.2,1200
459.3,1200
459.4,1200
459.5,1200
459.6,1200
459.7,1200
459.8,1200
459.9,1200
460,1200
460.1,1200
460.2,1200
460.3,1200
460.4,1200
460.5,1200
460.6,1200
460.7,1200
460.8,1200
460.9,1200
461,1200
461.1,1200
461.2,1200
461.3,1200
461.4,1200
461.5,1200
461.6,1200
461.7,1200
461.8,1200
461.9,1200
462,1200
462.1,1200
462.2,1200
462.3,1200
462.4,1200
462.5,1200
462.6,1200
462.7,1200
462.8,1200
462.9,1200
463,1200
463.1,1200
463.2,1200
463.3,1200
463.4,1200
463.5,1200
463.6,1200
463.7,1200
463.8,1200
463.9,1200
464,1200
464.1,1200
464.2,1200
464.3,1200
464.4,1200
464.5,1200
464.6,1200
464.7,1200
464.8,1200
464.9,1200
465,1200
465.1,1200
465.2,1200
465.3,1200
465.4,1200
465.5,1200
465.6,1200
465.7,1200
465.8,1200
465.9,1200
466,1200
466.1,1200
466.2,1200
466.3,1200
466.4,1200
466.5,1200
466.6,1200
466.7,1200
466.8,1200
466.9,1200
467,1200
467.1,1200
467.2,1200
467.3,1200
467.4,1200
467.5,1200
467.6,1200
467.7,1200
467.8,1200
467.9,1200
468,1200
468.1,1200
468.2,1200
468.3,1200
468.4,1200
468.5,1200
468.6,1200
468.7,1200
468.8,1200
468.9,1200
469,1200
469.1,1200
469.2,1200
469.3,1200
469.4,1200
469.5,1200
469.6,1200
469.7,1200
469.8,1200
469.9,1200
470,1200
470.1,1200
470.2,1200
470.3,1200
470.4,1200
470.5,1200
470.6,1200
470.7,1200
470.8,1200
470.9,1200
471,1200
471.1,1200
471.2,1200
471.3,1200
471.4,1200
471.5,1200
471.6,1200
471.7,1200
471.8,1200
471.9,1200
472,1200
472.1,1200
472.2,1200
472.3,1200
472.4,1200
472.5,1200
472.6,1200
472.7,1200
472.8,1200
472.9,1200
473,1200
473.1,1200
473.2,1200
473.3,1200
473.4,1200
473.5,1200
473.6,1200
473.7,1200
473.8,1200
473.9,1200
474,1200
474.1,1200
474.2,1200
474.3,1200
474.4,1200
474.5,1200
474.6,1200
474.7,1200
474.8,1200
474.9,1200
475,1200
475.1,1200
475.2,1200
475.3,1200
475.4,1200
475.5,1200
475.6,1200
475.7,1200
475.8,1200
475.9,1200
476,1200
476.1,1200
476.2,1200
476.3,1200
476.4,1200
476.5,1200
476.6,1200
476.7,1200
476.8,1200
476.9,1200
477,1200
477.1,1200
477.2,1200
477.3,1200
477.4,1200
477.5,1200
477.6,1200
477.7,1200
477.8,1200
477.9,1200
478,1200
478.1,1200
478.2,1200
478.3,1200
478.4,1200
478.5,1200
478.6,1200
478.7,1200
478.8,1200
478.9,1200
479,1200
479.1,1200
479.2,1200
479.3,1200
479.4,1200
479.5,1200
479.6,1200
479.7,1200
479.8,1200
479.9,1200
480,1200
480.1,1200
480.2,1200
480.3,1200
480.4,1200
480.5,1200
480.6,1200
480.7,1200
480.8,1200
480.9,1200
481,1200
481.1,1200
481.2,1200
481.3,1200
481.4,1200
481.5,1200
481.6,1200
481.7,1200
481.8,1200
481.9,1200
482,1200
482.1,1200
482.2,1200
482.3,1200
482.4,1200
482.5,1200
482.6,1200
482.7,1200
482.8,1200
482.9,1200
483,1200
483.1,1200
483.2,1200
483.3,1200
483.4,1200
483.5,1200
483.6,1200
483.7,1200
483.8,1200
483.9,1200
484,1200
484.1,1200
484.2,1200
484.3,1200
484.4,1200
484.5,1200
484.6,1200
484.7,1200
484.8,1200
484.9,1200
485,1200
485.1,1200
485.2,1200
485.3,1200
485.4,1200
485.5,1200
485.6,1200
485.7,1200
485.8,1200
485.9,1200
486,1200
486.1,1200
486.2,1200
486.3,1200
486.4,1200
486.5,1200
486.6,1200
486.7,1200
486.8,1200
486.9,1200
487,1200
487.1,1200
487.2,1200
487.3,1200
487.4,1200
487.5,1200
487.6,1200
487.7,1200
487.8,1200
487.9,1200
488,1200
488.1,1200
488.2,1200
488.3,1200
488.4,1200
488.5,1200
488.6,1200
488.7,1200
488.8,1200
488.9,1200
489,1200
489.1,1200
489.2,1200
489.3,1200
489.4,1200
489.5,1200
489.6,1200
489.7,1200
489.8,1200
489.9,1200
490,1200
490.1,1200
490.2,1200
490.3,1200
490.4,1200
490.5,1200
490.6,1200
490.7,1200
490.8,1200
490.9,1200
491,1200
491.1,1200
491.2,1200
491.3,1200
491.4,1200
491.5,1200
491.6,1200
491.7,1200
491.8,1200
491.9,1200
492,1200
492.1,1200
492.2,1200
492.3,1200
492.4,1200
492.5,1200
492.6,1200
492.7,1200
492.8,1200
492.9,1200
493,1200
493.1,1200
493.2,1200
493.3,1200
493.4,1200
493.5,1200
493.6,1200
493.7,1200
493.8,1200
493.9,1200
494,1200
494.1,1200
494.2,1200
494.3,1200
494.4,1200
494.5,1200
494.6,1200
494.7,1200
494.8,1200
494.9,1200
495,1200
495.1,1200
495.2,1200
495.3,1200
495.4,1200
495.5,1200
495.6,1200
495.7,1200
495.8,1200
495.9,1200
496,1200
496.1,1200
496.2,1200
496.3,1200
496.4,1200
496.5,1200
496.6,1200
496.7,1200
496.8,1200
496.9,1200
497,1200
497.1,1200
497.2,1200
497.3,1200
497.4,1200
497.5,1200
497.6,1200
497.7,1200
497.8,1200
497.9,1200
498,1200
498.1,1200
498.2,1200
498.3,1200
498.4,1200
498.5,1200
498.6,1200
498.7,1200
498.8,1200
498.9,1200
499,1200
499.1,1200
499.2,1200
499.3,1200
499.4,1200
499.5,1200
499.6,1200
499.7,1200
499.8,1200
499.9,1200
500,1200
500.1,1200
500.2,1200
500.3,1200
500.4,1200
500.5,1200
500.6,1200
500.7,1200
500.8,1200
500.9,1200
501,1200
501.1,1200
501.2,1200
501.3,1200
501.4,1200
501.5,1200
501.6,1200
501.7,1200
501.8,1200
501.9,1200
502,1200
502.1,1200
502.2,1200
502.3,1200
502.4,1200
502.5,1200
502.6,1200
502.7,1200
502.8,1200
502.9,1200
503,1200
503.1,1200
503.2,1200
503.3,1200
503.4,1200
503.5,1200
503.6,1200
503.7,1200
503.8,1200
503.9,1200
504,1200
504.1,1200
504.2,1200
504.3,1200
504.4,1200
504.5,1200
504.6,1200
504.7,1200
504.8,1200
504.9,1200
505,1200
505.1,1200
505.2,1200
505.3,1200
505.4,1200
505.5,1200
505.6,1200
505.7,1200
505.8,1200
505.9,1200
506,1200
506.1,1200
506.2,1200
506.3,1200
506.4,1200
506.5,1200
506.6,1200
506.7,1200
506.8,1200
506.9,1200
507,1200
507.1,1200
507.2,1200
507.3,1200
507.4,1200
507.5,1200
507.6,1200
507.7,1200
507.8,1200
507.9,1200
508,1200
508.1,1200
508.2,1200
508.3,1200
508.4,1200
508.5,1200
508.6,1200
508.7,1200
508.8,1200
508.9,1200
509,1200
509.1,1200
509.2,1200
509.3,1200
509.4,1200
509.5,1200
509.6,1200
509.7,1200
509.8,1200
509.9,1200
510,1200
510.1,1200
510.2,1200
510.3,1200
510.4,1200
510.5,1200
510.6,1200
510.7,1200
510.8,1200
510.9,1200
511,1200
511.1,1200
511.2,1200
511.3,1200
511.4,1200
511.5,1200
511.6,1200
511.7,1200
511.8,1200
511.9,1200
512,1200
512.1,1200
512.2,1200
512.3,1200
512.4,1200
512.5,1200
512.6,1200
512.7,1200
512.8,1200
512.9,1200
513,1200
513.1,1200
513.2,1200
513.3,1200
513.4,1200
513.5,1200
513.6,1200
513.7,1200
513.8,1200
513.9,1200
514,1200
514.1,1200
514.2,1200
514.3,1200
514.4,1200
514.5,1200
514.6,1200
514.7,1200
514.8,1200
514.9,1200
515,1200
515.1,1200
515.2,1200
515.3,1200
515.4,1200
515.5,1200
515.6,1200
515.7,1200
515.8,1200
515.9,1200
516,1200
516.1,1200
516.2,1200
516.3,1200
516.4,1200
516.5,1200
516.6,1200
516.7,1200
516.8,1200
516.9,1200
517,1200
517.1,1200
517.2,1200
517.3,1200
517.4,1200
517.5,1200
517.6,1200
517.7,1200
517.8,1200
517.9,1200
518,1200
518.1,1200
518.2,1200
518.3,1200
518.4,1200
518.5,1200
518.6,1200
518.7,1200
518.8,1200
518.9,1200
519,1200
519.1,1200
519.2,1200
519.3,1200
519.4,1200
519.5,1200
519.6,1200
519.7,1200
519.8,1200
519.9,1200
520,1200
520.1,1200
520.2,1200
520.3,1200
520.4,1200
520.5,1200
520.6,1200
520.7,1200
520.8,1200
520.9,1200
521,1200
521.1,1200
521.2,1200
521.3,1200
521.4,1200
521.5,1200
521.6,1200
521.7,1200
521.8,1200
521.9,1200
522,1200
522.1,1200
522.2,1200
522.3,1200
522.4,1200
522.5,1200
522.6,1200
522.7,1200
522.8,1200
522.9,1200
523,1200
523.1,1200
523.2,1200
523.3,1200
523.4,1200
523.5,1200
523.6,1200
523.7,1200
523.8,1200
523.9,1200
524,1200
524.1,1200
524.2,1200
524.3,1200
524.4,1200
524.5,1200
524.6,1200
524.7,1200
524.8,1200
524.9,1200
525,1200
525.1,1200
525.2,1200
525.3,1200
525.4,1200
525.5,1200
525.6,1200
525.7,1200
525.8,1200
525.9,1200
526,1200
526.1,1200
526.2,1200
526.3,1200
526.4,1200
526.5,1200
526.6,1200
526.7,1200
526.8,1200
526.9,1200
527,1200
527.1,1200
527.2,1200
527.3,1200
527.4,1200
527.5,1200
527.6,1200
527.7,1200
527.8,1200
527.9,1200
528,1200
528.1,1200
528.2,1200
528.3,1200
528.4,1200
528.5,1200
528.6,1200
528.7,1200
528.8,1200
528.9,1200
529,1200
529.1,1200
529.2,1200
529.3,1200
529.4,1200
529.5,1200
529.6,1200
529.7,1200
529.8,1200
529.9,1200
530,1200
530.1,1200
530.2,1200
530.3,1200
530.4,1200
530.5,1200
530.6,1200
530.7,1200
530.8,1200
530.9,1200
531,1200
531.1,1200
531.2,1200
531.3,1200
531.4,1200
531.5,1200
531.6,1200
531.7,1200
531.8,1200
531.9,1200
532,1200
532.1,1200
532.2,1200
532.3,1200
532.4,1200
532.5,1200
532.6,1200
532.7,1200
532.8,1200
532.9,1200
533,1200
533.1,1200
533.2,1200
533.3,1200
533.4,1200
533.5,1200
533.6,1200
533.7,1200
533.8,1200
533.9,1200
534,1200
534.1,1200
534.2,1200
534.3,1200
534.4,1200
534.5,1200
534.6,1200
534.7,1200
534.8,1200
534.9,1200
535,1200
535.1,1200
535.2,1200
535.3,1200
535.4,1200
535.5,1200
535.6,1200
535.7,1200
535.8,1200
535.9,1200
536,1200
536.1,1200
536.2,1200
536.3,1200
536.4,1200
536.5,1200
536.6,1200
536.7,1200
536.8,1200
536.9,1200
537,1200
537.1,1200
537.2,1200
537.3,1200
537.4,1200
537.5,1200
537.6,1200
537.7,1200
537.8,1200
537.9,1200
538,1200
538.1,1200
538.2,1200
538.3,1200
538.4,1200
538.5,1200
538.6,1200
538.7,1200
538.8,1200
538.9,1200
539,1200
539.1,1200
539.2,1200
539.3,1200
539.4,1200
539.5,1200
539.6,1200
539.7,1200
539.8,1200
539.9,1200
540,1200
540.1,1200
540.2,1200
540.3,1200
540.4,1200
540.5,1200
540.6,1200
540.7,1200
540.8,1200
540.9,1200
541,1200
541.1,1200
541.2,1200
541.3,1200
541.4,1200
541.5,1200
541.6,1200
541.7,1200
541.8,1200
541.9,1200
542,1200
542.1,1200
542.2,1200
542.3,1200
542.4,1200
542.5,1200
542.6,1200
542.7,1200
542.8,1200
542.9,1200
543,1200
543.1,1200
543.2,1200
543.3,1200
543.4,1200
543.5,1200
543.6,1200
543.7,1200
543.8,1200
543.9,1200
544,1200
544.1,1200
544.2,1200
544.3,1200
544.4,1200
544.5,1200
544.6,1200
544.7,1200
544.8,1200
544.9,1200
545,1200
545.1,1200
545.2,1200
545.3,1200
545.4,1200
545.5,1200
545.6,1200
545.7,1200
545.8,1200
545.9,1200
546,1200
546.1,1200
546.2,1200
546.3,1200
546.4,1200
546.5,1200
546.6,1200
546.7,1200
546.8,1200
546.9,1200
547,1200
547.1,1200
547.2,1200
547.3,1200
547.4,1200
547.5,1200
547.6,1200
547.7,1200
547.8,1200
547.9,1200
548,1200
548.1,1200
548.2,1200
548.3,1200
548.4,1200
548.5,1200
548.6,1200
548.7,1200
548.8,1200
548.9,1200
549,1200
549.1,1200
549.2,1200
549.3,1200
549.4,1200
549.5,1200
549.6,1200
549.7,1200
549.8,1200
549.9,1200
550,1200
550.1,1200
550.2,1200
550.3,1200
550.4,1200
550.5,1200
550.6,1200
550.7,1200
550.8,1200
550.9,1200
551,1200
551.1,1200
551.2,1200
551.3,1200
551.4,1200
551.5,1200
551.6,1200
551.7,1200
551.8,1200
551.9,1200
552,1200
552.1,1200
552.2,1200
552.3,1200
552.4,1200
552.5,1200
552.6,1200
552.7,1200
552.8,1200
552.9,1200
553,1200
553.1,1200
553.2,1200
553.3,1200
553.4,1200
553.5,1200
553.6,1200
553.7,1200
553.8,1200
553.9,1200
554,1200
554.1,1200
554.2,1200
554.3,1200
554.4,1200
554.5,1200
554.6,1200
554.7,1200
554.8,1200
554.9,1200
555,1200
555.1,1200
555.2,1200
555.3,1200
555.4,1200
555.5,1200
555.6,1200
555.7,1200
555.8,1200
555.9,1200
556,1200
556.1,1200
556.2,1200
556.3,1200
556.4,1200
556.5,1200
556.6,1200
556.7,1200
556.8,1200
556.9,1200
557,1200
557.1,1200
557.2,1200
557.3,1200
557.4,1200
557.5,1200
557.6,1200
557.7,1200
557.8,1200
557.9,1200
558,1200
558.1,1200
558.2,1200
558.3,1200
558.4,1200
558.5,1200
558.6,1200
558.7,1200
558.8,1200
558.9,1200
559,1200
559.1,1200
559.2,1200
559.3,1200
559.4,1200
559.5,1200
559.6,1200
559.7,1200
559.8,1200
559.9,1200
560,1200
560.1,1200
560.2,1200
560.3,1200
560.4,1200
560.5,1200
560.6,1200
560.7,1200
560.8,1200
560.9,1200
561,1200
561.1,1200
561.2,1200
561.3,1200
561.4,1200
561.5,1200
561.6,1200
561.7,1200
561.8,1200
561.9,1200
562,1200
562.1,1200
562.2,1200
562.3,1200
562.4,1200
562.5,1200
562.6,1200
562.7,1200
562.8,1200
562.9,1200
563,1200
563.1,1200
563.2,1200
563.3,1200
563.4,1200
563.5,1200
563.6,1200
563.7,1200
563.8,1200
563.9,1200
564,1200
564.1,1200
564.2,1200
564.3,1200
564.4,1200
564.5,1200
564.6,1200
564.7,1200
564.8,1200
564.9,1200
565,1200
565.1,1200
565.2,1200
565.3,1200
565.4,1200
565.5,1200
565.6,1200
565.7,1200
565.8,1200
565.9,1200
566,1200
566.1,1200
566.2,1200
566.3,1200
566.4,1200
566.5,1200
566.6,1200
566.7,1200
566.8,1200
566.9,1200
567,1200
567.1,1200
567.2,1200
567.3,1200
567.4,1200
567.5,1200
567.6,1200
567.7,1200
567.8,1200
567.9,1200
568,1200
568.1,1200
568.2,1200
568.3,1200
568.4,1200
568.5,1200
568.6,1200
568.7,1200
568.8,1200
568.9,1200
569,1200
569.1,1200
569.2,1200
569.3,1200
569.4,1200
569.5,1200
569.6,1200
569.7,1200
569.8,1200
569.9,1200
570,1200
570.1,1200
570.2,1200
570.3,1200
570.4,1200
570.5,1200
570.6,1200
570.7,1200
570.8,1200
570.9,1200
571,1200
571.1,1200
571.2,1200
571.3,1200
571.4,1200
571.5,1200
571.6,1200
571.7,1200
571.8,1200
571.9,1200
572,1200
572.1,1200
572.2,1200
572.3,1200
572.4,1200
572.5,1200
572.6,1200
572.7,1200
572.8,1200
572.9,1200
573,1200
573.1,1200
573.2,1200
573.3,1200
573.4,1200
573.5,1200
573.6,1200
573.7,1200
573.8,1200
573.9,1200
574,1200
574.1,1200
574.2,1200
574.3,1200
574.4,1200
574.5,1200
574.6,1200
574.7,1200
574.8,1200
574.9,1200
575,1200
575.1,1200
575.2,1200
575.3,1200
575.4,1200
575.5,1200
575.6,1200
575.7,1200
575.8,1200
575.9,1200
576,1200
576.1,1200
576.2,1200
576.3,1200
576.4,1200
576.5,1200
576.6,1200
576.7,1200
576.8,1200
576.9,1200
577,1200
577.1,1200
577.2,1200
577.3,1200
577.4,1200
577.5,1200
577.6,1200
577.7,1200
577.8,1200
577.9,1200
578,1200
578.1,1200
578.2,1200
578.3,1200
578.4,1200
578.5,1200
578.6,1200
578.7,1200
578.8,1200
578.9,1200
579,1200
579.1,1200
579.2,1200
579.3,1200
579.4,1200
579.5,1200
579.6,1200
579.7,1200
579.8,1200
579.9,1200
580,1200
580.1,1200
580.2,1200
580.3,1200
580.4,1200
580.5,1200
580.6,1200
580.7,1200
580.8,1200
580.9,1200
581,1200
581.1,1200
581.2,1200
581.3,1200
581.4,1200
581.5,1200
581.6,1200
581.7,1200
581.8,1200
581.9,1200
582,1200
582.1,1200
582.2,1200
582.3,1200
582.4,1200
582.5,1200
582.6,1200
582.7,1200
582.8,1200
582.9,1200
583,1200
583.1,1200
583.2,1200
583.3,1200
583.4,1200
583.5,1200
583.6,1200
583.7,1200
583.8,1200
583.9,1200
584,1200
584.1,1200
584.2,1200
584.3,1200
584.4,1200
584.5,1200
584.6,1200
584.7,1200
584.8,1200
584.9,1200
585,1200
585.1,1200
585.2,1200
585.3,1200
585.4,1200
585.5,1200
585.6,1200
585.7,1200
585.8,1200
585.9,1200
586,1200
586.1,1200
586.2,1200
586.3,1200
586.4,1200
586.5,1200
586.6,1200
586.7,1200
586.8,1200
586.9,1200
587,1200
587.1,1200
587.2,1200
587.3,1200
587.4,1200
587.5,1200
587.6,1200
587.7,1200
587.8,1200
587.9,1200
588,1200
588.1,1200
588.2,1200
588.3,1200
588.4,1200
588.5,1200
588.6,1200
588.7,1200
588.8,1200
588.9,1200
589,1200
589.1,1200
589.2,1200
589.3,1200
589.4,1200
589.5,1200
589.6,1200
589.7,1200
589.8,1200
589.9,1200
590,1200
590.1,1200
590.2,1200
590.3,1200
590.4,1200
590.5,1200
590.6,1200
590.7,1200
590.8,1200
590.9,1200
591,1200
591.1,1200
591.2,1200
591.3,1200
591.4,1200
591.5,1200
591.6,1200
591.7,1200
591.8,1200
591.9,1200
592,1200
592.1,1200
592.2,1200
592.3,1200
592.4,1200
592.5,1200
592.6,1200
592.7,1200
592.8,1200
592.9,1200
593,1200
593.1,1200
593.2,1200
593.3,1200
593.4,1200
593.5,1200
593.6,1200
593.7,1200
593.8,1200
593.9,1200
594,1200
594.1,1200
594.2,1200
594.3,1200
594.4,1200
594.5,1200
594.6,1200
594.7,1200
594.8,1200
594.9,1200
595,1200
595.1,1200
595.2,1200
595.3,1200
595.4,1200
595.5,1200
595.6,1200
595.7,1200
595.8,1200
595.9,1200
596,1200
596.1,1200
596.2,1200
596.3,1200
596.4,1200
596.5,1200
596.6,1200
596.7,1200
596.8,1200
596.9,1200
597,1200
597.1,1200
597.2,1200
597.3,1200
597.4,1200
597.5,1200
597.6,1200
597.7,1200
597.8,1200
597.9,1200
598,1200
598.1,1200
598.2,1200
598.3,1200
598.4,1200
598.5,1200
598.6,1200
598.7,1200
598.8,1200
598.9,1200
599,1200
599.1,1200
599.2,1200
599.3,1200
599.4,1200
599.5,1200
599.6,1200
599.7,1200
599.8,1200
599.9,1200
600,1200
600.1,1200
600.2,1200
600.3,1200
600.4,1200
600.5,1200
600.6,1200
600.7,1200
600.8,1200
600.9,1200
601,1200
601.1,1200
601.2,1200
601.3,1200
601.4,1200
601.5,1200
601.6,1200
601.7,1200
601.8,1200
601.9,1200
602,1200
602.1,1200
602.2,1200
602.3,1200
602.4,1200
602.5,1200
602.6,1200
602.7,1200
602.8,1200
602.9,1200
603,1200
603.1,1200
603.2,1200
603.3,1200
603.4,1200
603.5,1200
603.6,1200
603.7,1200
603.8,1200
603.9,1200
604,1200
604.1,1200
604.2,1200
604.3,1200
604.4,1200
604.5,1200
604.6,1200
604.7,1200
604.8,1200
604.9,1200
605,1200
605.1,1200
605.2,1200
605.3,1200
605.4,1200
605.5,1200
605.6,1200
605.7,1200
605.8,1200
605.9,1200
606,1200
606.1,1200
606.2,1200
606.3,1200
606.4,1200
606.5,1200
606.6,1200
606.7,1200
606.8,1200
606.9,1200
607,1200
607.1,1200
607.2,1200
607.3,1200
607.4,1200
607.5,1200
607.6,1200
607.7,1200
607.8,1200
607.9,1200
608,1200
608.1,1200
608.2,1200
608.3,1200
608.4,1200
608.5,1200
608.6,1200
608.7,1200
608.8,1200
608.9,1200
609,1200
609.1,1200
609.2,1200
609.3,1200
609.4,1200
609.5,1200
609.6,1200
609.7,1200
609.8,1200
609.9,1200
610,1200
610.1,1200
610.2,1200
610.3,1200
610.4,1200
610.5,1200
610.6,1200
610.7,1200
610.8,1200
610.9,1200
611,1200
611.1,1200
611.2,1200
611.3,1200
611.4,1200
611.5,1200
611.6,1200
611.7,1200
611.8,1200
611.9,1200
612,1200
612.1,1200
612.2,1200
612.3,1200
612.4,1200
612.5,1200
612.6,1200
612.7,1200
612.8,1200
612.9,1200
613,1200
613.1,1200
613.2,1200
613.3,1200
613.4,1200
613.5,1200
613.6,1200
613.7,1200
613.8,1200
613.9,1200
614,1200
614.1,1200
614.2,1200
614.3,1200
614.4,1200
614.5,1200
614.6,1200
614.7,1200
614.8,1200
614.9,1200
615,1200
615.1,1200
615.2,1200
615.3,1200
615.4,1200
615.5,1200
615.6,1200
615.7,1200
615.8,1200
615.9,1200
616,1200
616.1,1200
616.2,1200
616.3,1200
616.4,1200
616.5,1200
616.6,1200
616.7,1200
616.8,1200
616.9,1200
617,1200
617.1,1200
617.2,1200
617.3,1200
617.4,1200
617.5,1200
617.6,1200
617.7,1200
617.8,1200
617.9,1200
618,1200
618.1,1200
618.2,1200
618.3,1200
618.4,1200
618.5,1200
618.6,1200
618.7,1200
618.8,1200
618.9,1200
619,1200
619.1,1200
619.2,1200
619.3,1200
619.4,1200
619.5,1200
619.6,1200
619.7,1200
619.8,1200
619.9,1200
620,1200
620.1,1200
620.2,1200
620.3,1200
620.4,1200
620.5,1200
620.6,1200
620.7,1200
620.8,1200
620.9,1200
621,1200
621.1,1200
621.2,1200
621.3,1200
621.4,1200
621.5,1200
621.6,1200
621.7,1200
621.8,1200
621.9,1200
622,1200
622.1,1200
622.2,1200
622.3,1200
622.4,1200
622.5,1200
622.6,1200
622.7,1200
622.8,1200
622.9,1200
623,1200
623.1,1200
623.2,1200
623.3,1200
623.4,1200
623.5,1200
623.6,1200
623.7,1200
623.8,1200
623.9,1200
624,1200
624.1,1200
624.2,1200
624.3,1200
624.4,1200
624.5,1200
624.6,1200
624.7,1200
624.8,1200
624.9,1200
625,1200
625.1,1200
625.2,1200
625.3,1200
625.4,1200
625.5,1200
625.6,1200
625.7,1200
625.8,1200
625.9,1200
626,1200
626.1,1200
626.2,1200
626.3,1200
626.4,1200
626.5,1200
626.6,1200
626.7,1200
626.8,1200
626.9,1200
627,1200
627.1,1200
627.2,1200
627.3,1200
627.4,1200
627.5,1200
627.6,1200
627.7,1200
627.8,1200
627.9,1200
628,1200
628.1,1200
628.2,1200
628.3,1200
628.4,1200
628.5,1200
628.6,1200
628.7,1200
628.8,1200
628.9,1200
629,1200
629.1,1200
629.2,1200
629.3,1200
629.4,1200
629.5,1200
629.6,1200
629.7,1200
629.8,1200
629.9,1200
630,1200
630.1,1200
630.2,1200
630.3,1200
630.4,1200
630.5,1200
630.6,1200
630.7,1200
630.8,1200
630.9,1200
631,1200
631.1,1200
631.2,1200
631.3,1200
631.4,1200
631.5,1200
631.6,1200
631.7,1200
631.8,1200
631.9,1200
632,1200
632.1,1200
632.2,1200
632.3,1200
632.4,1200
632.5,1200
632.6,1200
632.7,1200
632.8,1200
632.9,1200
633,1200
633.1,1200
633.2,1200
633.3,1200
633.4,1200
633.5,1200
633.6,1200
633.7,1200
633.8,1200
633.9,1200
634,1200
634.1,1200
634.2,1200
634.3,1200
634.4,1200
634.5,1200
634.6,1200
634.7,1200
634.8,1200
634.9,1200
635,1200
635.1,1200
635.2,1200
635.3,1200
635.4,1200
635.5,1200
635.6,1200
635.7,1200
635.8,1200
635.9,1200
636,1200
636.1,1200
636.2,1200
636.3,1200
636.4,1200
636.5,1200
636.6,1200
636.7,1200
636.8,1200
636.9,1200
637,1200
637.1,1200
637.2,1200
637.3,1200
637.4,1200
637.5,1200
637.6,1200
637.7,1200
637.8,1200
637.9,1200
638,1200
638.1,1200
638.2,1200
638.3,1200
638.4,1200
638.5,1200
638.6,1200
638.7,1200
638.8,1200
638.9,1200
639,1200
639.1,1200
639.2,1200
639.3,1200
639.4,1200
639.5,1200
639.6,1200
639.7,1200
639.8,1200
639.9,1200
640,1200
640.1,1200
640.2,1200
640.3,1200
640.4,1200
640.5,1200
640.6,1200
640.7,1200
640.8,1200
640.9,1200
641,1200
641.1,1200
641.2,1200
641.3,1200
641.4,1200
641.5,1200
641.6,1200
641.7,1200
641.8,1200
641.9,1200
642,1200
642.1,1200
642.2,1200
642.3,1200
642.4,1200
642.5,1200
642.6,1200
642.7,1200
642.8,1200
642.9,1200
643,1200
643.1,1200
643.2,1200
643.3,1200
643.4,1200
643.5,1200
643.6,1200
643.7,1200
643.8,1200
643.9,1200
644,1200
644.1,1200
644.2,1200
644.3,1200
644.4,1200
644.5,1200
644.6,1200
644.7,1200
644.8,1200
644.9,1200
645,1200
645.1,1200
645.2,1200
645.3,1200
645.4,1200
645.5,1200
645.6,1200
645.7,1200
645.8,1200
645.9,1200
646,1200
646.1,1200
646.2,1200
646.3,1200
646.4,1200
646.5,1200
646.6,1200
646.7,1200
646.8,1200
646.9,1200
647,1200
647.1,1200
647.2,1200
647.3,1200
647.4,1200
647.5,1200
647.6,1200
647.7,1200
647.8,1200
647.9,1200
648,1200
648.1,1200
648.2,1200
648.3,1200
648.4,1200
648.5,1200
648.6,1200
648.7,1200
648.8,1200
648.9,1200
649,1200
649.1,1200
649.2,1200
649.3,1200
649.4,1200
649.5,1200
649.6,1200
649.7,1200
649.8,1200
649.9,1200
650,1200
650.1,1200
650.2,1200
650.3,1200
650.4,1200
650.5,1200
650.6,1200
650.7,1200
650.8,1200
650.9,1200
651,1200
651.1,1200
651.2,1200
651.3,1200
651.4,1200
651.5,1200
651.6,1200
651.7,1200
651.8,1200
651.9,1200
652,1200
652.1,1200
652.2,1200
652.3,1200
652.4,1200
652.5,1200
652.6,1200
652.7,1200
652.8,1200
652.9,1200
653,1200
653.1,1200
653.2,1200
653.3,1200
653.4,1200
653.5,1200
653.6,1200
653.7,1200
653.8,1200
653.9,1200
654,1200
654.1,1200
654.2,1200
654.3,1200
654.4,1200
654.5,1200
654.6,1200
654.7,1200
654.8,1200
654.9,1200
655,1200
655.1,1200
655.2,1200
655.3,1200
655.4,1200
655.5,1200
655.6,1200
655.7,1200
655.8,1200
655.9,1200
656,1200
656.1,1200
656.2,1200
656.3,1200
656.4,1200
656.5,1200
656.6,1200
656.7,1200
656.8,1200
656.9,1200
657,1200
657.1,1200
657.2,1200
657.3,1200
657.4,1200
657.5,1200
657.6,1200
657.7,1200
657.8,1200
657.9,1200
658,1200
658.1,1200
658.2,1200
658.3,1200
658.4,1200
658.5,1200
658.6,1200
658.7,1200
658.8,1200
658.9,1200
659,1200
659.1,1200
659.2,1200
659.3,1200
659.4,1200
659.5,1200
659.6,1200
659.7,1200
659.8,1200
659.9,1200
660,1200
660.1,1200
660.2,1200
660.3,1200
660.4,1200
660.5,1200
660.6,1200
660.7,1200
660.8,1200
660.9,1200
661,1200
661.1,1200
661.2,1200
661.3,1200
661.4,1200
661.5,1200
661.6,1200
661.7,1200
661.8,1200
661.9,1200
662,1200
662.1,1200
662.2,1200
662.3,1200
662.4,1200
662.5,1200
662.6,1200
662.7,1200
662.8,1200
662.9,1200
663,1200
663.1,1200
663.2,1200
663.3,1200
663.4,1200
663.5,1200
663.6,1200
663.7,1200
663.8,1200
663.9,1200
664,1200
664.1,1200
664.2,1200
664.3,1200
664.4,1200
664.5,1200
664.6,1200
664.7,1200
664.8,1200
664.9,1200
665,1200
665.1,1200
665.2,1200
665.3,1200
665.4,1200
665.5,1200
665.6,1200
665.7,1200
665.8,1200
665.9,1200
666,1200
666.1,1200
666.2,1200
666.3,1200
666.4,1200
666.5,1200
666.6,1200
666.7,1200
666.8,1200
666.9,1200
667,1200
667.1,1200
667.2,1200
667.3,1200
667.4,1200
667.5,1200
667.6,1200
667.7,1200
667.8,1200
667.9,1200
668,1200
668.1,1200
668.2,1200
668.3,1200
668.4,1200
668.5,1200
668.6,1200
668.7,1200
668.8,1200
668.9,1200
669,1200
669.1,1200
669.2,1200
669.3,1200
669.4,1200
669.5,1200
669.6,1200
669.7,1200
669.8,1200
669.9,1200
670,1200
670.1,1200
670.2,1200
670.3,1200
670.4,1200
670.5,1200
670.6,1200
670.7,1200
670.8,1200
670.9,1200
671,1200
671.1,1200
671.2,1200
671.3,1200
671.4,1200
671.5,1200
671.6,1200
671.7,1200
671.8,1200
671.9,1200
672,1200
672.1,1200
672.2,1200
672.3,1200
672.4,1200
672.5,1200
672.6,1200
672.7,1200
672.8,1200
672.9,1200
673,1200
673.1,1200
673.2,1200
673.3,1200
673.4,1200
673.5,1200
673.6,1200
673.7,1200
673.8,1200
673.9,1200
674,1200
674.1,1200
674.2,1200
674.3,1200
674.4,1200
674.5,1200
674.6,1200
674.7,1200
674.8,1200
674.9,1200
675,1200
675.1,1200
675.2,1200
675.3,1200
675.4,1200
675.5,1200
675.6,1200
675.7,1200
675.8,1200
675.9,1200
676,1200
676.1,1200
676.2,1200
676.3,1200
676.4,1200
676.5,1200
676.6,1200
676.7,1200
676.8,1200
676.9,1200
677,1200
677.1,1200
677.2,1200
677.3,1200
677.4,1200
677.5,1200
677.6,1200
677.7,1200
677.8,1200
677.9,1200
678,1200
678.1,1200
678.2,1200
678.3,1200
678.4,1200
678.5,1200
678.6,1200
678.7,1200
678.8,1200
678.9,1200
679,1200
679.1,1200
679.2,1200
679.3,1200
679.4,1200
679.5,1200
679.6,1200
679.7,1200
679.8,1200
679.9,1200
680,1200
680.1,1200
680.2,1200
680.3,1200
680.4,1200
680.5,1200
680.6,1200
680.7,1200
680.8,1200
680.9,1200
681,1200
681.1,1200
681.2,1200
681.3,1200
681.4,1200
681.5,1200
681.6,1200
681.7,1200
681.8,1200
681.9,1200
682,1200
682.1,1200
682.2,1200
682.3,1200
682.4,1200
682.5,1200
682.6,1200
682.7,1200
682.8,1200
682.9,1200
683,1200
683.1,1200
683.2,1200
683.3,1200
683.4,1200
683.5,1200
683.6,1200
683.7,1200
683.8,1200
683.9,1200
684,1200
684.1,1200
684.2,1200
684.3,1200
684.4,1200
684.5,1200
684.6,1200
684.7,1200
684.8,1200
684.9,1200
685,1200
685.1,1200
685.2,1200
685.3,1200
685.4,1200
685.5,1200
685.6,1200
685.7,1200
685.8,1200
685.9,1200
686,1200
686.1,1200
686.2,1200
686.3,1200
686.4,1200
686.5,1200
686.6,1200
686.7,1200
686.8,1200
686.9,1200
687,1200
687.1,1200
687.2,1200
687.3,1200
687.4,1200
687.5,1200
687.6,1200
687.7,1200
687.8,1200
687.9,1200
688,1200
688.1,1200
688.2,1200
688.3,1200
688.4,1200
688.5,1200
688.6,1200
688.7,1200
688.8,1200
688.9,1200
689,1200
689.1,1200
689.2,1200
689.3,1200
689.4,1200
689.5,1200
689.6,1200
689.7,1200
689.8,1200
689.9,1200
690,1200
690.1,1200
690.2,1200
690.3,1200
690.4,1200
690.5,1200
690.6,1200
690.7,1200
690.8,1200
690.9,1200
691,1200
691.1,1200
691.2,1200
691.3,1200
691.4,1200
691.5,1200
691.6,1200
691.7,1200
691.8,1200
691.9,1200
692,1200
692.1,1200
692.2,1200
692.3,1200
692.4,1200
692.5,1200
692.6,1200
692.7,1200
692.8,1200
692.9,1200
693,1200
693.1,1200
693.2,1200
693.3,1200
693.4,1200
693.5,1200
693.6,1200
693.7,1200
693.8,1200
693.9,1200
694,1200
694.1,1200
694.2,1200
694.3,1200
694.4,1200
694.5,1200
694.6,1200
694.7,1200
694.8,1200
694.9,1200
695,1200
695.1,1200
695.2,1200
695.3,1200
695.4,1200
695.5,1200
695.6,1200
695.7,1200
695.8,1200
695.9,1200
696,1200
696.1,1200
696.2,1200
696.3,1200
696.4,1200
696.5,1200
696.6,1200
696.7,1200
696.8,1200
696.9,1200
697,1200
697.1,1200
697.2,1200
697.3,1200
697.4,1200
697.5,1200
697.6,1200
697.7,1200
697.8,1200
697.9,1200
698,1200
698.1,1200
698.2,1200
698.3,1200
698.4,1200
698.5,1200
698.6,1200
698.7,1200
698.8,1200
698.9,1200
699,1200
699.1,1200
699.2,1200
699.3,1200
699.4,1200
699.5,1200
699.6,1200
699.7,1200
699.8,1200
699.9,1200
700,1200
700.1,1200
700.2,1200
700.3,1200
700.4,1200
700.5,1200
700.6,1200
700.7,1200
700.8,1200
700.9,1200
701,1200
701.1,1200
701.2,1200
701.3,1200
701.4,1200
701.5,1200
701.6,1200
701.7,1200
701.8,1200
701.9,1200
702,1200
702.1,1200
702.2,1200
702.3,1200
702.4,1200
702.5,1200
702.6,1200
702.7,1200
702.8,1200
702.9,1200
703,1200
703.1,1200
703.2,1200
703.3,1200
703.4,1200
703.5,1200
703.6,1200
703.7,1200
703.8,1200
703.9,1200
704,1200
704.1,1200
704.2,1200
704.3,1200
704.4,1200
704.5,1200
704.6,1200
704.7,1200
704.8,1200
704.9,1200
705,1200
705.1,1200
705.2,1200
705.3,1200
705.4,1200
705.5,1200
705.6,1200
705.7,1200
705.8,1200
705.9,1200
706,1200
706.1,1200
706.2,1200
706.3,1200
706.4,1200
706.5,1200
706.6,1200
706.7,1200
706.8,1200
706.9,1200
707,1200
707.1,1200
707.2,1200
707.3,1200
707.4,1200
707.5,1200
707.6,1200
707.7,1200
707.8,1200
707.9,1200
708,1200
708.1,1200
708.2,1200
708.3,1200
708.4,1200
708.5,1200
708.6,1200
708.7,1200
708.8,1200
708.9,1200
709,1200
709.1,1200
709.2,1200
709.3,1200
709.4,1200
709.5,1200
709.6,1200
709.7,1200
709.8,1200
709.9,1200
710,1200
710.1,1200
710.2,1200
710.3,1200
710.4,1200
710.5,1200
710.6,1200
710.7,1200
710.8,1200
710.9,1200
711,1200
711.1,1200
711.2,1200
711.3,1200
711.4,1200
711.5,1200
711.6,1200
711.7,1200
711.8,1200
711.9,1200
712,1200
712.1,1200
712.2,1200
712.3,1200
712.4,1200
712.5,1200
712.6,1200
712.7,1200
712.8,1200
712.9,1200
713,1200
713.1,1200
713.2,1200
713.3,1200
713.4,1200
713.5,1200
713.6,1200
713.7,1200
713.8,1200
713.9,1200
714,1200
714.1,1200
714.2,1200
714.3,1200
714.4,1200
714.5,1200
714.6,1200
714.7,1200
714.8,1200
714.9,1200
715,1200
715.1,1200
715.2,1200
715.3,1200
715.4,1200
715.5,1200
715.6,1200
715.7,1200
715.8,1200
715.9,1200
716,1200
716.1,1200
716.2,1200
716.3,1200
716.4,1200
716.5,1200
716.6,1200
716.7,1200
716.8,1200
716.9,1200
717,1200
717.1,1200
717.2,1200
717.3,1200
717.4,1200
717.5,1200
717.6,1200
717.7,1200
717.8,1200
717.9,1200
718,1200
718.1,1200
718.2,1200
718.3,1200
718.4,1200
718.5,1200
718.6,1200
718.7,1200
718.8,1200
718.9,1200
719,1200
719.1,1200
719.2,1200
719.3,1200
719.4,1200
719.5,1200
719.6,1200
719.7,1200
719.8,1200
719.9,1200
720,1200
720.1,1200
720.2,1200
720.3,1200
720.4,1200
720.5,1200
720.6,1200
720.7,1200
720.8,1200
720.9,1200
721,1200
721.1,1200
721.2,1200
721.3,1200
721.4,1200
721.5,1200
721.6,1200
721.7,1200
721.8,1200
721.9,1200
722,1200
722.1,1200
722.2,1200
722.3,1200
722.4,1200
722.5,1200
722.6,1200
722.7,1200
722.8,1200
722.9,1200
723,1200
723.1,1200
723.2,1200
723.3,1200
723.4,1200
723.5,1200
723.6,1200
723.7,1200
723.8,1200
723.9,1200
724,1200
724.1,1200
724.2,1200
724.3,1200
724.4,1200
724.5,1200
724.6,1200
724.7,1200
724.8,1200
724.9,1200
725,1200
725.1,1200
725.2,1200
725.3,1200
725.4,1200
725.5,1200
725.6,1200
725.7,1200
725.8,1200
725.9,1200
726,1200
726.1,1200
726.2,1200
726.3,1200
726.4,1200
726.5,1200
726.6,1200
726.7,1200
726.8,1200
726.9,1200
727,1200
727.1,1200
727.2,1200
727.3,1200
727.4,1200
727.5,1200
727.6,1200
727.7,1200
727.8,1200
727.9,1200
728,1200
728.1,1200
728.2,1200
728.3,1200
728.4,1200
728.5,1200
728.6,1200
728.7,1200
728.8,1200
728.9,1200
729,1200
729.1,1200
729.2,1200
729.3,1200
729.4,1200
729.5,1200
729.6,1200
729.7,1200
729.8,1200
729.9,1200
730,1200
730.1,1200
730.2,1200
730.3,1200
730.4,1200
730.5,1200
730.6,1200
730.7,1200
730.8,1200
730.9,1200
731,1200
731.1,1200
731.2,1200
731.3,1200
731.4,1200
731.5,1200
731.6,1200
731.7,1200
731.8,1200
731.9,1200
732,1200
732.1,1200
732.2,1200
732.3,1200
732.4,1200
732.5,1200
732.6,1200
732.7,1200
732.8,1200
732.9,1200
733,1200
733.1,1200
733.2,1200
733.3,1200
733.4,1200
733.5,1200
733.6,1200
733.7,1200
733.8,1200
733.9,1200
734,1200
734.1,1200
734.2,1200
734.3,1200
734.4,1200
734.5,1200
734.6,1200
734.7,1200
734.8,1200
734.9,1200
735,1200
735.1,1200
735.2,1200
735.3,1200
735.4,1200
735.5,1200
735.6,1200
735.7,1200
735.8,1200
735.9,1200
736,1200
736.1,1200
736.2,1200
736.3,1200
736.4,1200
736.5,1200
736.6,1200
736.7,1200
736.8,1200
736.9,1200
737,1200
737.1,1200
737.2,1200
737.3,1200
737.4,1200
737.5,1200
737.6,1200
737.7,1200
737.8,1200
737.9,1200
738,1200
738.1,1200
738.2,1200
738.3,1200
738.4,1200
738.5,1200
738.6,1200
738.7,1200
738.8,1200
738.9,1200
739,1200
739.1,1200
739.2,1200
739.3,1200
739.4,1200
739.5,1200
739.6,1200
739.7,1200
739.8,1200
739.9,1200
740,1200
740.1,1200
740.2,1200
740.3,1200
740.4,1200
740.5,1200
740.6,1200
740.7,1200
740.8,1200
740.9,1200
741,1200
741.1,1200
741.2,1200
741.3,1200
741.4,1200
741.5,1200
741.6,1200
741.7,1200
741.8,1200
741.9,1200
742,1200
742.1,1200
742.2,1200
742.3,1200
742.4,1200
742.5,1200
742.6,1200
742.7,1200
742.8,1200
742.9,1200
743,1200
743.1,1200
743.2,1200
743.3,1200
743.4,1200
743.5,1200
743.6,1200
743.7,1200
743.8,1200
743.9,1200
744,1200
744.1,1200
744.2,1200
744.3,1200
744.4,1200
744.5,1200
744.6,1200
744.7,1200
744.8,1200
744.9,1200
745,1200
745.1,1200
745.2,1200
745.3,1200
745.4,1200
745.5,1200
745.6,1200
745.7,1200
745.8,1200
745.9,1200
746,1200
746.1,1200
746.2,1200
746.3,1200
746.4,1200
746.5,1200
746.6,1200
746.7,1200
746.8,1200
746.9,1200
747,1200
747.1,1200
747.2,1200
747.3,1200
747.4,1200
747.5,1200
747.6,1200
747.7,1200
747.8,1200
747.9,1200
748,1200
748.1,1200
748.2,1200
748.3,1200
748.4,1200
748.5,1200
748.6,1200
748.7,1200
748.8,1200
748.9,1200
749,1200
749.1,1200
749.2,1200
749.3,1200
749.4,1200
749.5,1200
749.6,1200
749.7,1200
749.8,1200
749.9,1200
750,1200
750.1,1200
750.2,1200
750.3,1200
750.4,1200
750.5,1200
750.6,1200
750.7,1200
750.8,1200
750.9,1200
751,1200
751.1,1200
751.2,1200
751.3,1200
751.4,1200
751.5,1200
751.6,1200
751.7,1200
751.8,1200
751.9,1200
752,1200
752.1,1200
752.2,1200
752.3,1200
752.4,1200
752.5,1200
752.6,1200
752.7,1200
752.8,1200
752.9,1200
753,1200
753.1,1200
753.2,1200
753.3,1200
753.4,1200
753.5,1200
753.6,1200
753.7,1200
753.8,1200
753.9,1200
754,1200
754.1,1200
754.2,1200
754.3,1200
754.4,1200
754.5,1200
754.6,1200
754.7,1200
754.8,1200
754.9,1200
755,1200
755.1,1200
755.2,1200
755.3,1200
755.4,1200
755.5,1200
755.6,1200
755.7,1200
755.8,1200
755.9,1200
756,1200
756.1,1200
756.2,1200
756.3,1200
756.4,1200
756.5,1200
756.6,1200
756.7,1200
756.8,1200
756.9,1200
757,1200
757.1,1200
757.2,1200
757.3,1200
757.4,1200
757.5,1200
757.6,1200
757.7,1200
757.8,1200
757.9,1200
758,1200
758.1,1200
758.2,1200
758.3,1200
758.4,1200
758.5,1200
758.6,1200
758.7,1200
758.8,1200
758.9,1200
759,1200
759.1,1200
759.2,1200
759.3,1200
759.4,1200
759.5,1200
759.6,1200
759.7,1200
759.8,1200
759.9,1200
760,1200
760.1,1200
760.2,1200
760.3,1200
760.4,1200
760.5,1200
760.6,1200
760.7,1200
760.8,1200
760.9,1200
761,1200
761.1,1200
761.2,1200
761.3,1200
761.4,1200
761.5,1200
761.6,1200
761.7,1200
761.8,1200
761.9,1200
762,1200
762.1,1200
762.2,1200
762.3,1200
762.4,1200
762.5,1200
762.6,1200
762.7,1200
762.8,1200
762.9,1200
763,1200
763.1,1200
763.2,1200
763.3,1200
763.4,1200
763.5,1200
763.6,1200
763.7,1200
763.8,1200
763.9,1200
764,1200
764.1,1200
764.2,1200
764.3,1200
764.4,1200
764.5,1200
764.6,1200
764.7,1200
764.8,1200
764.9,1200
765,1200
765.1,1200
765.2,1200
765.3,1200
765.4,1200
765.5,1200
765.6,1200
765.7,1200
765.8,1200
765.9,1200
766,1200
766.1,1200
766.2,1200
766.3,1200
766.4,1200
766.5,1200
766.6,1200
766.7,1200
766.8,1200
766.9,1200
767,1200
767.1,1200
767.2,1200
767.3,1200
767.4,1200
767.5,1200
767.6,1200
767.7,1200
767.8,1200
767.9,1200
768,1200
768.1,1200
768.2,1200
768.3,1200
768.4,1200
768.5,1200
768.6,1200
768.7,1200
768.8,1200
768.9,1200
769,1200
769.1,1200
769.2,1200
769.3,1200
769.4,1200
769.5,1200
769.6,1200
769.7,1200
769.8,1200
769.9,1200
770,1200
770.1,1200
770.2,1200
770.3,1200
770.4,1200
770.5,1200
770.6,1200
770.7,1200
770.8,1200
770.9,1200
771,1200
771.1,1200
771.2,1200
771.3,1200
771.4,1200
771.5,1200
771.6,1200
771.7,1200
771.8,1200
771.9,1200
772,1200
772.1,1200
772.2,1200
772.3,1200
772.4,1200
772.5,1200
772.6,1200
772.7,1200
772.8,1200
772.9,1200
773,1200
773.1,1200
773.2,1200
773.3,1200
773.4,1200
773.5,1200
773.6,1200
773.7,1200
773.8,1200
773.9,1200
774,1200
774.1,1200
774.2,1200
774.3,1200
774.4,1200
774.5,1200
774.6,1200
774.7,1200
774.8,1200
774.9,1200
775,1200
775.1,1200
775.2,1200
775.3,1200
775.4,1200
775.5,1200
775.6,1200
775.7,1200
775.8,1200
775.9,1200
776,1200
776.1,1200
776.2,1200
776.3,1200
776.4,1200
776.5,1200
776.6,1200
776.7,1200
776.8,1200
776.9,1200
777,1200
777.1,1200
777.2,1200
777.3,1200
777.4,1200
777.5,1200
777.6,1200
777.7,1200
777.8,1200
777.9,1200
778,1200
778.1,1200
778.2,1200
778.3,1200
778.4,1200
778.5,1200
778.6,1200
778.7,1200
778.8,1200
778.9,1200
779,1200
779.1,1200
779.2,1200
779.3,1200
779.4,1200
779.5,1200
779.6,1200
779.7,1200
779.8,1200
779.9,1200
780,1200
780.1,1200
780.2,1200
780.3,1200
780.4,1200
780.5,1200
780.6,1200
780.7,1200
780.8,1200
780.9,1200
781,1200
781.1,1200
781.2,1200
781.3,1200
781.4,1200
781.5,1200
781.6,1200
781.7,1200
781.8,1200
781.9,1200
782,1200
782.1,1200
782.2,1200
782.3,1200
782.4,1200
782.5,1200
782.6,1200
782.7,1200
782.8,1200
782.9,1200
783,1200
783.1,1200
783.2,1200
783.3,1200
783.4,1200
783.5,1200
783.6,1200
783.7,1200
783.8,1200
783.9,1200
784,1200
784.1,1200
784.2,1200
784.3,1200
784.4,1200
784.5,1200
784.6,1200
784.7,1200
784.8,1200
784.9,1200
785,1200
785.1,1200
785.2,1200
785.3,1200
785.4,1200
785.5,1200
785.6,1200
785.7,1200
785.8,1200
785.9,1200
786,1200
786.1,1200
786.2,1200
786.3,1200
786.4,1200
786.5,1200
786.6,1200
786.7,1200
786.8,1200
786.9,1200
787,1200
787.1,1200
787.2,1200
787.3,1200
787.4,1200
787.5,1200
787.6,1200
787.7,1200
787.8,1200
787.9,1200
788,1200
788.1,1200
788.2,1200
788.3,1200
788.4,1200
788.5,1200
788.6,1200
788.7,1200
788.8,1200
788.9,1200
789,1200
789.1,1200
789.2,1200
789.3,1200
789.4,1200
789.5,1200
789.6,1200
789.7,1200
789.8,1200
789.9,1200
790,1200
790.1,1200
790.2,1200
790.3,1200
790.4,1200
790.5,1200
790.6,1200
790.7,1200
790.8,1200
790.9,1200
791,1200
791.1,1200
791.2,1200
791.3,1200
791.4,1200
791.5,1200
791.6,1200
791.7,1200
791.8,1200
791.9,1200
792,1200
792.1,1200
792.2,1200
792.3,1200
792.4,1200
792.5,1200
792.6,1200
792.7,1200
792.8,1200
792.9,1200
793,1200
793.1,1200
793.2,1200
793.3,1200
793.4,1200
793.5,1200
793.6,1200
793.7,1200
793.8,1200
793.9,1200
794,1200
794.1,1200
794.2,1200
794.3,1200
794.4,1200
794.5,1200
794.6,1200
794.7,1200
794.8,1200
794.9,1200
795,1200
795.1,1200
795.2,1200
795.3,1200
795.4,1200
795.5,1200
795.6,1200
795.7,1200
795.8,1200
795.9,1200
796,1200
796.1,1200
796.2,1200
796.3,1200
796.4,1200
796.5,1200
796.6,1200
796.7,1200
796.8,1200
796.9,1200
797,1200
797.1,1200
797.2,1200
797.3,1200
797.4,1200
797.5,1200
797.6,1200
797.7,1200
797.8,1200
797.9,1200
798,1200
798.1,1200
798.2,1200
798.3,1200
798.4,1200
798.5,1200
798.6,1200
798.7,1200
798.8,1200
798.9,1200
799,1200
799.1,1200
799.2,1200
799.3,1200
799.4,1200
799.5,1200
799.6,1200
799.7,1200
799.8,1200
799.9,1200
800,1200
800.1,1200
800.2,1200
800.3,1200
800.4,1200
800.5,1200
800.6,1200
800.7,1200
800.8,1200
800.9,1200
801,1200
801.1,1200
801.2,1200
801.3,1200
801.4,1200
801.5,1200
801.6,1200
801.7,1200
801.8,1200
801.9,1200
802,1200
802.1,1200
802.2,1200
802.3,1200
802.4,1200
802.5,1200
802.6,1200
802.7,1200
802.8,1200
802.9,1200
803,1200
803.1,1200
803.2,1200
803.3,1200
803.4,1200
803.5,1200
803.6,1200
803.7,1200
803.8,1200
803.9,1200
804,1200
804.1,1200
804.2,1200
804.3,1200
804.4,1200
804.5,1200
804.6,1200
804.7,1200
804.8,1200
804.9,1200
805,1200
805.1,1200
805.2,1200
805.3,1200
805.4,1200
805.5,1200
805.6,1200
805.7,1200
805.8,1200
805.9,1200
806,1200
806.1,1200
806.2,1200
806.3,1200
806.4,1200
806.5,1200
806.6,1200
806.7,1200
806.8,1200
806.9,1200
807,1200
807.1,1200
807.2,1200
807.3,1200
807.4,1200
807.5,1200
807.6,1200
807.7,1200
807.8,1200
807.9,1200
808,1200
808.1,1200
808.2,1200
808.3,1200
808.4,1200
808.5,1200
808.6,1200
808.7,1200
808.8,1200
808.9,1200
809,1200
809.1,1200
809.2,1200
809.3,1200
809.4,1200
809.5,1200
809.6,1200
809.7,1200
809.8,1200
809.9,1200
810,1200
810.1,1200
810.2,1200
810.3,1200
810.4,1200
810.5,1200
810.6,1200
810.7,1200
810.8,1200
810.9,1200
811,1200
811.1,1200
811.2,1200
811.3,1200
811.4,1200
811.5,1200
811.6,1200
811.7,1200
811.8,1200
811.9,1200
812,1200
812.1,1200
812.2,1200
812.3,1200
812.4,1200
812.5,1200
812.6,1200
812.7,1200
812.8,1200
812.9,1200
813,1200
813.1,1200
813.2,1200
813.3,1200
813.4,1200
813.5,1200
813.6,1200
813.7,1200
813.8,1200
813.9,1200
814,1200
814.1,1200
814.2,1200
814.3,1200
814.4,1200
814.5,1200
814.6,1200
814.7,1200
814.8,1200
814.9,1200
815,1200
815.1,1200
815.2,1200
815.3,1200
815.4,1200
815.5,1200
815.6,1200
815.7,1200
815.8,1200
815.9,1200
816,1200
816.1,1200
816.2,1200
816.3,1200
816.4,1200
816.5,1200
816.6,1200
816.7,1200
816.8,1200
816.9,1200
817,1200
817.1,1200
817.2,1200
817.3,1200
817.4,1200
817.5,1200
817.6,1200
817.7,1200
817.8,1200
817.9,1200
818,1200
818.1,1200
818.2,1200
818.3,1200
818.4,1200
818.5,1200
818.6,1200
818.7,1200
818.8,1200
818.9,1200
819,1200
819.1,1200
819.2,1200
819.3,1200
819.4,1200
819.5,1200
819.6,1200
819.7,1200
819.8,1200
819.9,1200
820,1200
820.1,1200
820.2,1200
820.3,1200
820.4,1200
820.5,1200
820.6,1200
820.7,1200
820.8,1200
820.9,1200
821,1200
821.1,1200
821.2,1200
821.3,1200
821.4,1200
821.5,1200
821.6,1200
821.7,1200
821.8,1200
821.9,1200
822,1200
822.1,1200
822.2,1200
822.3,1200
822.4,1200
822.5,1200
822.6,1200
822.7,1200
822.8,1200
822.9,1200
823,1200
823.1,1200
823.2,1200
823.3,1200
823.4,1200
823.5,1200
823.6,1200
823.7,1200
823.8,1200
823.9,1200
824,1200
824.1,1200
824.2,1200
824.3,1200
824.4,1200
824.5,1200
824.6,1200
824.7,1200
824.8,1200
824.9,1200
825,1200
825.1,1200
825.2,1200
825.3,1200
825.4,1200
825.5,1200
825.6,1200
825.7,1200
825.8,1200
825.9,1200
826,1200
826.1,1200
826.2,1200
826.3,1200
826.4,1200
826.5,1200
826.6,1200
826.7,1200
826.8,1200
826.9,1200
827,1200
827.1,1200
827.2,1200
827.3,1200
827.4,1200
827.5,1200
827.6,1200
827.7,1200
827.8,1200
827.9,1200
828,1200
828.1,1200
828.2,1200
828.3,1200
828.4,1200
828.5,1200
828.6,1200
828.7,1200
828.8,1200
828.9,1200
829,1200
829.1,1200
829.2,1200
829.3,1200
829.4,1200
829.5,1200
829.6,1200
829.7,1200
829.8,1200
829.9,1200
830,1200
830.1,1200
830.2,1200
830.3,1200
830.4,1200
830.5,1200
830.6,1200
830.7,1200
830.8,1200
830.9,1200
831,1200
831.1,1200
831.2,1200
831.3,1200
831.4,1200
831.5,1200
831.6,1200
831.7,1200
831.8,1200
831.9,1200
832,1200
832.1,1200
832.2,1200
832.3,1200
832.4,1200
832.5,1200
832.6,1200
832.7,1200
832.8,1200
832.9,1200
833,1200
833.1,1200
833.2,1200
833.3,1200
833.4,1200
833.5,1200
833.6,1200
833.7,1200
833.8,1200
833.9,1200
834,1200
834.1,1200
834.2,1200
834.3,1200
834.4,1200
834.5,1200
834.6,1200
834.7,1200
834.8,1200
834.9,1200
835,1200
835.1,1200
835.2,1200
835.3,1200
835.4,1200
835.5,1200
835.6,1200
835.7,1200
835.8,1200
835.9,1200
836,1200
836.1,1200
836.2,1200
836.3,1200
836.4,1200
836.5,1200
836.6,1200
836.7,1200
836.8,1200
836.9,1200
837,1200
837.1,1200
837.2,1200
837.3,1200
837.4,1200
837.5,1200
837.6,1200
837.7,1200
837.8,1200
837.9,1200
838,1200
838.1,1200
838.2,1200
838.3,1200
838.4,1200
838.5,1200
838.6,1200
838.7,1200
838.8,1200
838.9,1200
839,1200
839.1,1200
839.2,1200
839.3,1200
839.4,1200
839.5,1200
839.6,1200
839.7,1200
839.8,1200
839.9,1200
840,1200
840.1,1200
840.2,1200
840.3,1200
840.4,1200
840.5,1200
840.6,1200
840.7,1200
840.8,1200
840.9,1200
841,1200
841.1,1200
841.2,1200
841.3,1200
841.4,1200
841.5,1200
841.6,1200
841.7,1200
841.8,1200
841.9,1200
842,1200
842.1,1200
842.2,1200
842.3,1200
842.4,1200
842.5,1200
842.6,1200
842.7,1200
842.8,1200
842.9,1200
843,1200
843.1,1200
843.2,1200
843.3,1200
843.4,1200
843.5,1200
843.6,1200
843.7,1200
843.8,1200
843.9,1200
844,1200
844.1,1200
844.2,1200
844.3,1200
844.4,1200
844.5,1200
844.6,1200
844.7,1200
844.8,1200
844.9,1200
845,1200
845.1,1200
845.2,1200
845.3,1200
845.4,1200
845.5,1200
845.6,1200
845.7,1200
845.8,1200
845.9,1200
846,1200
846.1,1200
846.2,1200
846.3,1200
846.4,1200
846.5,1200
846.6,1200
846.7,1200
846.8,1200
846.9,1200
847,1200
847.1,1200
847.2,1200
847.3,1200
847.4,1200
847.5,1200
847.6,1200
847.7,1200
847.8,1200
847.9,1200
848,1200
848.1,1200
848.2,1200
848.3,1200
848.4,1200
848.5,1200
848.6,1200
848.7,1200
848.8,1200
848.9,1200
849,1200
849.1,1200
849.2,1200
849.3,1200
849.4,1200
849.5,1200
849.6,1200
849.7,1200
849.8,1200
849.9,1200
850,1200
850.1,1200
850.2,1200
850.3,1200
850.4,1200
850.5,1200
850.6,1200
850.7,1200
850.8,1200
850.9,1200
851,1200
851.1,1200
851.2,1200
851.3,1200
851.4,1200
851.5,1200
851.6,1200
851.7,1200
851.8,1200
851.9,1200
852,1200
852.1,1200
852.2,1200
852.3,1200
852.4,1200
852.5,1200
852.6,1200
852.7,1200
852.8,1200
852.9,1200
853,1200
853.1,1200
853.2,1200
853.3,1200
853.4,1200
853.5,1200
853.6,1200
853.7,1200
853.8,1200
853.9,1200
854,1200
854.1,1200
854.2,1200
854.3,1200
854.4,1200
854.5,1200
854.6,1200
854.7,1200
854.8,1200
854.9,1200
855,1200
855.1,1200
855.2,1200
855.3,1200
855.4,1200
855.5,1200
855.6,1200
855.7,1200
855.8,1200
855.9,1200
856,1200
856.1,1200
856.2,1200
856.3,1200
856.4,1200
856.5,1200
856.6,1200
856.7,1200
856.8,1200
856.9,1200
857,1200
857.1,1200
857.2,1200
857.3,1200
857.4,1200
857.5,1200
857.6,1200
857.7,1200
857.8,1200
857.9,1200
858,1200
858.1,1200
858.2,1200
858.3,1200
858.4,1200
858.5,1200
858.6,1200
858.7,1200
858.8,1200
858.9,1200
859,1200
859.1,1200
859.2,1200
859.3,1200
859.4,1200
859.5,1200
859.6,1200
859.7,1200
859.8,1200
859.9,1200
860,1200
860.1,1200
860.2,1200
860.3,1200
860.4,1200
860.5,1200
860.6,1200
860.7,1200
860.8,1200
860.9,1200
861,1200
861.1,1200
861.2,1200
861.3,1200
861.4,1200
861.5,1200
861.6,1200
861.7,1200
861.8,1200
861.9,1200
862,1200
862.1,1200
862.2,1200
862.3,1200
862.4,1200
862.5,1200
862.6,1200
862.7,1200
862.8,1200
862.9,1200
863,1200
863.1,1200
863.2,1200
863.3,1200
863.4,1200
863.5,1200
863.6,1200
863.7,1200
863.8,1200
863.9,1200
864,1200
864.1,1200
864.2,1200
864.3,1200
864.4,1200
864.5,1200
864.6,1200
864.7,1200
864.8,1200
864.9,1200
865,1200
865.1,1200
865.2,1200
865.3,1200
865.4,1200
865.5,1200
865.6,1200
865.7,1200
865.8,1200
865.9,1200
866,1200
866.1,1200
866.2,1200
866.3,1200
866.4,1200
866.5,1200
866.6,1200
866.7,1200
866.8,1200
866.9,1200
867,1200
867.1,1200
867.2,1200
867.3,1200
867.4,1200
867.5,1200
867.6,1200
867.7,1200
867.8,1200
867.9,1200
868,1200
868.1,1200
868.2,1200
868.3,1200
868.4,1200
868.5,1200
868.6,1200
868.7,1200
868.8,1200
868.9,1200
869,1200
869.1,1200
869.2,1200
869.3,1200
869.4,1200
869.5,1200
869.6,1200
869.7,1200
869.8,1200
869.9,1200
870,1200
870.1,1200
870.2,1200
870.3,1200
870.4,1200
870.5,1200
870.6,1200
870.7,1200
870.8,1200
870.9,1200
871,1200
871.1,1200
871.2,1200
871.3,1200
871.4,1200
871.5,1200
871.6,1200
871.7,1200
871.8,1200
871.9,1200
872,1200
872.1,1200
872.2,1200
872.3,1200
872.4,1200
872.5,1200
872.6,1200
872.7,1200
872.8,1200
872.9,1200
873,1200
873.1,1200
873.2,1200
873.3,1200
873.4,1200
873.5,1200
873.6,1200
873.7,1200
873.8,1200
873.9,1200
874,1200
874.1,1200
874.2,1200
874.3,1200
874.4,1200
874.5,1200
874.6,1200
874.7,1200
874.8,1200
874.9,1200
875,1200
875.1,1200
875.2,1200
875.3,1200
875.4,1200
875.5,1200
875.6,1200
875.7,1200
875.8,1200
875.9,1200
876,1200
876.1,1200
876.2,1200
876.3,1200
876.4,1200
876.5,1200
876.6,1200
876.7,1200
876.8,1200
876.9,1200
877,1200
877.1,1200
877.2,1200
877.3,1200
877.4,1200
877.5,1200
877.6,1200
877.7,1200
877.8,1200
877.9,1200
878,1200
878.1,1200
878.2,1200
878.3,1200
878.4,1200
878.5,1200
878.6,1200
878.7,1200
878.8,1200
878.9,1200
879,1200
879.1,1200
879.2,1200
879.3,1200
879.4,1200
879.5,1200
879.6,1200
879.7,1200
879.8,1200
879.9,1200
880,1200
880.1,1200
880.2,1200
880.3,1200
880.4,1200
880.5,1200
880.6,1200
880.7,1200
880.8,1200
880.9,1200
881,1200
881.1,1200
881.2,1200
881.3,1200
881.4,1200
881.5,1200
881.6,1200
881.7,1200
881.8,1200
881.9,1200
882,1200
882.1,1200
882.2,1200
882.3,1200
882.4,1200
882.5,1200
882.6,1200
882.7,1200
882.8,1200
882.9,1200
883,1200
883.1,1200
883.2,1200
883.3,1200
883.4,1200
883.5,1200
883.6,1200
883.7,1200
883.8,1200
883.9,1200
884,1200
884.1,1200
884.2,1200
884.3,1200
884.4,1200
884.5,1200
884.6,1200
884.7,1200
884.8,1200
884.9,1200
885,1200
885.1,1200
885.2,1200
885.3,1200
885.4,1200
885.5,1200
885.6,1200
885.7,1200
885.8,1200
885.9,1200
886,1200
886.1,1200
886.2,1200
886.3,1200
886.4,1200
886.5,1200
886.6,1200
886.7,1200
886.8,1200
886.9,1200
887,1200
887.1,1200
887.2,1200
887.3,1200
887.4,1200
887.5,1200
887.6,1200
887.7,1200
887.8,1200
887.9,1200
888,1200
888.1,1200
888.2,1200
888.3,1200
888.4,1200
888.5,1200
888.6,1200
888.7,1200
888.8,1200
888.9,1200
889,1200
889.1,1200
889.2,1200
889.3,1200
889.4,1200
889.5,1200
889.6,1200
889.7,1200
889.8,1200
889.9,1200
890,1200
890.1,1200
890.2,1200
890.3,1200
890.4,1200
890.5,1200
890.6,1200
890.7,1200
890.8,1200
890.9,1200
891,1200
891.1,1200
891.2,1200
891.3,1200
891.4,1200
891.5,1200
891.6,1200
891.7,1200
891.8,1200
891.9,1200
892,1200
892.1,1200
892.2,1200
892.3,1200
892.4,1200
892.5,1200
892.6,1200
892.7,1200
892.8,1200
892.9,1200
893,1200
893.1,1200
893.2,1200
893.3,1200
893.4,1200
893.5,1200
893.6,1200
893.7,1200
893.8,1200
893.9,1200
894,1200
894.1,1200
894.2,1200
894.3,1200
894.4,1200
894.5,1200
894.6,1200
894.7,1200
894.8,1200
894.9,1200
895,1200
895.1,1200
895.2,1200
895.3,1200
895.4,1200
895.5,1200
895.6,1200
895.7,1200
895.8,1200
895.9,1200
896,1200
896.1,1200
896.2,1200
896.3,1200
896.4,1200
896.5,1200
896.6,1200
896.7,1200
896.8,1200
896.9,1200
897,1200
897.1,1200
897.2,1200
897.3,1200
897.4,1200
897.5,1200
897.6,1200
897.7,1200
897.8,1200
897.9,1200
898,1200
898.1,1200
898.2,1200
898.3,1200
898.4,1200
898.5,1200
898.6,1200
898.7,1200
898.8,1200
898.9,1200
899,1200
899.1,1200
899.2,1200
899.3,1200
899.4,1200
899.5,1200
899.6,1200
899.7,1200
899.8,1200
899.9,1200
900,1200
900.1,1200
900.2,1200
900.3,1200
900.4,1200
900.5,1200
900.6,1200
900.7,1200
900.8,1200
900.9,1200
901,1200
901.1,1200
901.2,1200
901.3,1200
901.4,1200
901.5,1200
901.6,1200
901.7,1200
901.8,1200
901.9,1200
902,1200
902.1,1200
902.2,1200
902.3,1200
902.4,1200
902.5,1200
902.6,1200
902.7,1200
902.8,1200
902.9,1200
903,1200
903.1,1200
903.2,1200
903.3,1200
903.4,1200
903.5,1200
903.6,1200
903.7,1200
903.8,1200
903.9,1200
904,1200
904.1,1200
904.2,1200
904.3,1200
904.4,1200
904.5,1200
904.6,1200
904.7,1200
904.8,1200
904.9,1200
905,1200
905.1,1200
905.2,1200
905.3,1200
905.4,1200
905.5,1200
905.6,1200
905.7,1200
905.8,1200
905.9,1200
906,1200
906.1,1200
906.2,1200
906.3,1200
906.4,1200
906.5,1200
906.6,1200
906.7,1200
906.8,1200
906.9,1200
907,1200
907.1,1200
907.2,1200
907.3,1200
907.4,1200
907.5,1200
907.6,1200
907.7,1200
907.8,1200
907.9,1200
908,1200
908.1,1200
908.2,1200
908.3,1200
908.4,1200
908.5,1200
908.6,1200
908.7,1200
908.8,1200
908.9,1200
909,1200
909.1,1200
909.2,1200
909.3,1200
909.4,1200
909.5,1200
909.6,1200
909.7,1200
909.8,1200
909.9,1200
910,1200
910.1,1200
910.2,1200
910.3,1200
910.4,1200
910.5,1200
910.6,1200
910.7,1200
910.8,1200
910.9,1200
911,1200
911.1,1200
911.2,1200
911.3,1200
911.4,1200
911.5,1200
911.6,1200
911.7,1200
911.8,1200
911.9,1200
912,1200
912.1,1200
912.2,1200
912.3,1200
912.4,1200
912.5,1200
912.6,1200
912.7,1200
912.8,1200
912.9,1200
913,1200
913.1,1200
913.2,1200
913.3,1200
913.4,1200
913.5,1200
913.6,1200
913.7,1200
913.8,1200
913.9,1200
914,1200
914.1,1200
914.2,1200
914.3,1200
914.4,1200
914.5,1200
914.6,1200
914.7,1200
914.8,1200
914.9,1200
915,1200
915.1,1200
915.2,1200
915.3,1200
915.4,1200
915.5,1200
915.6,1200
915.7,1200
915.8,1200
915.9,1200
916,1200
916.1,1200
916.2,1200
916.3,1200
916.4,1200
916.5,1200
916.6,1200
916.7,1200
916.8,1200
916.9,1200
917,1200
917.1,1200
917.2,1200
917.3,1200
917.4,1200
917.5,1200
917.6,1200
917.7,1200
917.8,1200
917.9,1200
918,1200
918.1,1200
918.2,1200
918.3,1200
918.4,1200
918.5,1200
918.6,1200
918.7,1200
918.8,1200
918.9,1200
919,1200
919.1,1200
919.2,1200
919.3,1200
919.4,1200
919.5,1200
919.6,1200
919.7,1200
919.8,1200
919.9,1200
920,1200
920.1,1200
920.2,1200
920.3,1200
920.4,1200
920.5,1200
920.6,1200
920.7,1200
920.8,1200
920.9,1200
921,1200
921.1,1200
921.2,1200
921.3,1200
921.4,1200
921.5,1200
921.6,1200
921.7,1200
921.8,1200
921.9,1200
922,1200
922.1,1200
922.2,1200
922.3,1200
922.4,1200
922.5,1200
922.6,1200
922.7,1200
922.8,1200
922.9,1200
923,1200
923.1,1200
923.2,1200
923.3,1200
923.4,1200
923.5,1200
923.6,1200
923.7,1200
923.8,1200
923.9,1200
924,1200
924.1,1200
924.2,1200
924.3,1200
924.4,1200
924.5,1200
924.6,1200
924.7,1200
924.8,1200
924.9,1200
925,1200
925.1,1200
925.2,1200
925.3,1200
925.4,1200
925.5,1200
925.6,1200
925.7,1200
925.8,1200
925.9,1200
926,1200
926.1,1200
926.2,1200
926.3,1200
926.4,1200
926.5,1200
926.6,1200
926.7,1200
926.8,1200
926.9,1200
927,1200
927.1,1200
927.2,1200
927.3,1200
927.4,1200
927.5,1200
927.6,1200
927.7,1200
927.8,1200
927.9,1200
928,1200
928.1,1200
928.2,1200
928.3,1200
928.4,1200
928.5,1200
928.6,1200
928.7,1200
928.8,1200
928.9,1200
929,1200
929.1,1200
929.2,1200
929.3,1200
929.4,1200
929.5,1200
929.6,1200
929.7,1200
929.8,1200
929.9,1200
930,1200
930.1,1200
930.2,1200
930.3,1200
930.4,1200
930.5,1200
930.6,1200
930.7,1200
930.8,1200
930.9,1200
931,1200
931.1,1200
931.2,1200
931.3,1200
931.4,1200
931.5,1200
931.6,1200
931.7,1200
931.8,1200
931.9,1200
932,1200
932.1,1200
932.2,1200
932.3,1200
932.4,1200
932.5,1200
932.6,1200
932.7,1200
932.8,1200
932.9,1200
933,1200
933.1,1200
933.2,1200
933.3,1200
933.4,1200
933.5,1200
933.6,1200
933.7,1200
933.8,1200
933.9,1200
934,1200
934.1,1200
934.2,1200
934.3,1200
934.4,1200
934.5,1200
934.6,1200
934.7,1200
934.8,1200
934.9,1200
935,1200
935.1,1200
935.2,1200
935.3,1200
935.4,1200
935.5,1200
935.6,1200
935.7,1200
935.8,1200
935.9,1200
936,1200
936.1,1200
936.2,1200
936.3,1200
936.4,1200
936.5,1200
936.6,1200
936.7,1200
936.8,1200
936.9,1200
937,1200
937.1,1200
937.2,1200
937.3,1200
937.4,1200
937.5,1200
937.6,1200
937.7,1200
937.8,1200
937.9,1200
938,1200
938.1,1200
938.2,1200
938.3,1200
938.4,1200
938.5,1200
938.6,1200
938.7,1200
938.8,1200
938.9,1200
939,1200
939.1,1200
939.2,1200
939.3,1200
939.4,1200
939.5,1200
939.6,1200
939.7,1200
939.8,1200
939.9,1200
940,1200
940.1,1200
940.2,1200
940.3,1200
940.4,1200
940.5,1200
940.6,1200
940.7,1200
940.8,1200
940.9,1200
941,1200
941.1,1200
941.2,1200
941.3,1200
941.4,1200
941.5,1200
941.6,1200
941.7,1200
941.8,1200
941.9,1200
942,1200
942.1,1200
942.2,1200
942.3,1200
942.4,1200
942.5,1200
942.6,1200
942.7,1200
942.8,1200
942.9,1200
943,1200
943.1,1200
943.2,1200
943.3,1200
943.4,1200
943.5,1200
943.6,1200
943.7,1200
943.8,1200
943.9,1200
944,1200
944.1,1200
944.2,1200
944.3,1200
944.4,1200
944.5,1200
944.6,1200
944.7,1200
944.8,1200
944.9,1200
945,1200
945.1,1200
945.2,1200
945.3,1200
945.4,1200
945.5,1200
945.6,1200
945.7,1200
945.8,1200
945.9,1200
946,1200
946.1,1200
946.2,1200
946.3,1200
946.4,1200
946.5,1200
946.6,1200
946.7,1200
946.8,1200
946.9,1200
947,1200
947.1,1200
947.2,1200
947.3,1200
947.4,1200
947.5,1200
947.6,1200
947.7,1200
947.8,1200
947.9,1200
948,1200
948.1,1200
948.2,1200
948.3,1200
948.4,1200
948.5,1200
948.6,1200
948.7,1200
948.8,1200
948.9,1200
949,1200
949.1,1200
949.2,1200
949.3,1200
949.4,1200
949.5,1200
949.6,1200
949.7,1200
949.8,1200
949.9,1200
950,1200
950.1,1200
950.2,1200
950.3,1200
950.4,1200
950.5,1200
950.6,1200
950.7,1200
950.8,1200
950.9,1200
951,1200
951.1,1200
951.2,1200
951.3,1200
951.4,1200
951.5,1200
951.6,1200
951.7,1200
951.8,1200
951.9,1200
952,1200
952.1,1200
952.2,1200
952.3,1200
952.4,1200
952.5,1200
952.6,1200
952.7,1200
952.8,1200
952.9,1200
953,1200
953.1,1200
953.2,1200
953.3,1200
953.4,1200
953.5,1200
953.6,1200
953.7,1200
953.8,1200
953.9,1200
954,1200
954.1,1200
954.2,1200
954.3,1200
954.4,1200
954.5,1200
954.6,1200
954.7,1200
954.8,1200
954.9,1200
955,1200
955.1,1200
955.2,1200
955.3,1200
955.4,1200
955.5,1200
955.6,1200
955.7,1200
955.8,1200
955.9,1200
956,1200
956.1,1200
956.2,1200
956.3,1200
956.4,1200
956.5,1200
956.6,1200
956.7,1200
956.8,1200
956.9,1200
957,1200
957.1,1200
957.2,1200
957.3,1200
957.4,1200
957.5,1200
957.6,1200
957.7,1200
957.8,1200
957.9,1200
958,1200
958.1,1200
958.2,1200
958.3,1200
958.4,1200
958.5,1200
958.6,1200
958.7,1200
958.8,1200
958.9,1200
959,1200
959.1,1200
959.2,1200
959.3,1200
959.4,1200
959.5,1200
959.6,1200
959.7,1200
959.8,1200
959.9,1200
960,1200
960.1,1200
960.2,1200
960.3,1200
960.4,1200
960.5,1200
960.6,1200
960.7,1200
960.8,1200
960.9,1200
961,1200
961.1,1200
961.2,1200
961.3,1200
961.4,1200
961.5,1200
961.6,1200
961.7,1200
961.8,1200
961.9,1200
962,1200
962.1,1200
962.2,1200
962.3,1200
962.4,1200
962.5,1200
962.6,1200
962.7,1200
962.8,1200
962.9,1200
963,1200
963.1,1200
963.2,1200
963.3,1200
963.4,1200
963.5,1200
963.6,1200
963.7,1200
963.8,1200
963.9,1200
964,1200
964.1,1200
964.2,1200
964.3,1200
964.4,1200
964.5,1200
964.6,1200
964.7,1200
964.8,1200
964.9,1200
965,1200
965.1,1200
965.2,1200
965.3,1200
965.4,1200
965.5,1200
965.6,1200
965.7,1200
965.8,1200
965.9,1200
966,1200
966.1,1200
966.2,1200
966.3,1200
966.4,1200
966.5,1200
966.6,1200
966.7,1200
966.8,1200
966.9,1200
967,1200
967.1,1200
967.2,1200
967.3,1200
967.4,1200
967.5,1200
967.6,1200
967.7,1200
967.8,1200
967.9,1200
968,1200
968.1,1200
968.2,1200
968.3,1200
968.4,1200
968.5,1200
968.6,1200
968.7,1200
968.8,1200
968.9,1200
969,1200
969.1,1200
969.2,1200
969.3,1200
969.4,1200
969.5,1200
969.6,1200
969.7,1200
969.8,1200
969.9,1200
970,1200
970.1,1200
970.2,1200
970.3,1200
970.4,1200
970.5,1200
970.6,1200
970.7,1200
970.8,1200
970.9,1200
971,1200
971.1,1200
971.2,1200
971.3,1200
971.4,1200
971.5,1200
971.6,1200
971.7,1200
971.8,1200
971.9,1200
972,1200
972.1,1200
972.2,1200
972.3,1200
972.4,1200
972.5,1200
972.6,1200
972.7,1200
972.8,1200
972.9,1200
973,1200
973.1,1200
973.2,1200
973.3,1200
973.4,1200
973.5,1200
973.6,1200
973.7,1200
973.8,1200
973.9,1200
974,1200
974.1,1200
974.2,1200
974.3,1200
974.4,1200
974.5,1200
974.6,1200
974.7,1200
974.8,1200
974.9,1200
975,1200
975.1,1200
975.2,1200
975.3,1200
975.4,1200
975.5,1200
975.6,1200
975.7,1200
975.8,1200
975.9,1200
976,1200
976.1,1200
976.2,1200
976.3,1200
976.4,1200
976.5,1200
976.6,1200
976.7,1200
976.8,1200
976.9,1200
977,1200
977.1,1200
977.2,1200
977.3,1200
977.4,1200
977.5,1200
977.6,1200
977.7,1200
977.8,1200
977.9,1200
978,1200
978.1,1200
978.2,1200
978.3,1200
978.4,1200
978.5,1200
978.6,1200
978.7,1200
978.8,1200
978.9,1200
979,1200
979.1,1200
979.2,1200
979.3,1200
979.4,1200
979.5,1200
979.6,1200
979.7,1200
979.8,1200
979.9,1200
980,1200
980.1,1200
980.2,1200
980.3,1200
980.4,1200
980.5,1200
980.6,1200
980.7,1200
980.8,1200
980.9,1200
981,1200
981.1,1200
981.2,1200
981.3,1200
981.4,1200
981.5,1200
981.6,1200
981.7,1200
981.8,1200
981.9,1200
982,1200
982.1,1200
982.2,1200
982.3,1200
982.4,1200
982.5,1200
982.6,1200
982.7,1200
982.8,1200
982.9,1200
983,1200
983.1,1200
983.2,1200
983.3,1200
983.4,1200
983.5,1200
983.6,1200
983.7,1200
983.8,1200
983.9,1200
984,1200
984.1,1200
984.2,1200
984.3,1200
984.4,1200
984.5,1200
984.6,1200
984.7,1200
984.8,1200
984.9,1200
985,1200
985.1,1200
985.2,1200
985.3,1200
985.4,1200
985.5,1200
985.6,1200
985.7,1200
985.8,1200
985.9,1200
986,1200
986.1,1200
986.2,1200
986.3,1200
986.4,1200
986.5,1200
986.6,1200
986.7,1200
986.8,1200
986.9,1200
987,1200
987.1,1200
987.2,1200
987.3,1200
987.4,1200
987.5,1200
987.6,1200
987.7,1200
987.8,1200
987.9,1200
988,1200
988.1,1200
988.2,1200
988.3,1200
988.4,1200
988.5,1200
988.6,1200
988.7,1200
988.8,1200
988.9,1200
989,1200
989.1,1200
989.2,1200
989.3,1200
989.4,1200
989.5,1200
989.6,1200
989.7,1200
989.8,1200
989.9,1200
990,1200
990.1,1200
990.2,1200
990.3,1200
990.4,1200
990.5,1200
990.6,1200
990.7,1200
990.8,1200
990.9,1200
991,1200
991.1,1200
991.2,1200
991.3,1200
991.4,1200
991.5,1200
991.6,1200
991.7,1200
991.8,1200
991.9,1200
992,1200
992.1,1200
992.2,1200
992.3,1200
992.4,1200
992.5,1200
992.6,1200
992.7,1200
992.8,1200
992.9,1200
993,1200
993.1,1200
993.2,1200
993.3,1200
993.4,1200
993.5,1200
993.6,1200
993.7,1200
993.8,1200
993.9,1200
994,1200
994.1,1200
994.2,1200
994.3,1200
994.4,1200
994.5,1200
994.6,1200
994.7,1200
994.8,1200
994.9,1200
995,1200
995.1,1200
995.2,1200
995.3,1200
995.4,1200
995.5,1200
995.6,1200
995.7,1200
995.8,1200
995.9,1200
996,1200
996.1,1200
996.2,1200
996.3,1200
996.4,1200
996.5,1200
996.6,1200
996.7,1200
996.8,1200
996.9,1200
997,1200
997.1,1200
997.2,1200
997.3,1200
997.4,1200
997.5,1200
997.6,1200
997.7,1200
997.8,1200
997.9,1200
998,1200
998.1,1200
998.2,1200
998.3,1200
998.4,1200
998.5,1200
998.6,1200
998.7,1200
998.8,1200
998.9,1200
999,1200
999.1,1200
999.2,1200
999.3,1200
999.4,1200
999.5,1200
999.6,1200
999.7,1200
999.8,1200
999.9,1200
1000,1200
1000.1,1200
1000.2,1200
1000.3,1200
1000.4,1200
1000.5,1200
1000.6,1200
1000.7,1200
1000.8,1200
1000.9,1200
1001,1200
1001.1,1200
1001.2,1200
1001.3,1200
1001.4,1200
1001.5,1200
1001.6,1200
1001.7,1200
1001.8,1200
1001.9,1200
1002,1200
1002.1,1200
1002.2,1200
1002.3,1200
1002.4,1200
1002.5,1200
1002.6,1200
1002.7,1200
1002.8,1200
1002.9,1200
1003,1200
1003.1,1200
1003.2,1200
1003.3,1200
1003.4,1200
1003.5,1200
1003.6,1200
1003.7,1200
1003.8,1200
1003.9,1200
1004,1200
1004.1,1200
1004.2,1200
1004.3,1200
1004.4,1200
1004.5,1200
1004.6,1200
1004.7,1200
1004.8,1200
1004.9,1200
1005,1200
1005.1,1200
1005.2,1200
1005.3,1200
1005.4,1200
1005.5,1200
1005.6,1200
1005.7,1200
1005.8,1200
1005.9,1200
1006,1200
1006.1,1200
1006.2,1200
1006.3,1200
1006.4,1200
1006.5,1200
1006.6,1200
1006.7,1200
1006.8,1200
1006.9,1200
1007,1200
1007.1,1200
1007.2,1200
1007.3,1200
1007.4,1200
1007.5,1200
1007.6,1200
1007.7,1200
1007.8,1200
1007.9,1200
1008,1200
1008.1,1200
1008.2,1200
1008.3,1200
1008.4,1200
1008.5,1200
1008.6,1200
1008.7,1200
1008.8,1200
1008.9,1200
1009,1200
1009.1,1200
1009.2,1200
1009.3,1200
1009.4,1200
1009.5,1200
1009.6,1200
1009.7,1200
1009.8,1200
1009.9,1200
1010,1200
1010.1,1200
1010.2,1200
1010.3,1200
1010.4,1200
1010.5,1200
1010.6,1200
1010.7,1200
1010.8,1200
1010.9,1200
1011,1200
1011.1,1200
1011.2,1200
1011.3,1200
1011.4,1200
1011.5,1200
1011.6,1200
1011.7,1200
1011.8,1200
1011.9,1200
1012,1200
1012.1,1200
1012.2,1200
1012.3,1200
1012.4,1200
1012.5,1200
1012.6,1200
1012.7,1200
1012.8,1200
1012.9,1200
1013,1200
1013.1,1200
1013.2,1200
1013.3,1200
1013.4,1200
1013.5,1200
1013.6,1200
1013.7,1200
1013.8,1200
1013.9,1200
1014,1200
1014.1,1200
1014.2,1200
1014.3,1200
1014.4,1200
1014.5,1200
1014.6,1200
1014.7,1200
1014.8,1200
1014.9,1200
1015,1200
1015.1,1200
1015.2,1200
1015.3,1200
1015.4,1200
1015.5,1200
1015.6,1200
1015.7,1200
1015.8,1200
1015.9,1200
1016,1200
1016.1,1200
1016.2,1200
1016.3,1200
1016.4,1200
1016.5,1200
1016.6,1200
1016.7,1200
1016.8,1200
1016.9,1200
1017,1200
1017.1,1200
1017.2,1200
1017.3,1200
1017.4,1200
1017.5,1200
1017.6,1200
1017.7,1200
1017.8,1200
1017.9,1200
1018,1200
1018.1,1200
1018.2,1200
1018.3,1200
1018.4,1200
1018.5,1200
1018.6,1200
1018.7,1200
1018.8,1200
1018.9,1200
1019,1200
1019.1,1200
1019.2,1200
1019.3,1200
1019.4,1200
1019.5,1200
1019.6,1200
1019.7,1200
1019.8,1200
1019.9,1200
1020,1200
1020.1,1200
1020.2,1200
1020.3,1200
1020.4,1200
1020.5,1200
1020.6,1200
1020.7,1200
1020.8,1200
1020.9,1200
1021,1200
1021.1,1200
1021.2,1200
1021.3,1200
1021.4,1200
1021.5,1200
1021.6,1200
1021.7,1200
1021.8,1200
1021.9,1200
1022,1200
1022.1,1200
1022.2,1200
1022.3,1200
1022.4,1200
1022.5,1200
1022.6,1200
1022.7,1200
1022.8,1200
1022.9,1200
1023,1200
1023.1,1200
1023.2,1200
1023.3,1200
1023.4,1200
1023.5,1200
1023.6,1200
1023.7,1200
1023.8,1200
1023.9,1200
1024,1200
1024.1,1200
1024.2,1200
1024.3,1200
1024.4,1200
1024.5,1200
1024.6,1200
1024.7,1200
1024.8,1200
1024.9,1200
1025,1200
1025.1,1200
1025.2,1200
1025.3,1200
1025.4,1200
1025.5,1200
1025.6,1200
1025.7,1200
1025.8,1200
1025.9,1200
1026,1200
1026.1,1200
1026.2,1200
1026.3,1200
1026.4,1200
1026.5,1200
1026.6,1200
1026.7,1200
1026.8,1200
1026.9,1200
1027,1200
1027.1,1200
1027.2,1200
1027.3,1200
1027.4,1200
1027.5,1200
1027.6,1200
1027.7,1200
1027.8,1200
1027.9,1200
1028,1200
1028.1,1200
1028.2,1200
1028.3,1200
1028.4,1200
1028.5,1200
1028.6,1200
1028.7,1200
1028.8,1200
1028.9,1200
1029,1200
1029.1,1200
1029.2,1200
1029.3,1200
1029.4,1200
1029.5,1200
1029.6,1200
1029.7,1200
1029.8,1200
1029.9,1200
1030,1200
1030.1,1200
1030.2,1200
1030.3,1200
1030.4,1200
1030.5,1200
1030.6,1200
1030.7,1200
1030.8,1200
1030.9,1200
1031,1200
1031.1,1200
1031.2,1200
1031.3,1200
1031.4,1200
1031.5,1200
1031.6,1200
1031.7,1200
1031.8,1200
1031.9,1200
1032,1200
1032.1,1200
1032.2,1200
1032.3,1200
1032.4,1200
1032.5,1200
1032.6,1200
1032.7,1200
1032.8,1200
1032.9,1200
1033,1200
1033.1,1200
1033.2,1200
1033.3,1200
1033.4,1200
1033.5,1200
1033.6,1200
1033.7,1200
1033.8,1200
1033.9,1200
1034,1200
1034.1,1200
1034.2,1200
1034.3,1200
1034.4,1200
1034.5,1200
1034.6,1200
1034.7,1200
1034.8,1200
1034.9,1200
1035,1200
1035.1,1200
1035.2,1200
1035.3,1200
1035.4,1200
1035.5,1200
1035.6,1200
1035.7,1200
1035.8,1200
1035.9,1200
1036,1200
1036.1,1200
1036.2,1200
1036.3,1200
1036.4,1200
1036.5,1200
1036.6,1200
1036.7,1200
1036.8,1200
1036.9,1200
1037,1200
1037.1,1200
1037.2,1200
1037.3,1200
1037.4,1200
1037.5,1200
1037.6,1200
1037.7,1200
1037.8,1200
1037.9,1200
1038,1200
1038.1,1200
1038.2,1200
1038.3,1200
1038.4,1200
1038.5,1200
1038.6,1200
1038.7,1200
1038.8,1200
1038.9,1200
1039,1200
1039.1,1200
1039.2,1200
1039.3,1200
1039.4,1200
1039.5,1200
1039.6,1200
1039.7,1200
1039.8,1200
1039.9,1200
1040,1200
1040.1,1200
1040.2,1200
1040.3,1200
1040.4,1200
1040.5,1200
1040.6,1200
1040.7,1200
1040.8,1200
1040.9,1200
1041,1200
1041.1,1200
1041.2,1200
1041.3,1200
1041.4,1200
1041.5,1200
1041.6,1200
1041.7,1200
1041.8,1200
1041.9,1200
1042,1200
1042.1,1200
1042.2,1200
1042.3,1200
1042.4,1200
1042.5,1200
1042.6,1200
1042.7,1200
1042.8,1200
1042.9,1200
1043,1200
1043.1,1200
1043.2,1200
1043.3,1200
1043.4,1200
1043.5,1200
1043.6,1200
1043.7,1200
1043.8,1200
1043.9,1200
1044,1200
1044.1,1200
1044.2,1200
1044.3,1200
1044.4,1200
1044.5,1200
1044.6,1200
1044.7,1200
1044.8,1200
1044.9,1200
1045,1200
1045.1,1200
1045.2,1200
1045.3,1200
1045.4,1200
1045.5,1200
1045.6,1200
1045.7,1200
1045.8,1200
1045.9,1200
1046,1200
1046.1,1200
1046.2,1200
1046.3,1200
1046.4,1200
1046.5,1200
1046.6,1200
1046.7,1200
1046.8,1200
1046.9,1200
1047,1200
1047.1,1200
1047.2,1200
1047.3,1200
1047.4,1200
1047.5,1200
1047.6,1200
1047.7,1200
1047.8,1200
1047.9,1200
1048,1200
1048.1,1200
1048.2,1200
1048.3,1200
1048.4,1200
1048.5,1200
1048.6,1200
1048.7,1200
1048.8,1200
1048.9,1200
1049,1200
1049.1,1200
1049.2,1200
1049.3,1200
1049.4,1200
1049.5,1200
1049.6,1200
1049.7,1200
1049.8,1200
1049.9,1200
1050,1200
1050.1,1200
1050.2,1200
1050.3,1200
1050.4,1200
1050.5,1200
1050.6,1200
1050.7,1200
1050.8,1200
1050.9,1200
1051,1200
1051.1,1200
1051.2,1200
1051.3,1200
1051.4,1200
1051.5,1200
1051.6,1200
1051.7,1200
1051.8,1200
1051.9,1200
1052,1200
1052.1,1200
1052.2,1200
1052.3,1200
1052.4,1200
1052.5,1200
1052.6,1200
1052.7,1200
1052.8,1200
1052.9,1200
1053,1200
1053.1,1200
1053.2,1200
1053.3,1200
1053.4,1200
1053.5,1200
1053.6,1200
1053.7,1200
1053.8,1200
1053.9,1200
1054,1200
1054.1,1200
1054.2,1200
1054.3,1200
1054.4,1200
1054.5,1200
1054.6,1200
1054.7,1200
1054.8,1200
1054.9,1200
1055,1200
1055.1,1200
1055.2,1200
1055.3,1200
1055.4,1200
1055.5,1200
1055.6,1200
1055.7,1200
1055.8,1200
1055.9,1200
1056,1200
1056.1,1200
1056.2,1200
1056.3,1200
1056.4,1200
1056.5,1200
1056.6,1200
1056.7,1200
1056.8,1200
1056.9,1200
1057,1200
1057.1,1200
1057.2,1200
1057.3,1200
1057.4,1200
1057.5,1200
1057.6,1200
1057.7,1200
1057.8,1200
1057.9,1200
1058,1200
1058.1,1200
1058.2,1200
1058.3,1200
1058.4,1200
1058.5,1200
1058.6,1200
1058.7,1200
1058.8,1200
1058.9,1200
1059,1200
1059.1,1200
1059.2,1200
1059.3,1200
1059.4,1200
1059.5,1200
1059.6,1200
1059.7,1200
1059.8,1200
1059.9,1200
1060,1200
1060.1,1200
1060.2,1200
1060.3,1200
1060.4,1200
1060.5,1200
1060.6,1200
1060.7,1200
1060.8,1200
1060.9,1200
1061,1200
1061.1,1200
1061.2,1200
1061.3,1200
1061.4,1200
1061.5,1200
1061.6,1200
1061.7,1200
1061.8,1200
1061.9,1200
1062,1200
1062.1,1200
1062.2,1200
1062.3,1200
1062.4,1200
1062.5,1200
1062.6,1200
1062.7,1200
1062.8,1200
1062.9,1200
1063,1200
1063.1,1200
1063.2,1200
1063.3,1200
1063.4,1200
1063.5,1200
1063.6,1200
1063.7,1200
1063.8,1200
1063.9,1200
1064,1200
1064.1,1200
1064.2,1200
1064.3,1200
1064.4,1200
1064.5,1200
1064.6,1200
1064.7,1200
1064.8,1200
1064.9,1200
1065,1200
1065.1,1200
1065.2,1200
1065.3,1200
1065.4,1200
1065.5,1200
1065.6,1200
1065.7,1200
1065.8,1200
1065.9,1200
1066,1200
1066.1,1200
1066.2,1200
1066.3,1200
1066.4,1200
1066.5,1200
1066.6,1200
1066.7,1200
1066.8,1200
1066.9,1200
1067,1200
1067.1,1200
1067.2,1200
1067.3,1200
1067.4,1200
1067.5,1200
1067.6,1200
1067.7,1200
1067.8,1200
1067.9,1200
1068,1200
1068.1,1200
1068.2,1200
1068.3,1200
1068.4,1200
1068.5,1200
1068.6,1200
1068.7,1200
1068.8,1200
1068.9,1200
1069,1200
1069.1,1200
1069.2,1200
1069.3,1200
1069.4,1200
1069.5,1200
1069.6,1200
1069.7,1200
1069.8,1200
1069.9,1200
1070,1200
1070.1,1200
1070.2,1200
1070.3,1200
1070.4,1200
1070.5,1200
1070.6,1200
1070.7,1200
1070.8,1200
1070.9,1200
1071,1200
1071.1,1200
1071.2,1200
1071.3,1200
1071.4,1200
1071.5,1200
1071.6,1200
1071.7,1200
1071.8,1200
1071.9,1200
1072,1200
1072.1,1200
1072.2,1200
1072.3,1200
1072.4,1200
1072.5,1200
1072.6,1200
1072.7,1200
1072.8,1200
1072.9,1200
1073,1200
1073.1,1200
1073.2,1200
1073.3,1200
1073.4,1200
1073.5,1200
1073.6,1200
1073.7,1200
1073.8,1200
1073.9,1200
1074,1200
1074.1,1200
1074.2,1200
1074.3,1200
1074.4,1200
1074.5,1200
1074.6,1200
1074.7,1200
1074.8,1200
1074.9,1200
1075,1200
1075.1,1200
1075.2,1200
1075.3,1200
1075.4,1200
1075.5,1200
1075.6,1200
1075.7,1200
1075.8,1200
1075.9,1200
1076,1200
1076.1,1200
1076.2,1200
1076.3,1200
1076.4,1200
1076.5,1200
1076.6,1200
1076.7,1200
1076.8,1200
1076.9,1200
1077,1200
1077.1,1200
1077.2,1200
1077.3,1200
1077.4,1200
1077.5,1200
1077.6,1200
1077.7,1200
1077.8,1200
1077.9,1200
1078,1200
1078.1,1200
1078.2,1200
1078.3,1200
1078.4,1200
1078.5,1200
1078.6,1200
1078.7,1200
1078.8,1200
1078.9,1200
1079,1200
1079.1,1200
1079.2,1200
1079.3,1200
1079.4,1200
1079.5,1200
1079.6,1200
1079.7,1200
1079.8,1200
1079.9,1200
1080,1200
1080.1,1200
1080.2,1200
1080.3,1200
1080.4,1200
1080.5,1200
1080.6,1200
1080.7,1200
1080.8,1200
1080.9,1200
1081,1200
1081.1,1200
1081.2,1200
1081.3,1200
1081.4,1200
1081.5,1200
1081.6,1200
1081.7,1200
1081.8,1200
1081.9,1200
1082,1200
1082.1,1200
1082.2,1200
1082.3,1200
1082.4,1200
1082.5,1200
1082.6,1200
1082.7,1200
1082.8,1200
1082.9,1200
1083,1200
1083.1,1200
1083.2,1200
1083.3,1200
1083.4,1200
1083.5,1200
1083.6,1200
1083.7,1200
1083.8,1200
1083.9,1200
1084,1200
1084.1,1200
1084.2,1200
1084.3,1200
1084.4,1200
1084.5,1200
1084.6,1200
1084.7,1200
1084.8,1200
1084.9,1200
1085,1200
1085.1,1200
1085.2,1200
1085.3,1200
1085.4,1200
1085.5,1200
1085.6,1200
1085.7,1200
1085.8,1200
1085.9,1200
1086,1200
1086.1,1200
1086.2,1200
1086.3,1200
1086.4,1200
1086.5,1200
1086.6,1200
1086.7,1200
1086.8,1200
1086.9,1200
1087,1200
1087.1,1200
1087.2,1200
1087.3,1200
1087.4,1200
1087.5,1200
1087.6,1200
1087.7,1200
1087.8,1200
1087.9,1200
1088,1200
1088.1,1200
1088.2,1200
1088.3,1200
1088.4,1200
1088.5,1200
1088.6,1200
1088.7,1200
1088.8,1200
1088.9,1200
1089,1200
1089.1,1200
1089.2,1200
1089.3,1200
1089.4,1200
1089.5,1200
1089.6,1200
1089.7,1200
1089.8,1200
1089.9,1200
1090,1200
1090.1,1200
1090.2,1200
1090.3,1200
1090.4,1200
1090.5,1200
1090.6,1200
1090.7,1200
1090.8,1200
1090.9,1200
1091,1200
1091.1,1200
1091.2,1200
1091.3,1200
1091.4,1200
1091.5,1200
1091.6,1200
1091.7,1200
1091.8,1200
1091.9,1200
1092,1200
1092.1,1200
1092.2,1200
1092.3,1200
1092.4,1200
1092.5,1200
1092.6,1200
1092.7,1200
1092.8,1200
1092.9,1200
1093,1200
1093.1,1200
1093.2,1200
1093.3,1200
1093.4,1200
1093.5,1200
1093.6,1200
1093.7,1200
1093.8,1200
1093.9,1200
1094,1200
1094.1,1200
1094.2,1200
1094.3,1200
1094.4,1200
1094.5,1200
1094.6,1200
1094.7,1200
1094.8,1200
1094.9,1200
1095,1200
1095.1,1200
1095.2,1200
1095.3,1200
1095.4,1200
1095.5,1200
1095.6,1200
1095.7,1200
1095.8,1200
1095.9,1200
1096,1200
1096.1,1200
1096.2,1200
1096.3,1200
1096.4,1200
1096.5,1200
1096.6,1200
1096.7,1200
1096.8,1200
1096.9,1200
1097,1200
1097.1,1200
1097.2,1200
1097.3,1200
1097.4,1200
1097.5,1200
1097.6,1200
1097.7,1200
1097.8,1200
1097.9,1200
1098,1200
1098.1,1200
1098.2,1200
1098.3,1200
1098.4,1200
1098.5,1200
1098.6,1200
1098.7,1200
1098.8,1200
1098.9,1200
1099,1200
1099.1,1200
1099.2,1200
1099.3,1200
1099.4,1200
1099.5,1200
1099.6,1200
1099.7,1200
1099.8,1200
1099.9,1200
1100,1200
1100.1,1200
1100.2,1200
1100.3,1200
1100.4,1200
1100.5,1200
1100.6,1200
1100.7,1200
1100.8,1200
1100.9,1200
1101,1200
1101.1,1200
1101.2,1200
1101.3,1200
1101.4,1200
1101.5,1200
1101.6,1200
1101.7,1200
1101.8,1200
1101.9,1200
1102,1200
1102.1,1200
1102.2,1200
1102.3,1200
1102.4,1200
1102.5,1200
1102.6,1200
1102.7,1200
1102.8,1200
1102.9,1200
1103,1200
1103.1,1200
1103.2,1200
1103.3,1200
1103.4,1200
1103.5,1200
1103.6,1200
1103.7,1200
1103.8,1200
1103.9,1200
1104,1200
1104.1,1200
1104.2,1200
1104.3,1200
1104.4,1200
1104.5,1200
1104.6,1200
1104.7,1200
1104.8,1200
1104.9,1200
1105,1200
1105.1,1200
1105.2,1200
1105.3,1200
1105.4,1200
1105.5,1200
1105.6,1200
1105.7,1200
1105.8,1200
1105.9,1200
1106,1200
1106.1,1200
1106.2,1200
1106.3,1200
1106.4,1200
1106.5,1200
1106.6,1200
1106.7,1200
1106.8,1200
1106.9,1200
1107,1200
1107.1,1200
1107.2,1200
1107.3,1200
1107.4,1200
1107.5,1200
1107.6,1200
1107.7,1200
1107.8,1200
1107.9,1200
1108,1200
1108.1,1200
1108.2,1200
1108.3,1200
1108.4,1200
1108.5,1200
1108.6,1200
1108.7,1200
1108.8,1200
1108.9,1200
1109,1200
1109.1,1200
1109.2,1200
1109.3,1200
1109.4,1200
1109.5,1200
1109.6,1200
1109.7,1200
1109.8,1200
1109.9,1200
1110,1200
1110.1,1200
1110.2,1200
1110.3,1200
1110.4,1200
1110.5,1200
1110.6,1200
1110.7,1200
1110.8,1200
1110.9,1200
1111,1200
1111.1,1200
1111.2,1200
1111.3,1200
1111.4,1200
1111.5,1200
1111.6,1200
1111.7,1200
1111.8,1200
1111.9,1200
1112,1200
1112.1,1200
1112.2,1200
1112.3,1200
1112.4,1200
1112.5,1200
1112.6,1200
1112.7,1200
1112.8,1200
1112.9,1200
1113,1200
1113.1,1200
1113.2,1200
1113.3,1200
1113.4,1200
1113.5,1200
1113.6,1200
1113.7,1200
1113.8,1200
1113.9,1200
1114,1200
1114.1,1200
1114.2,1200
1114.3,1200
1114.4,1200
1114.5,1200
1114.6,1200
1114.7,1200
1114.8,1200
1114.9,1200
1115,1200
1115.1,1200
1115.2,1200
1115.3,1200
1115.4,1200
1115.5,1200
1115.6,1200
1115.7,1200
1115.8,1200
1115.9,1200
1116,1200
1116.1,1200
1116.2,1200
1116.3,1200
1116.4,1200
1116.5,1200
1116.6,1200
1116.7,1200
1116.8,1200
1116.9,1200
1117,1200
1117.1,1200
1117.2,1200
1117.3,1200
1117.4,1200
1117.5,1200
1117.6,1200
1117.7,1200
1117.8,1200
1117.9,1200
1118,1200
1118.1,1200
1118.2,1200
1118.3,1200
1118.4,1200
1118.5,1200
1118.6,1200
1118.7,1200
1118.8,1200
1118.9,1200
1119,1200
1119.1,1200
1119.2,1200
1119.3,1200
1119.4,1200
1119.5,1200
1119.6,1200
1119.7,1200
1119.8,1200
1119.9,1200
1120,1200
1120.1,1200
1120.2,1200
1120.3,1200
1120.4,1200
1120.5,1200
1120.6,1200
1120.7,1200
1120.8,1200
1120.9,1200
1121,1200
1121.1,1200
1121.2,1200
1121.3,1200
1121.4,1200
1121.5,1200
1121.6,1200
1121.7,1200
1121.8,1200
1121.9,1200
1122,1200
1122.1,1200
1122.2,1200
1122.3,1200
1122.4,1200
1122.5,1200
1122.6,1200
1122.7,1200
1122.8,1200
1122.9,1200
1123,1200
1123.1,1200
1123.2,1200
1123.3,1200
1123.4,1200
1123.5,1200
1123.6,1200
1123.7,1200
1123.8,1200
1123.9,1200
1124,1200
1124.1,1200
1124.2,1200
1124.3,1200
1124.4,1200
1124.5,1200
1124.6,1200
1124.7,1200
1124.8,1200
1124.9,1200
1125,1200
1125.1,1200
1125.2,1200
1125.3,1200
1125.4,1200
1125.5,1200
1125.6,1200
1125.7,1200
1125.8,1200
1125.9,1200
1126,1200
1126.1,1200
1126.2,1200
1126.3,1200
1126.4,1200
1126.5,1200
1126.6,1200
1126.7,1200
1126.8,1200
1126.9,1200
1127,1200
1127.1,1200
1127.2,1200
1127.3,1200
1127.4,1200
1127.5,1200
1127.6,1200
1127.7,1200
1127.8,1200
1127.9,1200
1128,1200
1128.1,1200
1128.2,1200
1128.3,1200
1128.4,1200
1128.5,1200
1128.6,1200
1128.7,1200
1128.8,1200
1128.9,1200
1129,1200
1129.1,1200
1129.2,1200
1129.3,1200
1129.4,1200
1129.5,1200
1129.6,1200
1129.7,1200
1129.8,1200
1129.9,1200
1130,1200
1130.1,1200
1130.2,1200
1130.3,1200
1130.4,1200
1130.5,1200
1130.6,1200
1130.7,1200
1130.8,1200
1130.9,1200
1131,1200
1131.1,1200
1131.2,1200
1131.3,1200
1131.4,1200
1131.5,1200
1131.6,1200
1131.7,1200
1131.8,1200
1131.9,1200
1132,1200
1132.1,1200
1132.2,1200
1132.3,1200
1132.4,1200
1132.5,1200
1132.6,1200
1132.7,1200
1132.8,1200
1132.9,1200
1133,1200
1133.1,1200
1133.2,1200
1133.3,1200
1133.4,1200
1133.5,1200
1133.6,1200
1133.7,1200
1133.8,1200
1133.9,1200
1134,1200
1134.1,1200
1134.2,1200
1134.3,1200
1134.4,1200
1134.5,1200
1134.6,1200
1134.7,1200
1134.8,1200
1134.9,1200
1135,1200
1135.1,1200
1135.2,1200
1135.3,1200
1135.4,1200
1135.5,1200
1135.6,1200
1135.7,1200
1135.8,1200
1135.9,1200
1136,1200
1136.1,1200
1136.2,1200
1136.3,1200
1136.4,1200
1136.5,1200
1136.6,1200
1136.7,1200
1136.8,1200
1136.9,1200
1137,1200
1137.1,1200
1137.2,1200
1137.3,1200
1137.4,1200
1137.5,1200
1137.6,1200
1137.7,1200
1137.8,1200
1137.9,1200
1138,1200
1138.1,1200
1138.2,1200
1138.3,1200
1138.4,1200
1138.5,1200
1138.6,1200
1138.7,1200
1138.8,1200
1138.9,1200
1139,1200
1139.1,1200
1139.2,1200
1139.3,1200
1139.4,1200
1139.5,1200
1139.6,1200
1139.7,1200
1139.8,1200
1139.9,1200
1140,1200
1140.1,1200
1140.2,1200
1140.3,1200
1140.4,1200
1140.5,1200
1140.6,1200
1140.7,1200
1140.8,1200
1140.9,1200
1141,1200
1141.1,1200
1141.2,1200
1141.3,1200
1141.4,1200
1141.5,1200
1141.6,1200
1141.7,1200
1141.8,1200
1141.9,1200
1142,1200
1142.1,1200
1142.2,1200
1142.3,1200
1142.4,1200
1142.5,1200
1142.6,1200
1142.7,1200
1142.8,1200
1142.9,1200
1143,1200
1143.1,1200
1143.2,1200
1143.3,1200
1143.4,1200
1143.5,1200
1143.6,1200
1143.7,1200
1143.8,1200
1143.9,1200
1144,1200
1144.1,1200
1144.2,1200
1144.3,1200
1144.4,1200
1144.5,1200
1144.6,1200
1144.7,1200
1144.8,1200
1144.9,1200
1145,1200
1145.1,1200
1145.2,1200
1145.3,1200
1145.4,1200
1145.5,1200
1145.6,1200
1145.7,1200
1145.8,1200
1145.9,1200
1146,1200
1146.1,1200
1146.2,1200
1146.3,1200
1146.4,1200
1146.5,1200
1146.6,1200
1146.7,1200
1146.8,1200
1146.9,1200
1147,1200
1147.1,1200
1147.2,1200
1147.3,1200
1147.4,1200
1147.5,1200
1147.6,1200
1147.7,1200
1147.8,1200
1147.9,1200
1148,1200
1148.1,1200
1148.2,1200
1148.3,1200
1148.4,1200
1148.5,1200
1148.6,1200
1148.7,1200
1148.8,1200
1148.9,1200
1149,1200
1149.1,1200
1149.2,1200
1149.3,1200
1149.4,1200
1149.5,1200
1149.6,1200
1149.7,1200
1149.8,1200
1149.9,1200
1150,1200
1150.1,1200
1150.2,1200
1150.3,1200
1150.4,1200
1150.5,1200
1150.6,1200
1150.7,1200
1150.8,1200
1150.9,1200
1151,1200
1151.1,1200
1151.2,1200
1151.3,1200
1151.4,1200
1151.5,1200
1151.6,1200
1151.7,1200
1151.8,1200
1151.9,1200
1152,1200
1152.1,1200
1152.2,1200
1152.3,1200
1152.4,1200
1152.5,1200
1152.6,1200
1152.7,1200
1152.8,1200
1152.9,1200
1153,1200
1153.1,1200
1153.2,1200
1153.3,1200
1153.4,1200
1153.5,1200
1153.6,1200
1153.7,1200
1153.8,1200
1153.9,1200
1154,1200
1154.1,1200
1154.2,1200
1154.3,1200
1154.4,1200
1154.5,1200
1154.6,1200
1154.7,1200
1154.8,1200
1154.9,1200
1155,1200
1155.1,1200
1155.2,1200
1155.3,1200
1155.4,1200
1155.5,1200
1155.6,1200
1155.7,1200
1155.8,1200
1155.9,1200
1156,1200
1156.1,1200
1156.2,1200
1156.3,1200
1156.4,1200
1156.5,1200
1156.6,1200
1156.7,1200
1156.8,1200
1156.9,1200
1157,1200
1157.1,1200
1157.2,1200
1157.3,1200
1157.4,1200
1157.5,1200
1157.6,1200
1157.7,1200
1157.8,1200
1157.9,1200
1158,1200
1158.1,1200
1158.2,1200
1158.3,1200
1158.4,1200
1158.5,1200
1158.6,1200
1158.7,1200
1158.8,1200
1158.9,1200
1159,1200
1159.1,1200
1159.2,1200
1159.3,1200
1159.4,1200
1159.5,1200
1159.6,1200
1159.7,1200
1159.8,1200
1159.9,1200
1160,1200
1160.1,1200
1160.2,1200
1160.3,1200
1160.4,1200
1160.5,1200
1160.6,1200
1160.7,1200
1160.8,1200
1160.9,1200
1161,1200
1161.1,1200
1161.2,1200
1161.3,1200
1161.4,1200
1161.5,1200
1161.6,1200
1161.7,1200
1161.8,1200
1161.9,1200
1162,1200
1162.1,1200
1162.2,1200
1162.3,1200
1162.4,1200
1162.5,1200
1162.6,1200
1162.7,1200
1162.8,1200
1162.9,1200
1163,1200
1163.1,1200
1163.2,1200
1163.3,1200
1163.4,1200
1163.5,1200
1163.6,1200
1163.7,1200
1163.8,1200
1163.9,1200
1164,1200
1164.1,1200
1164.2,1200
1164.3,1200
1164.4,1200
1164.5,1200
1164.6,1200
1164.7,1200
1164.8,1200
1164.9,1200
1165,1200
1165.1,1200
1165.2,1200
1165.3,1200
1165.4,1200
1165.5,1200
1165.6,1200
1165.7,1200
1165.8,1200
1165.9,1200
1166,1200
1166.1,1200
1166.2,1200
1166.3,1200
1166.4,1200
1166.5,1200
1166.6,1200
1166.7,1200
1166.8,1200
1166.9,1200
1167,1200
1167.1,1200
1167.2,1200
1167.3,1200
1167.4,1200
1167.5,1200
1167.6,1200
1167.7,1200
1167.8,1200
1167.9,1200
1168,1200
1168.1,1200
1168.2,1200
1168.3,1200
1168.4,1200
1168.5,1200
1168.6,1200
1168.7,1200
1168.8,1200
1168.9,1200
1169,1200
1169.1,1200
1169.2,1200
1169.3,1200
1169.4,1200
1169.5,1200
1169.6,1200
1169.7,1200
1169.8,1200
1169.9,1200
1170,1200
1170.1,1200
1170.2,1200
1170.3,1200
1170.4,1200
1170.5,1200
1170.6,1200
1170.7,1200
1170.8,1200
1170.9,1200
1171,1200
1171.1,1200
1171.2,1200
1171.3,1200
1171.4,1200
1171.5,1200
1171.6,1200
1171.7,1200
1171.8,1200
1171.9,1200
1172,1200
1172.1,1200
1172.2,1200
1172.3,1200
1172.4,1200
1172.5,1200
1172.6,1200
1172.7,1200
1172.8,1200
1172.9,1200
1173,1200
1173.1,1200
1173.2,1200
1173.3,1200
1173.4,1200
1173.5,1200
1173.6,1200
1173.7,1200
1173.8,1200
1173.9,1200
1174,1200
1174.1,1200
1174.2,1200
1174.3,1200
1174.4,1200
1174.5,1200
1174.6,1200
1174.7,1200
1174.8,1200
1174.9,1200
1175,1200
1175.1,1200
1175.2,1200
1175.3,1200
1175.4,1200
1175.5,1200
1175.6,1200
1175.7,1200
1175.8,1200
1175.9,1200
1176,1200
1176.1,1200
1176.2,1200
1176.3,1200
1176.4,1200
1176.5,1200
1176.6,1200
1176.7,1200
1176.8,1200
1176.9,1200
1177,1200
1177.1,1200
1177.2,1200
1177.3,1200
1177.4,1200
1177.5,1200
1177.6,1200
1177.7,1200
1177.8,1200
1177.9,1200
1178,1200
1178.1,1200
1178.2,1200
1178.3,1200
1178.4,1200
1178.5,1200
1178.6,1200
1178.7,1200
1178.8,1200
1178.9,1200
1179,1200
1179.1,1200
1179.2,1200
1179.3,1200
1179.4,1200
1179.5,1200
1179.6,1200
1179.7,1200
1179.8,1200
1179.9,1200
1180,1200
1180.1,1200
1180.2,1200
1180.3,1200
1180.4,1200
1180.5,1200
1180.6,1200
1180.7,1200
1180.8,1200
1180.9,1200
1181,1200
1181.1,1200
1181.2,1200
1181.3,1200
1181.4,1200
1181.5,1200
1181.6,1200
1181.7,1200
1181.8,1200
1181.9,1200
1182,1200
1182.1,1200
1182.2,1200
1182.3,1200
1182.4,1200
1182.5,1200
1182.6,1200
1182.7,1200
1182.8,1200
1182.9,1200
1183,1200
1183.1,1200
1183.2,1200
1183.3,1200
1183.4,1200
1183.5,1200
1183.6,1200
1183.7,1200
1183.8,1200
1183.9,1200
1184,1200
1184.1,1200
1184.2,1200
1184.3,1200
1184.4,1200
1184.5,1200
1184.6,1200
1184.7,1200
1184.8,1200
1184.9,1200
1185,1200
1185.1,1200
1185.2,1200
1185.3,1200
1185.4,1200
1185.5,1200
1185.6,1200
1185.7,1200
1185.8,1200
1185.9,1200
1186,1200
1186.1,1200
1186.2,1200
1186.3,1200
1186.4,1200
1186.5,1200
1186.6,1200
1186.7,1200
1186.8,1200
1186.9,1200
1187,1200
1187.1,1200
1187.2,1200
1187.3,1200
1187.4,1200
1187.5,1200
1187.6,1200
1187.7,1200
1187.8,1200
1187.9,1200
1188,1200
1188.1,1200
1188.2,1200
1188.3,1200
1188.4,1200
1188.5,1200
1188.6,1200
1188.7,1200
1188.8,1200
1188.9,1200
1189,1200
1189.1,1200
1189.2,1200
1189.3,1200
1189.4,1200
1189.5,1200
1189.6,1200
1189.7,1200
1189.8,1200
1189.9,1200
1190,1200
1190.1,1200
1190.2,1200
1190.3,1200
1190.4,1200
1190.5,1200
1190.6,1200
1190.7,1200
1190.8,1200
1190.9,1200
1191,1200
1191.1,1200
1191.2,1200
1191.3,1200
1191.4,1200
1191.5,1200
1191.6,1200
1191.7,1200
1191.8,1200
1191.9,1200
1192,1200
1192.1,1200
1192.2,1200
1192.3,1200
1192.4,1200
1192.5,1200
1192.6,1200
1192.7,1200
1192.8,1200
1192.9,1200
1193,1200
1193.1,1200
1193.2,1200
1193.3,1200
1193.4,1200
1193.5,1200
1193.6,1200
1193.7,1200
1193.8,1200
1193.9,1200
1194,1200
1194.1,1200
1194.2,1200
1194.3,1200
1194.4,1200
1194.5,1200
1194.6,1200
1194.7,1200
1194.8,1200
1194.9,1200
1195,1200
1195.1,1200
1195.2,1200
1195.3,1200
1195.4,1200
1195.5,1200
1195.6,1200
1195.7,1200
1195.8,1200
1195.9,1200
1196,1200
1196.1,1200
1196.2,1200
1196.3,1200
1196.4,1200
1196.5,1200
1196.6,1200
1196.7,1200
1196.8,1200
1196.9,1200
1197,1200
1197.1,1200
1197.2,1200
1197.3,1200
1197.4,1200
1197.5,1200
1197.6,1200
1197.7,1200
1197.8,1200
1197.9,1200
1198,1200
1198.1,1200
1198.2,1200
1198.3,1200
1198.4,1200
1198.5,1200
1198.6,1200
1198.7,1200
1198.8,1200
1198.9,1200
1199,1200
1199.1,1200
1199.2,1200
1199.3,1200
1199.4,1200
1199.5,1200
1199.6,1200
1199.7,1200
1199.8,1200
1199.9,1200
1200,1200
1200.1,1200
1200.2,1200
1200.3,1200
1200.4,1200
1200.5,1200
1200.6,1200
1200.7,1200
1200.8,1200
1200.9,1200
1201,1200
1201.1,1200
1201.2,1200
1201.3,1200
1201.4,1200
1201.5,1200
1201.6,1200
1201.7,1200
1201.8,1200
1201.9,1200
1202,1200
1202.1,1200
1202.2,1200
1202.3,1200
1202.4,1200
1202.5,1200
1202.6,1200
1202.7,1200
1202.8,1200
1202.9,1200
1203,1200
1203.1,1200
1203.2,1200
1203.3,1200
1203.4,1200
1203.5,1200
1203.6,1200
1203.7,1200
1203.8,1200
1203.9,1200
1204,1200
1204.1,1200
1204.2,1200
1204.3,1200
1204.4,1200
1204.5,1200
1204.6,1200
1204.7,1200
1204.8,1200
1204.9,1200
1205,1200
1205.1,1200
1205.2,1200
1205.3,1200
1205.4,1200
1205.5,1200
1205.6,1200
1205.7,1200
1205.8,1200
1205.9,1200
1206,1200
1206.1,1200
1206.2,1200
1206.3,1200
1206.4,1200
1206.5,1200
1206.6,1200
1206.7,1200
1206.8,1200
1206.9,1200
1207,1200
1207.1,1200
1207.2,1200
1207.3,1200
1207.4,1200
1207.5,1200
1207.6,1200
1207.7,1200
1207.8,1200
1207.9,1200
1208,1200
1208.1,1200
1208.2,1200
1208.3,1200
1208.4,1200
1208.5,1200
1208.6,1200
1208.7,1200
1208.8,1200
1208.9,1200
1209,1200
1209.1,1200
1209.2,1200
1209.3,1200
1209.4,1200
1209.5,1200
1209.6,1200
1209.7,1200
1209.8,1200
1209.9,1200
1210,1200
1210.1,1200
1210.2,1200
1210.3,1200
1210.4,1200
1210.5,1200
1210.6,1200
1210.7,1200
1210.8,1200
1210.9,1200
1211,1200
1211.1,1200
1211.2,1200
1211.3,1200
1211.4,1200
1211.5,1200
1211.6,1200
1211.7,1200
1211.8,1200
1211.9,1200
1212,1200
1212.1,1200
1212.2,1200
1212.3,1200
1212.4,1200
1212.5,1200
1212.6,1200
1212.7,1200
1212.8,1200
1212.9,1200
1213,1200
1213.1,1200
1213.2,1200
1213.3,1200
1213.4,1200
1213.5,1200
1213.6,1200
1213.7,1200
1213.8,1200
1213.9,1200
1214,1200
1214.1,1200
1214.2,1200
1214.3,1200
1214.4,1200
1214.5,1200
1214.6,1200
1214.7,1200
1214.8,1200
1214.9,1200
1215,1200
1215.1,1200
1215.2,1200
1215.3,1200
1215.4,1200
1215.5,1200
1215.6,1200
1215.7,1200
1215.8,1200
1215.9,1200
1216,1200
1216.1,1200
1216.2,1200
1216.3,1200
1216.4,1200
1216.5,1200
1216.6,1200
1216.7,1200
1216.8,1200
1216.9,1200
1217,1200
1217.1,1200
1217.2,1200
1217.3,1200
1217.4,1200
1217.5,1200
1217.6,1200
1217.7,1200
1217.8,1200
1217.9,1200
1218,1200
1218.1,1200
1218.2,1200
1218.3,1200
1218.4,1200
1218.5,1200
1218.6,1200
1218.7,1200
1218.8,1200
1218.9,1200
1219,1200
1219.1,1200
1219.2,1200
1219.3,1200
1219.4,1200
1219.5,1200
1219.6,1200
1219.7,1200
1219.8,1200
1219.9,1200
1220,1200
1220.1,1200
1220.2,1200
1220.3,1200
1220.4,1200
1220.5,1200
1220.6,1200
1220.7,1200
1220.8,1200
1220.9,1200
1221,1200
1221.1,1200
1221.2,1200
1221.3,1200
1221.4,1200
1221.5,1200
1221.6,1200
1221.7,1200
1221.8,1200
1221.9,1200
1222,1200
1222.1,1200
1222.2,1200
1222.3,1200
1222.4,1200
1222.5,1200
1222.6,1200
1222.7,1200
1222.8,1200
1222.9,1200
1223,1200
1223.1,1200
1223.2,1200
1223.3,1200
1223.4,1200
1223.5,1200
1223.6,1200
1223.7,1200
1223.8,1200
1223.9,1200
1224,1200
1224.1,1200
1224.2,1200
1224.3,1200
1224.4,1200
1224.5,1200
1224.6,1200
1224.7,1200
1224.8,1200
1224.9,1200
1225,1200
1225.1,1200
1225.2,1200
1225.3,1200
1225.4,1200
1225.5,1200
1225.6,1200
1225.7,1200
1225.8,1200
1225.9,1200
1226,1200
1226.1,1200
1226.2,1200
1226.3,1200
1226.4,1200
1226.5,1200
1226.6,1200
1226.7,1200
1226.8,1200
1226.9,1200
1227,1200
1227.1,1200
1227.2,1200
1227.3,1200
1227.4,1200
1227.5,1200
1227.6,1200
1227.7,1200
1227.8,1200
1227.9,1200
1228,1200
1228.1,1200
1228.2,1200
1228.3,1200
1228.4,1200
1228.5,1200
1228.6,1200
1228.7,1200
1228.8,1200
1228.9,1200
1229,1200
1229.1,1200
1229.2,1200
1229.3,1200
1229.4,1200
1229.5,1200
1229.6,1200
1229.7,1200
1229.8,1200
1229.9,1200
1230,1200
1230.1,1200
1230.2,1200
1230.3,1200
1230.4,1200
1230.5,1200
1230.6,1200
1230.7,1200
1230.8,1200
1230.9,1200
1231,1200
1231.1,1200
1231.2,1200
1231.3,1200
1231.4,1200
1231.5,1200
1231.6,1200
1231.7,1200
1231.8,1200
1231.9,1200
1232,1200
1232.1,1200
1232.2,1200
1232.3,1200
1232.4,1200
1232.5,1200
1232.6,1200
1232.7,1200
1232.8,1200
1232.9,1200
1233,1200
1233.1,1200
1233.2,1200
1233.3,1200
1233.4,1200
1233.5,1200
1233.6,1200
1233.7,1200
1233.8,1200
1233.9,1200
1234,1200
1234.1,1200
1234.2,1200
1234.3,1200
1234.4,1200
1234.5,1200
1234.6,1200
1234.7,1200
1234.8,1200
1234.9,1200
1235,1200
1235.1,1200
1235.2,1200
1235.3,1200
1235.4,1200
1235.5,1200
1235.6,1200
1235.7,1200
1235.8,1200
1235.9,1200
1236,1200
1236.1,1200
1236.2,1200
1236.3,1200
1236.4,1200
1236.5,1200
1236.6,1200
1236.7,1200
1236.8,1200
1236.9,1200
1237,1200
1237.1,1200
1237.2,1200
1237.3,1200
1237.4,1200
1237.5,1200
1237.6,1200
1237.7,1200
1237.8,1200
1237.9,1200
1238,1200
1238.1,1200
1238.2,1200
1238.3,1200
1238.4,1200
1238.5,1200
1238.6,1200
1238.7,1200
1238.8,1200
1238.9,1200
1239,1200
1239.1,1200
1239.2,1200
1239.3,1200
1239.4,1200
1239.5,1200
1239.6,1200
1239.7,1200
1239.8,1200
1239.9,1200
1240,1200
1240.1,1200
1240.2,1200
1240.3,1200
1240.4,1200
1240.5,1200
1240.6,1200
1240.7,1200
1240.8,1200
1240.9,1200
1241,1200
1241.1,1200
1241.2,1200
1241.3,1200
1241.4,1200
1241.5,1200
1241.6,1200
1241.7,1200
1241.8,1200
1241.9,1200
1242,1200
1242.1,1200
1242.2,1200
1242.3,1200
1242.4,1200
1242.5,1200
1242.6,1200
1242.7,1200
1242.8,1200
1242.9,1200
1243,1200
1243.1,1200
1243.2,1200
1243.3,1200
1243.4,1200
1243.5,1200
1243.6,1200
1243.7,1200
1243.8,1200
1243.9,1200
1244,1200
1244.1,1200
1244.2,1200
1244.3,1200
1244.4,1200
1244.5,1200
1244.6,1200
1244.7,1200
1244.8,1200
1244.9,1200
1245,1200
1245.1,1200
1245.2,1200
1245.3,1200
1245.4,1200
1245.5,1200
1245.6,1200
1245.7,1200
1245.8,1200
1245.9,1200
1246,1200
1246.1,1200
1246.2,1200
1246.3,1200
1246.4,1200
1246.5,1200
1246.6,1200
1246.7,1200
1246.8,1200
1246.9,1200
1247,1200
1247.1,1200
1247.2,1200
1247.3,1200
1247.4,1200
1247.5,1200
1247.6,1200
1247.7,1200
1247.8,1200
1247.9,1200
1248,1200
1248.1,1200
1248.2,1200
1248.3,1200
1248.4,1200
1248.5,1200
1248.6,1200
1248.7,1200
1248.8,1200
1248.9,1200
1249,1200
1249.1,1200
1249.2,1200
1249.3,1200
1249.4,1200
1249.5,1200
1249.6,1200
1249.7,1200
1249.8,1200
1249.9,1200
1250,1200
1250.1,1200
1250.2,1200
1250.3,1200
1250.4,1200
1250.5,1200
1250.6,1200
1250.7,1200
1250.8,1200
1250.9,1200
1251,1200
1251.1,1200
1251.2,1200
1251.3,1200
1251.4,1200
1251.5,1200
1251.6,1200
1251.7,1200
1251.8,1200
1251.9,1200
1252,1200
1252.1,1200
1252.2,1200
1252.3,1200
1252.4,1200
1252.5,1200
1252.6,1200
1252.7,1200
1252.8,1200
1252.9,1200
1253,1200
1253.1,1200
1253.2,1200
1253.3,1200
1253.4,1200
1253.5,1200
1253.6,1200
1253.7,1200
1253.8,1200
1253.9,1200
1254,1200
1254.1,1200
1254.2,1200
1254.3,1200
1254.4,1200
1254.5,1200
1254.6,1200
1254.7,1200
1254.8,1200
1254.9,1200
1255,1200
1255.1,1200
1255.2,1200
1255.3,1200
1255.4,1200
1255.5,1200
1255.6,1200
1255.7,1200
1255.8,1200
1255.9,1200
1256,1200
1256.1,1200
1256.2,1200
1256.3,1200
1256.4,1200
1256.5,1200
1256.6,1200
1256.7,1200
1256.8,1200
1256.9,1200
1257,1200
1257.1,1200
1257.2,1200
1257.3,1200
1257.4,1200
1257.5,1200
1257.6,1200
1257.7,1200
1257.8,1200
1257.9,1200
1258,1200
1258.1,1200
1258.2,1200
1258.3,1200
1258.4,1200
1258.5,1200
1258.6,1200
1258.7,1200
1258.8,1200
1258.9,1200
1259,1200
1259.1,1200
1259.2,1200
1259.3,1200
1259.4,1200
1259.5,1200
1259.6,1200
1259.7,1200
1259.8,1200
1259.9,1200
1260,1200
1260.1,1200
1260.2,1200
1260.3,1200
1260.4,1200
1260.5,1200
1260.6,1200
1260.7,1200
1260.8,1200
1260.9,1200
1261,1200
1261.1,1200
1261.2,1200
1261.3,1200
1261.4,1200
1261.5,1200
1261.6,1200
1261.7,1200
1261.8,1200
1261.9,1200
1262,1200
1262.1,1200
1262.2,1200
1262.3,1200
1262.4,1200
1262.5,1200
1262.6,1200
1262.7,1200
1262.8,1200
1262.9,1200
1263,1200
1263.1,1200
1263.2,1200
1263.3,1200
1263.4,1200
1263.5,1200
1263.6,1200
1263.7,1200
1263.8,1200
1263.9,1200
1264,1200
1264.1,1200
1264.2,1200
1264.3,1200
1264.4,1200
1264.5,1200
1264.6,1200
1264.7,1200
1264.8,1200
1264.9,1200
1265,1200
1265.1,1200
1265.2,1200
1265.3,1200
1265.4,1200
1265.5,1200
1265.6,1200
1265.7,1200
1265.8,1200
1265.9,1200
1266,1200
1266.1,1200
1266.2,1200
1266.3,1200
1266.4,1200
1266.5,1200
1266.6,1200
1266.7,1200
1266.8,1200
1266.9,1200
1267,1200
1267.1,1200
1267.2,1200
1267.3,1200
1267.4,1200
1267.5,1200
1267.6,1200
1267.7,1200
1267.8,1200
1267.9,1200
1268,1200
1268.1,1200
1268.2,1200
1268.3,1200
1268.4,1200
1268.5,1200
1268.6,1200
1268.7,1200
1268.8,1200
1268.9,1200
1269,1200
1269.1,1200
1269.2,1200
1269.3,1200
1269.4,1200
1269.5,1200
1269.6,1200
1269.7,1200
1269.8,1200
1269.9,1200
1270,1200
1270.1,1200
1270.2,1200
1270.3,1200
1270.4,1200
1270.5,1200
1270.6,1200
1270.7,1200
1270.8,1200
1270.9,1200
1271,1200
1271.1,1200
1271.2,1200
1271.3,1200
1271.4,1200
1271.5,1200
1271.6,1200
1271.7,1200
1271.8,1200
1271.9,1200
1272,1200
1272.1,1200
1272.2,1200
1272.3,1200
1272.4,1200
1272.5,1200
1272.6,1200
1272.7,1200
1272.8,1200
1272.9,1200
1273,1200
1273.1,1200
1273.2,1200
1273.3,1200
1273.4,1200
1273.5,1200
1273.6,1200
1273.7,1200
1273.8,1200
1273.9,1200
1274,1200
1274.1,1200
1274.2,1200
1274.3,1200
1274.4,1200
1274.5,1200
1274.6,1200
1274.7,1200
1274.8,1200
1274.9,1200
1275,1200
1275.1,1200
1275.2,1200
1275.3,1200
1275.4,1200
1275.5,1200
1275.6,1200
1275.7,1200
1275.8,1200
1275.9,1200
1276,1200
1276.1,1200
1276.2,1200
1276.3,1200
1276.4,1200
1276.5,1200
1276.6,1200
1276.7,1200
1276.8,1200
1276.9,1200
1277,1200
1277.1,1200
1277.2,1200
1277.3,1200
1277.4,1200
1277.5,1200
1277.6,1200
1277.7,1200
1277.8,1200
1277.9,1200
1278,1200
1278.1,1200
1278.2,1200
1278.3,1200
1278.4,1200
1278.5,1200
1278.6,1200
1278.7,1200
1278.8,1200
1278.9,1200
1279,1200
1279.1,1200
1279.2,1200
1279.3,1200
1279.4,1200
1279.5,1200
1279.6,1200
1279.7,1200
1279.8,1200
1279.9,1200
1280,1200
1280.1,1200
1280.2,1200
1280.3,1200
1280.4,1200
1280.5,1200
1280.6,1200
1280.7,1200
1280.8,1200
1280.9,1200
1281,1200
1281.1,1200
1281.2,1200
1281.3,1200
1281.4,1200
1281.5,1200
1281.6,1200
1281.7,1200
1281.8,1200
1281.9,1200
1282,1200
1282.1,1200
1282.2,1200
1282.3,1200
1282.4,1200
1282.5,1200
1282.6,1200
1282.7,1200
1282.8,1200
1282.9,1200
1283,1200
1283.1,1200
1283.2,1200
1283.3,1200
1283.4,1200
1283.5,1200
1283.6,1200
1283.7,1200
1283.8,1200
1283.9,1200
1284,1200
1284.1,1200
1284.2,1200
1284.3,1200
1284.4,1200
1284.5,1200
1284.6,1200
1284.7,1200
1284.8,1200
1284.9,1200
1285,1200
1285.1,1200
1285.2,1200
1285.3,1200
1285.4,1200
1285.5,1200
1285.6,1200
1285.7,1200
1285.8,1200
1285.9,1200
1286,1200
1286.1,1200
1286.2,1200
1286.3,1200
1286.4,1200
1286.5,1200
1286.6,1200
1286.7,1200
1286.8,1200
1286.9,1200
1287,1200
1287.1,1200
1287.2,1200
1287.3,1200
1287.4,1200
1287.5,1200
1287.6,1200
1287.7,1200
1287.8,1200
1287.9,1200
1288,1200
1288.1,1200
1288.2,1200
1288.3,1200
1288.4,1200
1288.5,1200
1288.6,1200
1288.7,1200
1288.8,1200
1288.9,1200
1289,1200
1289.1,1200
1289.2,1200
1289.3,1200
1289.4,1200
1289.5,1200
1289.6,1200
1289.7,1200
1289.8,1200
1289.9,1200
1290,1200
1290.1,1200
1290.2,1200
1290.3,1200
1290.4,1200
1290.5,1200
1290.6,1200
1290.7,1200
1290.8,1200
1290.9,1200
1291,1200
1291.1,1200
1291.2,1200
1291.3,1200
1291.4,1200
1291.5,1200
1291.6,1200
1291.7,1200
1291.8,1200
1291.9,1200
1292,1200
1292.1,1200
1292.2,1200
1292.3,1200
1292.4,1200
1292.5,1200
1292.6,1200
1292.7,1200
1292.8,1200
1292.9,1200
1293,1200
1293.1,1200
1293.2,1200
1293.3,1200
1293.4,1200
1293.5,1200
1293.6,1200
1293.7,1200
1293.8,1200
1293.9,1200
1294,1200
1294.1,1200
1294.2,1200
1294.3,1200
1294.4,1200
1294.5,1200
1294.6,1200
1294.7,1200
1294.8,1200
1294.9,1200
1295,1200
1295.1,1200
1295.2,1200
1295.3,1200
1295.4,1200
1295.5,1200
1295.6,1200
1295.7,1200
1295.8,1200
1295.9,1200
1296,1200
1296.1,1200
1296.2,1200
1296.3,1200
1296.4,1200
1296.5,1200
1296.6,1200
1296.7,1200
1296.8,1200
1296.9,1200
1297,1200
1297.1,1200
1297.2,1200
1297.3,1200
1297.4,1200
1297.5,1200
1297.6,1200
1297.7,1200
1297.8,1200
1297.9,1200
1298,1200
1298.1,1200
1298.2,1200
1298.3,1200
1298.4,1200
1298.5,1200
1298.6,1200
1298.7,1200
1298.8,1200
1298.9,1200
1299,1200
1299.1,1200
1299.2,1200
1299.3,1200
1299.4,1200
1299.5,1200
1299.6,1200
1299.7,1200
1299.8,1200
1299.9,1200
1300,1200
1300.1,1200
1300.2,1200
1300.3,1200
1300.4,1200
1300.5,1200
1300.6,1200
1300.7,1200
1300.8,1200
1300.9,1200
1301,1200
1301.1,1200
1301.2,1200
1301.3,1200
1301.4,1200
1301.5,1200
1301.6,1200
1301.7,1200
1301.8,1200
1301.9,1200
1302,1200
1302.1,1200
1302.2,1200
1302.3,1200
1302.4,1200
1302.5,1200
1302.6,1200
1302.7,1200
1302.8,1200
1302.9,1200
1303,1200
1303.1,1200
1303.2,1200
1303.3,1200
1303.4,1200
1303.5,1200
1303.6,1200
1303.7,1200
1303.8,1200
1303.9,1200
1304,1200
1304.1,1200
1304.2,1200
1304.3,1200
1304.4,1200
1304.5,1200
1304.6,1200
1304.7,1200
1304.8,1200
1304.9,1200
1305,1200
1305.1,1200
1305.2,1200
1305.3,1200
1305.4,1200
1305.5,1200
1305.6,1200
1305.7,1200
1305.8,1200
1305.9,1200
1306,1200
1306.1,1200
1306.2,1200
1306.3,1200
1306.4,1200
1306.5,1200
1306.6,1200
1306.7,1200
1306.8,1200
1306.9,1200
1307,1200
1307.1,1200
1307.2,1200
1307.3,1200
1307.4,1200
1307.5,1200
1307.6,1200
1307.7,1200
1307.8,1200
1307.9,1200
1308,1200
1308.1,1200
1308.2,1200
1308.3,1200
1308.4,1200
1308.5,1200
1308.6,1200
1308.7,1200
1308.8,1200
1308.9,1200
1309,1200
1309.1,1200
1309.2,1200
1309.3,1200
1309.4,1200
1309.5,1200
1309.6,1200
1309.7,1200
1309.8,1200
1309.9,1200
1310,1200
1310.1,1200
1310.2,1200
1310.3,1200
1310.4,1200
1310.5,1200
1310.6,1200
1310.7,1200
1310.8,1200
1310.9,1200
1311,1200
1311.1,1200
1311.2,1200
1311.3,1200
1311.4,1200
1311.5,1200
1311.6,1200
1311.7,1200
1311.8,1200
1311.9,1200
1312,1200
1312.1,1200
1312.2,1200
1312.3,1200
1312.4,1200
1312.5,1200
1312.6,1200
1312.7,1200
1312.8,1200
1312.9,1200
1313,1200
1313.1,1200
1313.2,1200
1313.3,1200
1313.4,1200
1313.5,1200
1313.6,1200
1313.7,1200
1313.8,1200
1313.9,1200
1314,1200
1314.1,1200
1314.2,1200
1314.3,1200
1314.4,1200
1314.5,1200
1314.6,1200
1314.7,1200
1314.8,1200
1314.9,1200
1315,1200
1315.1,1200
1315.2,1200
1315.3,1200
1315.4,1200
1315.5,1200
1315.6,1200
1315.7,1200
1315.8,1200
1315.9,1200
1316,1200
1316.1,1200
1316.2,1200
1316.3,1200
1316.4,1200
1316.5,1200
1316.6,1200
1316.7,1200
1316.8,1200
1316.9,1200
1317,1200
1317.1,1200
1317.2,1200
1317.3,1200
1317.4,1200
1317.5,1200
1317.6,1200
1317.7,1200
1317.8,1200
1317.9,1200
1318,1200
1318.1,1200
1318.2,1200
1318.3,1200
1318.4,1200
1318.5,1200
1318.6,1200
1318.7,1200
1318.8,1200
1318.9,1200
1319,1200
1319.1,1200
1319.2,1200
1319.3,1200
1319.4,1200
1319.5,1200
1319.6,1200
1319.7,1200
1319.8,1200
1319.9,1200
1320,1200
1320.1,1200
1320.2,1200
1320.3,1200
1320.4,1200
1320.5,1200
1320.6,1200
1320.7,1200
1320.8,1200
1320.9,1200
1321,1200
1321.1,1200
1321.2,1200
1321.3,1200
1321.4,1200
1321.5,1200
1321.6,1200
1321.7,1200
1321.8,1200
1321.9,1200
1322,1200
1322.1,1200
1322.2,1200
1322.3,1200
1322.4,1200
1322.5,1200
1322.6,1200
1322.7,1200
1322.8,1200
1322.9,1200
1323,1200
1323.1,1200
1323.2,1200
1323.3,1200
1323.4,1200
1323.5,1200
1323.6,1200
1323.7,1200
1323.8,1200
1323.9,1200
1324,1200
1324.1,1200
1324.2,1200
1324.3,1200
1324.4,1200
1324.5,1200
1324.6,1200
1324.7,1200
1324.8,1200
1324.9,1200
1325,1200
1325.1,1200
1325.2,1200
1325.3,1200
1325.4,1200
1325.5,1200
1325.6,1200
1325.7,1200
1325.8,1200
1325.9,1200
1326,1200
1326.1,1200
1326.2,1200
1326.3,1200
1326.4,1200
1326.5,1200
1326.6,1200
1326.7,1200
1326.8,1200
1326.9,1200
1327,1200
1327.1,1200
1327.2,1200
1327.3,1200
1327.4,1200
1327.5,1200
1327.6,1200
1327.7,1200
1327.8,1200
1327.9,1200
1328,1200
1328.1,1200
1328.2,1200
1328.3,1200
1328.4,1200
1328.5,1200
1328.6,1200
1328.7,1200
1328.8,1200
1328.9,1200
1329,1200
1329.1,1200
1329.2,1200
1329.3,1200
1329.4,1200
1329.5,1200
1329.6,1200
1329.7,1200
1329.8,1200
1329.9,1200
1330,1200
1330.1,1200
1330.2,1200
1330.3,1200
1330.4,1200
1330.5,1200
1330.6,1200
1330.7,1200
1330.8,1200
1330.9,1200
1331,1200
1331.1,1200
1331.2,1200
1331.3,1200
1331.4,1200
1331.5,1200
1331.6,1200
1331.7,1200
1331.8,1200
1331.9,1200
1332,1200
1332.1,1200
1332.2,1200
1332.3,1200
1332.4,1200
1332.5,1200
1332.6,1200
1332.7,1200
1332.8,1200
1332.9,1200
1333,1200
1333.1,1200
1333.2,1200
1333.3,1200
1333.4,1200
1333.5,1200
1333.6,1200
1333.7,1200
1333.8,1200
1333.9,1200
1334,1200
1334.1,1200
1334.2,1200
1334.3,1200
1334.4,1200
1334.5,1200
1334.6,1200
1334.7,1200
1334.8,1200
1334.9,1200
1335,1200
1335.1,1200
1335.2,1200
1335.3,1200
1335.4,1200
1335.5,1200
1335.6,1200
1335.7,1200
1335.8,1200
1335.9,1200
1336,1200
1336.1,1200
1336.2,1200
1336.3,1200
1336.4,1200
1336.5,1200
1336.6,1200
1336.7,1200
1336.8,1200
1336.9,1200
1337,1200
1337.1,1200
1337.2,1200
1337.3,1200
1337.4,1200
1337.5,1200
1337.6,1200
1337.7,1200
1337.8,1200
1337.9,1200
1338,1200
1338.1,1200
1338.2,1200
1338.3,1200
1338.4,1200
1338.5,1200
1338.6,1200
1338.7,1200
1338.8,1200
1338.9,1200
1339,1200
1339.1,1200
1339.2,1200
1339.3,1200
1339.4,1200
1339.5,1200
1339.6,1200
1339.7,1200
1339.8,1200
1339.9,1200
1340,1200
1340.1,1200
1340.2,1200
1340.3,1200
1340.4,1200
1340.5,1200
1340.6,1200
1340.7,1200
1340.8,1200
1340.9,1200
1341,1200
1341.1,1200
1341.2,1200
1341.3,1200
1341.4,1200
1341.5,1200
1341.6,1200
1341.7,1200
1341.8,1200
1341.9,1200
1342,1200
1342.1,1200
1342.2,1200
1342.3,1200
1342.4,1200
1342.5,1200
1342.6,1200
1342.7,1200
1342.8,1200
1342.9,1200
1343,1200
1343.1,1200
1343.2,1200
1343.3,1200
1343.4,1200
1343.5,1200
1343.6,1200
1343.7,1200
1343.8,1200
1343.9,1200
1344,1200
1344.1,1200
1344.2,1200
1344.3,1200
1344.4,1200
1344.5,1200
1344.6,1200
1344.7,1200
1344.8,1200
1344.9,1200
1345,1200
1345.1,1200
1345.2,1200
1345.3,1200
1345.4,1200
1345.5,1200
1345.6,1200
1345.7,1200
1345.8,1200
1345.9,1200
1346,1200
1346.1,1200
1346.2,1200
1346.3,1200
1346.4,1200
1346.5,1200
1346.6,1200
1346.7,1200
1346.8,1200
1346.9,1200
1347,1200
1347.1,1200
1347.2,1200
1347.3,1200
1347.4,1200
1347.5,1200
1347.6,1200
1347.7,1200
1347.8,1200
1347.9,1200
1348,1200
1348.1,1200
1348.2,1200
1348.3,1200
1348.4,1200
1348.5,1200
1348.6,1200
1348.7,1200
1348.8,1200
1348.9,1200
1349,1200
1349.1,1200
1349.2,1200
1349.3,1200
1349.4,1200
1349.5,1200
1349.6,1200
1349.7,1200
1349.8,1200
1349.9,1200
1350,1200
1350.1,1200
1350.2,1200
1350.3,1200
1350.4,1200
1350.5,1200
1350.6,1200
1350.7,1200
1350.8,1200
1350.9,1200
1351,1200
1351.1,1200
1351.2,1200
1351.3,1200
1351.4,1200
1351.5,1200
1351.6,1200
1351.7,1200
1351.8,1200
1351.9,1200
1352,1200
1352.1,1200
1352.2,1200
1352.3,1200
1352.4,1200
1352.5,1200
1352.6,1200
1352.7,1200
1352.8,1200
1352.9,1200
1353,1200
1353.1,1200
1353.2,1200
1353.3,1200
1353.4,1200
1353.5,1200
1353.6,1200
1353.7,1200
1353.8,1200
1353.9,1200
1354,1200
1354.1,1200
1354.2,1200
1354.3,1200
1354.4,1200
1354.5,1200
1354.6,1200
1354.7,1200
1354.8,1200
1354.9,1200
1355,1200
1355.1,1200
1355.2,1200
1355.3,1200
1355.4,1200
1355.5,1200
1355.6,1200
1355.7,1200
1355.8,1200
1355.9,1200
1356,1200
1356.1,1200
1356.2,1200
1356.3,1200
1356.4,1200
1356.5,1200
1356.6,1200
1356.7,1200
1356.8,1200
1356.9,1200
1357,1200
1357.1,1200
1357.2,1200
1357.3,1200
1357.4,1200
1357.5,1200
1357.6,1200
1357.7,1200
1357.8,1200
1357.9,1200
1358,1200
1358.1,1200
1358.2,1200
1358.3,1200
1358.4,1200
1358.5,1200
1358.6,1200
1358.7,1200
1358.8,1200
1358.9,1200
1359,1200
1359.1,1200
1359.2,1200
1359.3,1200
1359.4,1200
1359.5,1200
1359.6,1200
1359.7,1200
1359.8,1200
1359.9,1200
1360,1200
1360.1,1200
1360.2,1200
1360.3,1200
1360.4,1200
1360.5,1200
1360.6,1200
1360.7,1200
1360.8,1200
1360.9,1200
1361,1200
1361.1,1200
1361.2,1200
1361.3,1200
1361.4,1200
1361.5,1200
1361.6,1200
1361.7,1200
1361.8,1200
1361.9,1200
1362,1200
1362.1,1200
1362.2,1200
1362.3,1200
1362.4,1200
1362.5,1200
1362.6,1200
1362.7,1200
1362.8,1200
1362.9,1200
1363,1200
1363.1,1200
1363.2,1200
1363.3,1200
1363.4,1200
1363.5,1200
1363.6,1200
1363.7,1200
1363.8,1200
1363.9,1200
1364,1200
1364.1,1200
1364.2,1200
1364.3,1200
1364.4,1200
1364.5,1200
1364.6,1200
1364.7,1200
1364.8,1200
1364.9,1200
1365,1200
1365.1,1200
1365.2,1200
1365.3,1200
1365.4,1200
1365.5,1200
1365.6,1200
1365.7,1200
1365.8,1200
1365.9,1200
1366,1200
1366.1,1200
1366.2,1200
1366.3,1200
1366.4,1200
1366.5,1200
1366.6,1200
1366.7,1200
1366.8,1200
1366.9,1200
1367,1200
1367.1,1200
1367.2,1200
1367.3,1200
1367.4,1200
1367.5,1200
1367.6,1200
1367.7,1200
1367.8,1200
1367.9,1200
1368,1200
1368.1,1200
1368.2,1200
1368.3,1200
1368.4,1200
1368.5,1200
1368.6,1200
1368.7,1200
1368.8,1200
1368.9,1200
1369,1200
1369.1,1200
1369.2,1200
1369.3,1200
1369.4,1200
1369.5,1200
1369.6,1200
1369.7,1200
1369.8,1200
1369.9,1200
1370,1200
1370.1,1200
1370.2,1200
1370.3,1200
1370.4,1200
1370.5,1200
1370.6,1200
1370.7,1200
1370.8,1200
1370.9,1200
1371,1200
1371.1,1200
1371.2,1200
1371.3,1200
1371.4,1200
1371.5,1200
1371.6,1200
1371.7,1200
1371.8,1200
1371.9,1200
1372,1200
1372.1,1200
1372.2,1200
1372.3,1200
1372.4,1200
1372.5,1200
1372.6,1200
1372.7,1200
1372.8,1200
1372.9,1200
1373,1200
1373.1,1200
1373.2,1200
1373.3,1200
1373.4,1200
1373.5,1200
1373.6,1200
1373.7,1200
1373.8,1200
1373.9,1200
1374,1200
1374.1,1200
1374.2,1200
1374.3,1200
1374.4,1200
1374.5,1200
1374.6,1200
1374.7,1200
1374.8,1200
1374.9,1200
1375,1200
1375.1,1200
1375.2,1200
1375.3,1200
1375.4,1200
1375.5,1200
1375.6,1200
1375.7,1200
1375.8,1200
1375.9,1200
1376,1200
1376.1,1200
1376.2,1200
1376.3,1200
1376.4,1200
1376.5,1200
1376.6,1200
1376.7,1200
1376.8,1200
1376.9,1200
1377,1200
1377.1,1200
1377.2,1200
1377.3,1200
1377.4,1200
1377.5,1200
1377.6,1200
1377.7,1200
1377.8,1200
1377.9,1200
1378,1200
1378.1,1200
1378.2,1200
1378.3,1200
1378.4,1200
1378.5,1200
1378.6,1200
1378.7,1200
1378.8,1200
1378.9,1200
1379,1200
1379.1,1200
1379.2,1200
1379.3,1200
1379.4,1200
1379.5,1200
1379.6,1200
1379.7,1200
1379.8,1200
1379.9,1200
1380,1200
1380.1,1200
1380.2,1200
1380.3,1200
1380.4,1200
1380.5,1200
1380.6,1200
1380.7,1200
1380.8,1200
1380.9,1200
1381,1200
1381.1,1200
1381.2,1200
1381.3,1200
1381.4,1200
1381.5,1200
1381.6,1200
1381.7,1200
1381.8,1200
1381.9,1200
1382,1200
1382.1,1200
1382.2,1200
1382.3,1200
1382.4,1200
1382.5,1200
1382.6,1200
1382.7,1200
1382.8,1200
1382.9,1200
1383,1200
1383.1,1200
1383.2,1200
1383.3,1200
1383.4,1200
1383.5,1200
1383.6,1200
1383.7,1200
1383.8,1200
1383.9,1200
1384,1200
1384.1,1200
1384.2,1200
1384.3,1200
1384.4,1200
1384.5,1200
1384.6,1200
1384.7,1200
1384.8,1200
1384.9,1200
1385,1200
1385.1,1200
1385.2,1200
1385.3,1200
1385.4,1200
1385.5,1200
1385.6,1200
1385.7,1200
1385.8,1200
1385.9,1200
1386,1200
1386.1,1200
1386.2,1200
1386.3,1200
1386.4,1200
1386.5,1200
1386.6,1200
1386.7,1200
1386.8,1200
1386.9,1200
1387,1200
1387.1,1200
1387.2,1200
1387.3,1200
1387.4,1200
1387.5,1200
1387.6,1200
1387.7,1200
1387.8,1200
1387.9,1200
1388,1200
1388.1,1200
1388.2,1200
1388.3,1200
1388.4,1200
1388.5,1200
1388.6,1200
1388.7,1200
1388.8,1200
1388.9,1200
1389,1200
1389.1,1200
1389.2,1200
1389.3,1200
1389.4,1200
1389.5,1200
1389.6,1200
1389.7,1200
1389.8,1200
1389.9,1200
1390,1200
1390.1,1200
1390.2,1200
1390.3,1200
1390.4,1200
1390.5,1200
1390.6,1200
1390.7,1200
1390.8,1200
1390.9,1200
1391,1200
1391.1,1200
1391.2,1200
1391.3,1200
1391.4,1200
1391.5,1200
1391.6,1200
1391.7,1200
1391.8,1200
1391.9,1200
1392,1200
1392.1,1200
1392.2,1200
1392.3,1200
1392.4,1200
1392.5,1200
1392.6,1200
1392.7,1200
1392.8,1200
1392.9,1200
1393,1200
1393.1,1200
1393.2,1200
1393.3,1200
1393.4,1200
1393.5,1200
1393.6,1200
1393.7,1200
1393.8,1200
1393.9,1200
1394,1200
1394.1,1200
1394.2,1200
1394.3,1200
1394.4,1200
1394.5,1200
1394.6,1200
1394.7,1200
1394.8,1200
1394.9,1200
1395,1200
1395.1,1200
1395.2,1200
1395.3,1200
1395.4,1200
1395.5,1200
1395.6,1200
1395.7,1200
1395.8,1200
1395.9,1200
1396,1200
1396.1,1200
1396.2,1200
1396.3,1200
1396.4,1200
1396.5,1200
1396.6,1200
1396.7,1200
1396.8,1200
1396.9,1200
1397,1200
1397.1,1200
1397.2,1200
1397.3,1200
1397.4,1200
1397.5,1200
1397.6,1200
1397.7,1200
1397.8,1200
1397.9,1200
1398,1200
1398.1,1200
1398.2,1200
1398.3,1200
1398.4,1200
1398.5,1200
1398.6,1200
1398.7,1200
1398.8,1200
1398.9,1200
1399,1200
1399.1,1200
1399.2,1200
1399.3,1200
1399.4,1200
1399.5,1200
1399.6,1200
1399.7,1200
1399.8,1200
1399.9,1200
1400,1200
1400.1,1200
1400.2,1200
1400.3,1200
1400.4,1200
1400.5,1200
1400.6,1200
1400.7,1200
1400.8,1200
1400.9,1200
1401,1200
1401.1,1200
1401.2,1200
1401.3,1200
1401.4,1200
1401.5,1200
1401.6,1200
1401.7,1200
1401.8,1200
1401.9,1200
1402,1200
1402.1,1200
1402.2,1200
1402.3,1200
1402.4,1200
1402.5,1200
1402.6,1200
1402.7,1200
1402.8,1200
1402.9,1200
1403,1200
1403.1,1200
1403.2,1200
1403.3,1200
1403.4,1200
1403.5,1200
1403.6,1200
1403.7,1200
1403.8,1200
1403.9,1200
1404,1200
1404.1,1200
1404.2,1200
1404.3,1200
1404.4,1200
1404.5,1200
1404.6,1200
1404.7,1200
1404.8,1200
1404.9,1200
1405,1200
1405.1,1200
1405.2,1200
1405.3,1200
1405.4,1200
1405.5,1200
1405.6,1200
1405.7,1200
1405.8,1200
1405.9,1200
1406,1200
1406.1,1200
1406.2,1200
1406.3,1200
1406.4,1200
1406.5,1200
1406.6,1200
1406.7,1200
1406.8,1200
1406.9,1200
1407,1200
1407.1,1200
1407.2,1200
1407.3,1200
1407.4,1200
1407.5,1200
1407.6,1200
1407.7,1200
1407.8,1200
1407.9,1200
1408,1200
1408.1,1200
1408.2,1200
1408.3,1200
1408.4,1200
1408.5,1200
1408.6,1200
1408.7,1200
1408.8,1200
1408.9,1200
1409,1200
1409.1,1200
1409.2,1200
1409.3,1200
1409.4,1200
1409.5,1200
1409.6,1200
1409.7,1200
1409.8,1200
1409.9,1200
1410,1200
1410.1,1200
1410.2,1200
1410.3,1200
1410.4,1200
1410.5,1200
1410.6,1200
1410.7,1200
1410.8,1200
1410.9,1200
1411,1200
1411.1,1200
1411.2,1200
1411.3,1200
1411.4,1200
1411.5,1200
1411.6,1200
1411.7,1200
1411.8,1200
1411.9,1200
1412,1200
1412.1,1200
1412.2,1200
1412.3,1200
1412.4,1200
1412.5,1200
1412.6,1200
1412.7,1200
1412.8,1200
1412.9,1200
1413,1200
1413.1,1200
1413.2,1200
1413.3,1200
1413.4,1200
1413.5,1200
1413.6,1200
1413.7,1200
1413.8,1200
1413.9,1200
1414,1200
1414.1,1200
1414.2,1200
1414.3,1200
1414.4,1200
1414.5,1200
1414.6,1200
1414.7,1200
1414.8,1200
1414.9,1200
1415,1200
1415.1,1200
1415.2,1200
1415.3,1200
1415.4,1200
1415.5,1200
1415.6,1200
1415.7,1200
1415.8,1200
1415.9,1200
1416,1200
1416.1,1200
1416.2,1200
1416.3,1200
1416.4,1200
1416.5,1200
1416.6,1200
1416.7,1200
1416.8,1200
1416.9,1200
1417,1200
1417.1,1200
1417.2,1200
1417.3,1200
1417.4,1200
1417.5,1200
1417.6,1200
1417.7,1200
1417.8,1200
1417.9,1200
1418,1200
1418.1,1200
1418.2,1200
1418.3,1200
1418.4,1200
1418.5,1200
1418.6,1200
1418.7,1200
1418.8,1200
1418.9,1200
1419,1200
1419.1,1200
1419.2,1200
1419.3,1200
1419.4,1200
1419.5,1200
1419.6,1200
1419.7,1200
1419.8,1200
1419.9,1200
1420,1200
1420.1,1200
1420.2,1200
1420.3,1200
1420.4,1200
1420.5,1200
1420.6,1200
1420.7,1200
1420.8,1200
1420.9,1200
1421,1200
1421.1,1200
1421.2,1200
1421.3,1200
1421.4,1200
1421.5,1200
1421.6,1200
1421.7,1200
1421.8,1200
1421.9,1200
1422,1200
1422.1,1200
1422.2,1200
1422.3,1200
1422.4,1200
1422.5,1200
1422.6,1200
1422.7,1200
1422.8,1200
1422.9,1200
1423,1200
1423.1,1200
1423.2,1200
1423.3,1200
1423.4,1200
1423.5,1200
1423.6,1200
1423.7,1200
1423.8,1200
1423.9,1200
1424,1200
1424.1,1200
1424.2,1200
1424.3,1200
1424.4,1200
1424.5,1200
1424.6,1200
1424.7,1200
1424.8,1200
1424.9,1200
1425,1200
1425.1,1200
1425.2,1200
1425.3,1200
1425.4,1200
1425.5,1200
1425.6,1200
1425.7,1200
1425.8,1200
1425.9,1200
1426,1200
1426.1,1200
1426.2,1200
1426.3,1200
1426.4,1200
1426.5,1200
1426.6,1200
1426.7,1200
1426.8,1200
1426.9,1200
1427,1200
1427.1,1200
1427.2,1200
1427.3,1200
1427.4,1200
1427.5,1200
1427.6,1200
1427.7,1200
1427.8,1200
1427.9,1200
1428,1200
1428.1,1200
1428.2,1200
1428.3,1200
1428.4,1200
1428.5,1200
1428.6,1200
1428.7,1200
1428.8,1200
1428.9,1200
1429,1200
1429.1,1200
1429.2,1200
1429.3,1200
1429.4,1200
1429.5,1200
1429.6,1200
1429.7,1200
1429.8,1200
1429.9,1200
1430,1200
1430.1,1200
1430.2,1200
1430.3,1200
1430.4,1200
1430.5,1200
1430.6,1200
1430.7,1200
1430.8,1200
1430.9,1200
1431,1200
1431.1,1200
1431.2,1200
1431.3,1200
1431.4,1200
1431.5,1200
1431.6,1200
1431.7,1200
1431.8,1200
1431.9,1200
1432,1200
1432.1,1200
1432.2,1200
1432.3,1200
1432.4,1200
1432.5,1200
1432.6,1200
1432.7,1200
1432.8,1200
1432.9,1200
1433,1200
1433.1,1200
1433.2,1200
1433.3,1200
1433.4,1200
1433.5,1200
1433.6,1200
1433.7,1200
1433.8,1200
1433.9,1200
1434,1200
1434.1,1200
1434.2,1200
1434.3,1200
1434.4,1200
1434.5,1200
1434.6,1200
1434.7,1200
1434.8,1200
1434.9,1200
1435,1200
1435.1,1200
1435.2,1200
1435.3,1200
1435.4,1200
1435.5,1200
1435.6,1200
1435.7,1200
1435.8,1200
1435.9,1200
1436,1200
1436.1,1200
1436.2,1200
1436.3,1200
1436.4,1200
1436.5,1200
1436.6,1200
1436.7,1200
1436.8,1200
1436.9,1200
1437,1200
1437.1,1200
1437.2,1200
1437.3,1200
1437.4,1200
1437.5,1200
1437.6,1200
1437.7,1200
1437.8,1200
1437.9,1200
1438,1200
1438.1,1200
1438.2,1200
1438.3,1200
1438.4,1200
1438.5,1200
1438.6,1200
1438.7,1200
1438.8,1200
1438.9,1200
1439,1200
1439.1,1200
1439.2,1200
1439.3,1200
1439.4,1200
1439.5,1200
1439.6,1200
1439.7,1200
1439.8,1200
1439.9,1200
1440,1200
1440.1,1200
1440.2,1200
1440.3,1200
1440.4,1200
1440.5,1200
1440.6,1200
1440.7,1200
1440.8,1200
1440.9,1200
1441,1200
1441.1,1200
1441.2,1200
1441.3,1200
1441.4,1200
1441.5,1200
1441.6,1200
1441.7,1200
1441.8,1200
1441.9,1200
1442,1200
1442.1,1200
1442.2,1200
1442.3,1200
1442.4,1200
1442.5,1200
1442.6,1200
1442.7,1200
1442.8,1200
1442.9,1200
1443,1200
1443.1,1200
1443.2,1200
1443.3,1200
1443.4,1200
1443.5,1200
1443.6,1200
1443.7,1200
1443.8,1200
1443.9,1200
1444,1200
1444.1,1200
1444.2,1200
1444.3,1200
1444.4,1200
1444.5,1200
1444.6,1200
1444.7,1200
1444.8,1200
1444.9,1200
1445,1200
1445.1,1200
1445.2,1200
1445.3,1200
1445.4,1200
1445.5,1200
1445.6,1200
1445.7,1200
1445.8,1200
1445.9,1200
1446,1200
1446.1,1200
1446.2,1200
1446.3,1200
1446.4,1200
1446.5,1200
1446.6,1200
1446.7,1200
1446.8,1200
1446.9,1200
1447,1200
1447.1,1200
1447.2,1200
1447.3,1200
1447.4,1200
1447.5,1200
1447.6,1200
1447.7,1200
1447.8,1200
1447.9,1200
1448,1200
1448.1,1200
1448.2,1200
1448.3,1200
1448.4,1200
1448.5,1200
1448.6,1200
1448.7,1200
1448.8,1200
1448.9,1200
1449,1200
1449.1,1200
1449.2,1200
1449.3,1200
1449.4,1200
1449.5,1200
1449.6,1200
1449.7,1200
1449.8,1200
1449.9,1200
1450,1200
1450.1,1200
1450.2,1200
1450.3,1200
1450.4,1200
1450.5,1200
1450.6,1200
1450.7,1200
1450.8,1200
1450.9,1200
1451,1200
1451.1,1200
1451.2,1200
1451.3,1200
1451.4,1200
1451.5,1200
1451.6,1200
1451.7,1200
1451.8,1200
1451.9,1200
1452,1200
1452.1,1200
1452.2,1200
1452.3,1200
1452.4,1200
1452.5,1200
1452.6,1200
1452.7,1200
1452.8,1200
1452.9,1200
1453,1200
1453.1,1200
1453.2,1200
1453.3,1200
1453.4,1200
1453.5,1200
1453.6,1200
1453.7,1200
1453.8,1200
1453.9,1200
1454,1200
1454.1,1200
1454.2,1200
1454.3,1200
1454.4,1200
1454.5,1200
1454.6,1200
1454.7,1200
1454.8,1200
1454.9,1200
1455,1200
1455.1,1200
1455.2,1200
1455.3,1200
1455.4,1200
1455.5,1200
1455.6,1200
1455.7,1200
1455.8,1200
1455.9,1200
1456,1200
1456.1,1200
1456.2,1200
1456.3,1200
1456.4,1200
1456.5,1200
1456.6,1200
1456.7,1200
1456.8,1200
1456.9,1200
1457,1200
1457.1,1200
1457.2,1200
1457.3,1200
1457.4,1200
1457.5,1200
1457.6,1200
1457.7,1200
1457.8,1200
1457.9,1200
1458,1200
1458.1,1200
1458.2,1200
1458.3,1200
1458.4,1200
1458.5,1200
1458.6,1200
1458.7,1200
1458.8,1200
1458.9,1200
1459,1200
1459.1,1200
1459.2,1200
1459.3,1200
1459.4,1200
1459.5,1200
1459.6,1200
1459.7,1200
1459.8,1200
1459.9,1200
1460,1200
1460.1,1200
1460.2,1200
1460.3,1200
1460.4,1200
1460.5,1200
1460.6,1200
1460.7,1200
1460.8,1200
1460.9,1200
1461,1200
1461.1,1200
1461.2,1200
1461.3,1200
1461.4,1200
1461.5,1200
1461.6,1200
1461.7,1200
1461.8,1200
1461.9,1200
1462,1200
1462.1,1200
1462.2,1200
1462.3,1200
1462.4,1200
1462.5,1200
1462.6,1200
1462.7,1200
1462.8,1200
1462.9,1200
1463,1200
1463.1,1200
1463.2,1200
1463.3,1200
1463.4,1200
1463.5,1200
1463.6,1200
1463.7,1200
1463.8,1200
1463.9,1200
1464,1200
1464.1,1200
1464.2,1200
1464.3,1200
1464.4,1200
1464.5,1200
1464.6,1200
1464.7,1200
1464.8,1200
1464.9,1200
1465,1200
1465.1,1200
1465.2,1200
1465.3,1200
1465.4,1200
1465.5,1200
1465.6,1200
1465.7,1200
1465.8,1200
1465.9,1200
1466,1200
1466.1,1200
1466.2,1200
1466.3,1200
1466.4,1200
1466.5,1200
1466.6,1200
1466.7,1200
1466.8,1200
1466.9,1200
1467,1200
1467.1,1200
1467.2,1200
1467.3,1200
1467.4,1200
1467.5,1200
1467.6,1200
1467.7,1200
1467.8,1200
1467.9,1200
1468,1200
1468.1,1200
1468.2,1200
1468.3,1200
1468.4,1200
1468.5,1200
1468.6,1200
1468.7,1200
1468.8,1200
1468.9,1200
1469,1200
1469.1,1200
1469.2,1200
1469.3,1200
1469.4,1200
1469.5,1200
1469.6,1200
1469.7,1200
1469.8,1200
1469.9,1200
1470,1200
1470.1,1200
1470.2,1200
1470.3,1200
1470.4,1200
1470.5,1200
1470.6,1200
1470.7,1200
1470.8,1200
1470.9,1200
1471,1200
1471.1,1200
1471.2,1200
1471.3,1200
1471.4,1200
1471.5,1200
1471.6,1200
1471.7,1200
1471.8,1200
1471.9,1200
1472,1200
1472.1,1200
1472.2,1200
1472.3,1200
1472.4,1200
1472.5,1200
1472.6,1200
1472.7,1200
1472.8,1200
1472.9,1200
1473,1200
1473.1,1200
1473.2,1200
1473.3,1200
1473.4,1200
1473.5,1200
1473.6,1200
1473.7,1200
1473.8,1200
1473.9,1200
1474,1200
1474.1,1200
1474.2,1200
1474.3,1200
1474.4,1200
1474.5,1200
1474.6,1200
1474.7,1200
1474.8,1200
1474.9,1200
1475,1200
1475.1,1200
1475.2,1200
1475.3,1200
1475.4,1200
1475.5,1200
1475.6,1200
1475.7,1200
1475.8,1200
1475.9,1200
1476,1200
1476.1,1200
1476.2,1200
1476.3,1200
1476.4,1200
1476.5,1200
1476.6,1200
1476.7,1200
1476.8,1200
1476.9,1200
1477,1200
1477.1,1200
1477.2,1200
1477.3,1200
1477.4,1200
1477.5,1200
1477.6,1200
1477.7,1200
1477.8,1200
1477.9,1200
1478,1200
1478.1,1200
1478.2,1200
1478.3,1200
1478.4,1200
1478.5,1200
1478.6,1200
1478.7,1200
1478.8,1200
1478.9,1200
1479,1200
1479.1,1200
1479.2,1200
1479.3,1200
1479.4,1200
1479.5,1200
1479.6,1200
1479.7,1200
1479.8,1200
1479.9,1200
1480,1200
1480.1,1200
1480.2,1200
1480.3,1200
1480.4,1200
1480.5,1200
1480.6,1200
1480.7,1200
1480.8,1200
1480.9,1200
1481,1200
1481.1,1200
1481.2,1200
1481.3,1200
1481.4,1200
1481.5,1200
1481.6,1200
1481.7,1200
1481.8,1200
1481.9,1200
1482,1200
1482.1,1200
1482.2,1200
1482.3,1200
1482.4,1200
1482.5,1200
1482.6,1200
1482.7,1200
1482.8,1200
1482.9,1200
1483,1200
1483.1,1200
1483.2,1200
1483.3,1200
1483.4,1200
1483.5,1200
1483.6,1200
1483.7,1200
1483.8,1200
1483.9,1200
1484,1200
1484.1,1200
1484.2,1200
1484.3,1200
1484.4,1200
1484.5,1200
1484.6,1200
1484.7,1200
1484.8,1200
1484.9,1200
1485,1200
1485.1,1200
1485.2,1200
1485.3,1200
1485.4,1200
1485.5,1200
1485.6,1200
1485.7,1200
1485.8,1200
1485.9,1200
1486,1200
1486.1,1200
1486.2,1200
1486.3,1200
1486.4,1200
1486.5,1200
1486.6,1200
1486.7,1200
1486.8,1200
1486.9,1200
1487,1200
1487.1,1200
1487.2,1200
1487.3,1200
1487.4,1200
1487.5,1200
1487.6,1200
1487.7,1200
1487.8,1200
1487.9,1200
1488,1200
1488.1,1200
1488.2,1200
1488.3,1200
1488.4,1200
1488.5,1200
1488.6,1200
1488.7,1200
1488.8,1200
1488.9,1200
1489,1200
1489.1,1200
1489.2,1200
1489.3,1200
1489.4,1200
1489.5,1200
1489.6,1200
1489.7,1200
1489.8,1200
1489.9,1200
1490,1200
1490.1,1200
1490.2,1200
1490.3,1200
1490.4,1200
1490.5,1200
1490.6,1200
1490.7,1200
1490.8,1200
1490.9,1200
1491,1200
1491.1,1200
1491.2,1200
1491.3,1200
1491.4,1200
1491.5,1200
1491.6,1200
1491.7,1200
1491.8,1200
1491.9,1200
1492,1200
1492.1,1200
1492.2,1200
1492.3,1200
1492.4,1200
1492.5,1200
1492.6,1200
1492.7,1200
1492.8,1200
1492.9,1200
1493,1200
1493.1,1200
1493.2,1200
1493.3,1200
1493.4,1200
1493.5,1200
1493.6,1200
1493.7,1200
1493.8,1200
1493.9,1200
1494,1200
1494.1,1200
1494.2,1200
1494.3,1200
1494.4,1200
1494.5,1200
1494.6,1200
1494.7,1200
1494.8,1200
1494.9,1200
1495,1200
1495.1,1200
1495.2,1200
1495.3,1200
1495.4,1200
1495.5,1200
1495.6,1200
1495.7,1200
1495.8,1200
1495.9,1200
1496,1200
1496.1,1200
1496.2,1200
1496.3,1200
1496.4,1200
1496.5,1200
1496.6,1200
1496.7,1200
1496.8,1200
1496.9,1200
1497,1200
1497.1,1200
1497.2,1200
1497.3,1200
1497.4,1200
1497.5,1200
1497.6,1200
1497.7,1200
1497.8,1200
1497.9,1200
1498,1200
1498.1,1200
1498.2,1200
1498.3,1200
1498.4,1200
1498.5,1200
1498.6,1200
1498.7,1200
1498.8,1200
1498.9,1200
1499,1200
1499.1,1200
1499.2,1200
1499.3,1200
1499.4,1200
1499.5,1200
1499.6,1200
1499.7,1200
1499.8,1200
1499.9,1200
1500,1200
1500.1,1200
1500.2,1200
1500.3,1200
1500.4,1200
1500.5,1200
1500.6,1200
1500.7,1200
1500.8,1200
1500.9,1200
1501,1200
1501.1,1200
1501.2,1200
1501.3,1200
1501.4,1200
1501.5,1200
1501.6,1200
1501.7,1200
1501.8,1200
1501.9,1200
1502,1200
1502.1,1200
1502.2,1200
1502.3,1200
1502.4,1200
1502.5,1200
1502.6,1200
1502.7,1200
1502.8,1200
1502.9,1200
1503,1200
1503.1,1200
1503.2,1200
1503.3,1200
1503.4,1200
1503.5,1200
1503.6,1200
1503.7,1200
1503.8,1200
1503.9,1200
1504,1200
1504.1,1200
1504.2,1200
1504.3,1200
1504.4,1200
1504.5,1200
1504.6,1200
1504.7,1200
1504.8,1200
1504.9,1200
1505,1200
1505.1,1200
1505.2,1200
1505.3,1200
1505.4,1200
1505.5,1200
1505.6,1200
1505.7,1200
1505.8,1200
1505.9,1200
1506,1200
1506.1,1200
1506.2,1200
1506.3,1200
1506.4,1200
1506.5,1200
1506.6,1200
1506.7,1200
1506.8,1200
1506.9,1200
1507,1200
1507.1,1200
1507.2,1200
1507.3,1200
1507.4,1200
1507.5,1200
1507.6,1200
1507.7,1200
1507.8,1200
1507.9,1200
1508,1200
1508.1,1200
1508.2,1200
1508.3,1200
1508.4,1200
1508.5,1200
1508.6,1200
1508.7,1200
1508.8,1200
1508.9,1200
1509,1200
1509.1,1200
1509.2,1200
1509.3,1200
1509.4,1200
1509.5,1200
1509.6,1200
1509.7,1200
1509.8,1200
1509.9,1200
1510,1200
1510.1,1200
1510.2,1200
1510.3,1200
1510.4,1200
1510.5,1200
1510.6,1200
1510.7,1200
1510.8,1200
1510.9,1200
1511,1200
1511.1,1200
1511.2,1200
1511.3,1200
1511.4,1200
1511.5,1200
1511.6,1200
1511.7,1200
1511.8,1200
1511.9,1200
1512,1200
1512.1,1200
1512.2,1200
1512.3,1200
1512.4,1200
1512.5,1200
1512.6,1200
1512.7,1200
1512.8,1200
1512.9,1200
1513,1200
1513.1,1200
1513.2,1200
1513.3,1200
1513.4,1200
1513.5,1200
1513.6,1200
1513.7,1200
1513.8,1200
1513.9,1200
1514,1200
1514.1,1200
1514.2,1200
1514.3,1200
1514.4,1200
1514.5,1200
1514.6,1200
1514.7,1200
1514.8,1200
1514.9,1200
1515,1200
1515.1,1200
1515.2,1200
1515.3,1200
1515.4,1200
1515.5,1200
1515.6,1200
1515.7,1200
1515.8,1200
1515.9,1200
1516,1200
1516.1,1200
1516.2,1200
1516.3,1200
1516.4,1200
1516.5,1200
1516.6,1200
1516.7,1200
1516.8,1200
1516.9,1200
1517,1200
1517.1,1200
1517.2,1200
1517.3,1200
1517.4,1200
1517.5,1200
1517.6,1200
1517.7,1200
1517.8,1200
1517.9,1200
1518,1200
1518.1,1200
1518.2,1200
1518.3,1200
1518.4,1200
1518.5,1200
1518.6,1200
1518.7,1200
1518.8,1200
1518.9,1200
1519,1200
1519.1,1200
1519.2,1200
1519.3,1200
1519.4,1200
1519.5,1200
1519.6,1200
1519.7,1200
1519.8,1200
1519.9,1200
1520,1200
1520.1,1200
1520.2,1200
1520.3,1200
1520.4,1200
1520.5,1200
1520.6,1200
1520.7,1200
1520.8,1200
1520.9,1200
1521,1200
1521.1,1200
1521.2,1200
1521.3,1200
1521.4,1200
1521.5,1200
1521.6,1200
1521.7,1200
1521.8,1200
1521.9,1200
1522,1200
1522.1,1200
1522.2,1200
1522.3,1200
1522.4,1200
1522.5,1200
1522.6,1200
1522.7,1200
1522.8,1200
1522.9,1200
1523,1200
1523.1,1200
1523.2,1200
1523.3,1200
1523.4,1200
1523.5,1200
1523.6,1200
1523.7,1200
1523.8,1200
1523.9,1200
1524,1200
1524.1,1200
1524.2,1200
1524.3,1200
1524.4,1200
1524.5,1200
1524.6,1200
1524.7,1200
1524.8,1200
1524.9,1200
1525,1200
1525.1,1200
1525.2,1200
1525.3,1200
1525.4,1200
1525.5,1200
1525.6,1200
1525.7,1200
1525.8,1200
1525.9,1200
1526,1200
1526.1,1200
1526.2,1200
1526.3,1200
1526.4,1200
1526.5,1200
1526.6,1200
1526.7,1200
1526.8,1200
1526.9,1200
1527,1200
1527.1,1200
1527.2,1200
1527.3,1200
1527.4,1200
1527.5,1200
1527.6,1200
1527.7,1200
1527.8,1200
1527.9,1200
1528,1200
1528.1,1200
1528.2,1200
1528.3,1200
1528.4,1200
1528.5,1200
1528.6,1200
1528.7,1200
1528.8,1200
1528.9,1200
1529,1200
1529.1,1200
1529.2,1200
1529.3,1200
1529.4,1200
1529.5,1200
1529.6,1200
1529.7,1200
1529.8,1200
1529.9,1200
1530,1200
1530.1,1200
1530.2,1200
1530.3,1200
1530.4,1200
1530.5,1200
1530.6,1200
1530.7,1200
1530.8,1200
1530.9,1200
1531,1200
1531.1,1200
1531.2,1200
1531.3,1200
1531.4,1200
1531.5,1200
1531.6,1200
1531.7,1200
1531.8,1200
1531.9,1200
1532,1200
1532.1,1200
1532.2,1200
1532.3,1200
1532.4,1200
1532.5,1200
1532.6,1200
1532.7,1200
1532.8,1200
1532.9,1200
1533,1200
1533.1,1200
1533.2,1200
1533.3,1200
1533.4,1200
1533.5,1200
1533.6,1200
1533.7,1200
1533.8,1200
1533.9,1200
1534,1200
1534.1,1200
1534.2,1200
1534.3,1200
1534.4,1200
1534.5,1200
1534.6,1200
1534.7,1200
1534.8,1200
1534.9,1200
1535,1200
1535.1,1200
1535.2,1200
1535.3,1200
1535.4,1200
1535.5,1200
1535.6,1200
1535.7,1200
1535.8,1200
1535.9,1200
1536,1200
1536.1,1200
1536.2,1200
1536.3,1200
1536.4,1200
1536.5,1200
1536.6,1200
1536.7,1200
1536.8,1200
1536.9,1200
1537,1200
1537.1,1200
1537.2,1200
1537.3,1200
1537.4,1200
1537.5,1200
1537.6,1200
1537.7,1200
1537.8,1200
1537.9,1200
1538,1200
1538.1,1200
1538.2,1200
1538.3,1200
1538.4,1200
1538.5,1200
1538.6,1200
1538.7,1200
1538.8,1200
1538.9,1200
1539,1200
1539.1,1200
1539.2,1200
1539.3,1200
1539.4,1200
1539.5,1200
1539.6,1200
1539.7,1200
1539.8,1200
1539.9,1200
1540,1200
1540.1,1200
1540.2,1200
1540.3,1200
1540.4,1200
1540.5,1200
1540.6,1200
1540.7,1200
1540.8,1200
1540.9,1200
1541,1200
1541.1,1200
1541.2,1200
1541.3,1200
1541.4,1200
1541.5,1200
1541.6,1200
1541.7,1200
1541.8,1200
1541.9,1200
1542,1200
1542.1,1200
1542.2,1200
1542.3,1200
1542.4,1200
1542.5,1200
1542.6,1200
1542.7,1200
1542.8,1200
1542.9,1200
1543,1200
1543.1,1200
1543.2,1200
1543.3,1200
1543.4,1200
1543.5,1200
1543.6,1200
1543.7,1200
1543.8,1200
1543.9,1200
1544,1200
1544.1,1200
1544.2,1200
1544.3,1200
1544.4,1200
1544.5,1200
1544.6,1200
1544.7,1200
1544.8,1200
1544.9,1200
1545,1200
1545.1,1200
1545.2,1200
1545.3,1200
1545.4,1200
1545.5,1200
1545.6,1200
1545.7,1200
1545.8,1200
1545.9,1200
1546,1200
1546.1,1200
1546.2,1200
1546.3,1200
1546.4,1200
1546.5,1200
1546.6,1200
1546.7,1200
1546.8,1200
1546.9,1200
1547,1200
1547.1,1200
1547.2,1200
1547.3,1200
1547.4,1200
1547.5,1200
1547.6,1200
1547.7,1200
1547.8,1200
1547.9,1200
1548,1200
1548.1,1200
1548.2,1200
1548.3,1200
1548.4,1200
1548.5,1200
1548.6,1200
1548.7,1200
1548.8,1200
1548.9,1200
1549,1200
1549.1,1200
1549.2,1200
1549.3,1200
1549.4,1200
1549.5,1200
1549.6,1200
1549.7,1200
1549.8,1200
1549.9,1200
1550,1200
1550.1,1200
1550.2,1200
1550.3,1200
1550.4,1200
1550.5,1200
1550.6,1200
1550.7,1200
1550.8,1200
1550.9,1200
1551,1200
1551.1,1200
1551.2,1200
1551.3,1200
1551.4,1200
1551.5,1200
1551.6,1200
1551.7,1200
1551.8,1200
1551.9,1200
1552,1200
1552.1,1200
1552.2,1200
1552.3,1200
1552.4,1200
1552.5,1200
1552.6,1200
1552.7,1200
1552.8,1200
1552.9,1200
1553,1200
1553.1,1200
1553.2,1200
1553.3,1200
1553.4,1200
1553.5,1200
1553.6,1200
1553.7,1200
1553.8,1200
1553.9,1200
1554,1200
1554.1,1200
1554.2,1200
1554.3,1200
1554.4,1200
1554.5,1200
1554.6,1200
1554.7,1200
1554.8,1200
1554.9,1200
1555,1200
1555.1,1200
1555.2,1200
1555.3,1200
1555.4,1200
1555.5,1200
1555.6,1200
1555.7,1200
1555.8,1200
1555.9,1200
1556,1200
1556.1,1200
1556.2,1200
1556.3,1200
1556.4,1200
1556.5,1200
1556.6,1200
1556.7,1200
1556.8,1200
1556.9,1200
1557,1200
1557.1,1200
1557.2,1200
1557.3,1200
1557.4,1200
1557.5,1200
1557.6,1200
1557.7,1200
1557.8,1200
1557.9,1200
1558,1200
1558.1,1200
1558.2,1200
1558.3,1200
1558.4,1200
1558.5,1200
1558.6,1200
1558.7,1200
1558.8,1200
1558.9,1200
1559,1200
1559.1,1200
1559.2,1200
1559.3,1200
1559.4,1200
1559.5,1200
1559.6,1200
1559.7,1200
1559.8,1200
1559.9,1200
1560,1200
1560.1,1200
1560.2,1200
1560.3,1200
1560.4,1200
1560.5,1200
1560.6,1200
1560.7,1200
1560.8,1200
1560.9,1200
1561,1200
1561.1,1200
1561.2,1200
1561.3,1200
1561.4,1200
1561.5,1200
1561.6,1200
1561.7,1200
1561.8,1200
1561.9,1200
1562,1200
1562.1,1200
1562.2,1200
1562.3,1200
1562.4,1200
1562.5,1200
1562.6,1200
1562.7,1200
1562.8,1200
1562.9,1200
1563,1200
1563.1,1200
1563.2,1200
1563.3,1200
1563.4,1200
1563.5,1200
1563.6,1200
1563.7,1200
1563.8,1200
1563.9,1200
1564,1200
1564.1,1200
1564.2,1200
1564.3,1200
1564.4,1200
1564.5,1200
1564.6,1200
1564.7,1200
1564.8,1200
1564.9,1200
1565,1200
1565.1,1200
1565.2,1200
1565.3,1200
1565.4,1200
1565.5,1200
1565.6,1200
1565.7,1200
1565.8,1200
1565.9,1200
1566,1200
1566.1,1200
1566.2,1200
1566.3,1200
1566.4,1200
1566.5,1200
1566.6,1200
1566.7,1200
1566.8,1200
1566.9,1200
1567,1200
1567.1,1200
1567.2,1200
1567.3,1200
1567.4,1200
1567.5,1200
1567.6,1200
1567.7,1200
1567.8,1200
1567.9,1200
1568,1200
1568.1,1200
1568.2,1200
1568.3,1200
1568.4,1200
1568.5,1200
1568.6,1200
1568.7,1200
1568.8,1200
1568.9,1200
1569,1200
1569.1,1200
1569.2,1200
1569.3,1200
1569.4,1200
1569.5,1200
1569.6,1200
1569.7,1200
1569.8,1200
1569.9,1200
1570,1200
1570.1,1200
1570.2,1200
1570.3,1200
1570.4,1200
1570.5,1200
1570.6,1200
1570.7,1200
1570.8,1200
1570.9,1200
1571,1200
1571.1,1200
1571.2,1200
1571.3,1200
1571.4,1200
1571.5,1200
1571.6,1200
1571.7,1200
1571.8,1200
1571.9,1200
1572,1200
1572.1,1200
1572.2,1200
1572.3,1200
1572.4,1200
1572.5,1200
1572.6,1200
1572.7,1200
1572.8,1200
1572.9,1200
1573,1200
1573.1,1200
1573.2,1200
1573.3,1200
1573.4,1200
1573.5,1200
1573.6,1200
1573.7,1200
1573.8,1200
1573.9,1200
1574,1200
1574.1,1200
1574.2,1200
1574.3,1200
1574.4,1200
1574.5,1200
1574.6,1200
1574.7,1200
1574.8,1200
1574.9,1200
1575,1200
1575.1,1200
1575.2,1200
1575.3,1200
1575.4,1200
1575.5,1200
1575.6,1200
1575.7,1200
1575.8,1200
1575.9,1200
1576,1200
1576.1,1200
1576.2,1200
1576.3,1200
1576.4,1200
1576.5,1200
1576.6,1200
1576.7,1200
1576.8,1200
1576.9,1200
1577,1200
1577.1,1200
1577.2,1200
1577.3,1200
1577.4,1200
1577.5,1200
1577.6,1200
1577.7,1200
1577.8,1200
1577.9,1200
1578,1200
1578.1,1200
1578.2,1200
1578.3,1200
1578.4,1200
1578.5,1200
1578.6,1200
1578.7,1200
1578.8,1200
1578.9,1200
1579,1200
1579.1,1200
1579.2,1200
1579.3,1200
1579.4,1200
1579.5,1200
1579.6,1200
1579.7,1200
1579.8,1200
1579.9,1200
1580,1200
1580.1,1200
1580.2,1200
1580.3,1200
1580.4,1200
1580.5,1200
1580.6,1200
1580.7,1200
1580.8,1200
1580.9,1200
1581,1200
1581.1,1200
1581.2,1200
1581.3,1200
1581.4,1200
1581.5,1200
1581.6,1200
1581.7,1200
1581.8,1200
1581.9,1200
1582,1200
1582.1,1200
1582.2,1200
1582.3,1200
1582.4,1200
1582.5,1200
1582.6,1200
1582.7,1200
1582.8,1200
1582.9,1200
1583,1200
1583.1,1200
1583.2,1200
1583.3,1200
1583.4,1200
1583.5,1200
1583.6,1200
1583.7,1200
1583.8,1200
1583.9,1200
1584,1200
1584.1,1200
1584.2,1200
1584.3,1200
1584.4,1200
1584.5,1200
1584.6,1200
1584.7,1200
1584.8,1200
1584.9,1200
1585,1200
1585.1,1200
1585.2,1200
1585.3,1200
1585.4,1200
1585.5,1200
1585.6,1200
1585.7,1200
1585.8,1200
1585.9,1200
1586,1200
1586.1,1200
1586.2,1200
1586.3,1200
1586.4,1200
1586.5,1200
1586.6,1200
1586.7,1200
1586.8,1200
1586.9,1200
1587,1200
1587.1,1200
1587.2,1200
1587.3,1200
1587.4,1200
1587.5,1200
1587.6,1200
1587.7,1200
1587.8,1200
1587.9,1200
1588,1200
1588.1,1200
1588.2,1200
1588.3,1200
1588.4,1200
1588.5,1200
1588.6,1200
1588.7,1200
1588.8,1200
1588.9,1200
1589,1200
1589.1,1200
1589.2,1200
1589.3,1200
1589.4,1200
1589.5,1200
1589.6,1200
1589.7,1200
1589.8,1200
1589.9,1200
1590,1200
1590.1,1200
1590.2,1200
1590.3,1200
1590.4,1200
1590.5,1200
1590.6,1200
1590.7,1200
1590.8,1200
1590.9,1200
1591,1200
1591.1,1200
1591.2,1200
1591.3,1200
1591.4,1200
1591.5,1200
1591.6,1200
1591.7,1200
1591.8,1200
1591.9,1200
1592,1200
1592.1,1200
1592.2,1200
1592.3,1200
1592.4,1200
1592.5,1200
1592.6,1200
1592.7,1200
1592.8,1200
1592.9,1200
1593,1200
1593.1,1200
1593.2,1200
1593.3,1200
1593.4,1200
1593.5,1200
1593.6,1200
1593.7,1200
1593.8,1200
1593.9,1200
1594,1200
1594.1,1200
1594.2,1200
1594.3,1200
1594.4,1200
1594.5,1200
1594.6,1200
1594.7,1200
1594.8,1200
1594.9,1200
1595,1200
1595.1,1200
1595.2,1200
1595.3,1200
1595.4,1200
1595.5,1200
1595.6,1200
1595.7,1200
1595.8,1200
1595.9,1200
1596,1200
1596.1,1200
1596.2,1200
1596.3,1200
1596.4,1200
1596.5,1200
1596.6,1200
1596.7,1200
1596.8,1200
1596.9,1200
1597,1200
1597.1,1200
1597.2,1200
1597.3,1200
1597.4,1200
1597.5,1200
1597.6,1200
1597.7,1200
1597.8,1200
1597.9,1200
1598,1200
1598.1,1200
1598.2,1200
1598.3,1200
1598.4,1200
1598.5,1200
1598.6,1200
1598.7,1200
1598.8,1200
1598.9,1200
1599,1200
1599.1,1200
1599.2,1200
1599.3,1200
1599.4,1200
1599.5,1200
1599.6,1200
1599.7,1200
1599.8,1200
1599.9,1200
1600,1200
1600.1,1200
1600.2,1200
1600.3,1200
1600.4,1200
1600.5,1200
1600.6,1200
1600.7,1200
1600.8,1200
1600.9,1200
1601,1200
1601.1,1200
1601.2,1200
1601.3,1200
1601.4,1200
1601.5,1200
1601.6,1200
1601.7,1200
1601.8,1200
1601.9,1200
1602,1200
1602.1,1200
1602.2,1200
1602.3,1200
1602.4,1200
1602.5,1200
1602.6,1200
1602.7,1200
1602.8,1200
1602.9,1200
1603,1200
1603.1,1200
1603.2,1200
1603.3,1200
1603.4,1200
1603.5,1200
1603.6,1200
1603.7,1200
1603.8,1200
1603.9,1200
1604,1200
1604.1,1200
1604.2,1200
1604.3,1200
1604.4,1200
1604.5,1200
1604.6,1200
1604.7,1200
1604.8,1200
1604.9,1200
1605,1200
1605.1,1200
1605.2,1200
1605.3,1200
1605.4,1200
1605.5,1200
1605.6,1200
1605.7,1200
1605.8,1200
1605.9,1200
1606,1200
1606.1,1200
1606.2,1200
1606.3,1200
1606.4,1200
1606.5,1200
1606.6,1200
1606.7,1200
1606.8,1200
1606.9,1200
1607,1200
1607.1,1200
1607.2,1200
1607.3,1200
1607.4,1200
1607.5,1200
1607.6,1200
1607.7,1200
1607.8,1200
1607.9,1200
1608,1200
1608.1,1200
1608.2,1200
1608.3,1200
1608.4,1200
1608.5,1200
1608.6,1200
1608.7,1200
1608.8,1200
1608.9,1200
1609,1200
1609.1,1200
1609.2,1200
1609.3,1200
1609.4,1200
1609.5,1200
1609.6,1200
1609.7,1200
1609.8,1200
1609.9,1200
1610,1200
1610.1,1200
1610.2,1200
1610.3,1200
1610.4,1200
1610.5,1200
1610.6,1200
1610.7,1200
1610.8,1200
1610.9,1200
1611,1200
1611.1,1200
1611.2,1200
1611.3,1200
1611.4,1200
1611.5,1200
1611.6,1200
1611.7,1200
1611.8,1200
1611.9,1200
1612,1200
1612.1,1200
1612.2,1200
1612.3,1200
1612.4,1200
1612.5,1200
1612.6,1200
1612.7,1200
1612.8,1200
1612.9,1200
1613,1200
1613.1,1200
1613.2,1200
1613.3,1200
1613.4,1200
1613.5,1200
1613.6,1200
1613.7,1200
1613.8,1200
1613.9,1200
1614,1200
1614.1,1200
1614.2,1200
1614.3,1200
1614.4,1200
1614.5,1200
1614.6,1200
1614.7,1200
1614.8,1200
1614.9,1200
1615,1200
1615.1,1200
1615.2,1200
1615.3,1200
1615.4,1200
1615.5,1200
1615.6,1200
1615.7,1200
1615.8,1200
1615.9,1200
1616,1200
1616.1,1200
1616.2,1200
1616.3,1200
1616.4,1200
1616.5,1200
1616.6,1200
1616.7,1200
1616.8,1200
1616.9,1200
1617,1200
1617.1,1200
1617.2,1200
1617.3,1200
1617.4,1200
1617.5,1200
1617.6,1200
1617.7,1200
1617.8,1200
1617.9,1200
1618,1200
1618.1,1200
1618.2,1200
1618.3,1200
1618.4,1200
1618.5,1200
1618.6,1200
1618.7,1200
1618.8,1200
1618.9,1200
1619,1200
1619.1,1200
1619.2,1200
1619.3,1200
1619.4,1200
1619.5,1200
1619.6,1200
1619.7,1200
1619.8,1200
1619.9,1200
1620,1200
1620.1,1200
1620.2,1200
1620.3,1200
1620.4,1200
1620.5,1200
1620.6,1200
1620.7,1200
1620.8,1200
1620.9,1200
1621,1200
1621.1,1200
1621.2,1200
1621.3,1200
1621.4,1200
1621.5,1200
1621.6,1200
1621.7,1200
1621.8,1200
1621.9,1200
1622,1200
1622.1,1200
1622.2,1200
1622.3,1200
1622.4,1200
1622.5,1200
1622.6,1200
1622.7,1200
1622.8,1200
1622.9,1200
1623,1200
1623.1,1200
1623.2,1200
1623.3,1200
1623.4,1200
1623.5,1200
1623.6,1200
1623.7,1200
1623.8,1200
1623.9,1200
1624,1200
1624.1,1200
1624.2,1200
1624.3,1200
1624.4,1200
1624.5,1200
1624.6,1200
1624.7,1200
1624.8,1200
1624.9,1200
1625,1200
1625.1,1200
1625.2,1200
1625.3,1200
1625.4,1200
1625.5,1200
1625.6,1200
1625.7,1200
1625.8,1200
1625.9,1200
1626,1200
1626.1,1200
1626.2,1200
1626.3,1200
1626.4,1200
1626.5,1200
1626.6,1200
1626.7,1200
1626.8,1200
1626.9,1200
1627,1200
1627.1,1200
1627.2,1200
1627.3,1200
1627.4,1200
1627.5,1200
1627.6,1200
1627.7,1200
1627.8,1200
1627.9,1200
1628,1200
1628.1,1200
1628.2,1200
1628.3,1200
1628.4,1200
1628.5,1200
1628.6,1200
1628.7,1200
1628.8,1200
1628.9,1200
1629,1200
1629.1,1200
1629.2,1200
1629.3,1200
1629.4,1200
1629.5,1200
1629.6,1200
1629.7,1200
1629.8,1200
1629.9,1200
1630,1200
1630.1,1200
1630.2,1200
1630.3,1200
1630.4,1200
1630.5,1200
1630.6,1200
1630.7,1200
1630.8,1200
1630.9,1200
1631,1200
1631.1,1200
1631.2,1200
1631.3,1200
1631.4,1200
1631.5,1200
1631.6,1200
1631.7,1200
1631.8,1200
1631.9,1200
1632,1200
1632.1,1200
1632.2,1200
1632.3,1200
1632.4,1200
1632.5,1200
1632.6,1200
1632.7,1200
1632.8,1200
1632.9,1200
1633,1200
1633.1,1200
1633.2,1200
1633.3,1200
1633.4,1200
1633.5,1200
1633.6,1200
1633.7,1200
1633.8,1200
1633.9,1200
1634,1200
1634.1,1200
1634.2,1200
1634.3,1200
1634.4,1200
1634.5,1200
1634.6,1200
1634.7,1200
1634.8,1200
1634.9,1200
1635,1200
1635.1,1200
1635.2,1200
1635.3,1200
1635.4,1200
1635.5,1200
1635.6,1200
1635.7,1200
1635.8,1200
1635.9,1200
1636,1200
1636.1,1200
1636.2,1200
1636.3,1200
1636.4,1200
1636.5,1200
1636.6,1200
1636.7,1200
1636.8,1200
1636.9,1200
1637,1200
1637.1,1200
1637.2,1200
1637.3,1200
1637.4,1200
1637.5,1200
1637.6,1200
1637.7,1200
1637.8,1200
1637.9,1200
1638,1200
1638.1,1200
1638.2,1200
1638.3,1200
1638.4,1200
1638.5,1200
1638.6,1200
1638.7,1200
1638.8,1200
1638.9,1200
1639,1200
1639.1,1200
1639.2,1200
1639.3,1200
1639.4,1200
1639.5,1200
1639.6,1200
1639.7,1200
1639.8,1200
1639.9,1200
1640,1200
1640.1,1200
1640.2,1200
1640.3,1200
1640.4,1200
1640.5,1200
1640.6,1200
1640.7,1200
1640.8,1200
1640.9,1200
1641,1200
1641.1,1200
1641.2,1200
1641.3,1200
1641.4,1200
1641.5,1200
1641.6,1200
1641.7,1200
1641.8,1200
1641.9,1200
1642,1200
1642.1,1200
1642.2,1200
1642.3,1200
1642.4,1200
1642.5,1200
1642.6,1200
1642.7,1200
1642.8,1200
1642.9,1200
1643,1200
1643.1,1200
1643.2,1200
1643.3,1200
1643.4,1200
1643.5,1200
1643.6,1200
1643.7,1200
1643.8,1200
1643.9,1200
1644,1200
1644.1,1200
1644.2,1200
1644.3,1200
1644.4,1200
1644.5,1200
1644.6,1200
1644.7,1200
1644.8,1200
1644.9,1200
1645,1200
1645.1,1200
1645.2,1200
1645.3,1200
1645.4,1200
1645.5,1200
1645.6,1200
1645.7,1200
1645.8,1200
1645.9,1200
1646,1200
1646.1,1200
1646.2,1200
1646.3,1200
1646.4,1200
1646.5,1200
1646.6,1200
1646.7,1200
1646.8,1200
1646.9,1200
1647,1200
1647.1,1200
1647.2,1200
1647.3,1200
1647.4,1200
1647.5,1200
1647.6,1200
1647.7,1200
1647.8,1200
1647.9,1200
1648,1200
1648.1,1200
1648.2,1200
1648.3,1200
1648.4,1200
1648.5,1200
1648.6,1200
1648.7,1200
1648.8,1200
1648.9,1200
1649,1200
1649.1,1200
1649.2,1200
1649.3,1200
1649.4,1200
1649.5,1200
1649.6,1200
1649.7,1200
1649.8,1200
1649.9,1200
1650,1200
1650.1,1200
1650.2,1200
1650.3,1200
1650.4,1200
1650.5,1200
1650.6,1200
1650.7,1200
1650.8,1200
1650.9,1200
1651,1200
1651.1,1200
1651.2,1200
1651.3,1200
1651.4,1200
1651.5,1200
1651.6,1200
1651.7,1200
1651.8,1200
1651.9,1200
1652,1200
1652.1,1200
1652.2,1200
1652.3,1200
1652.4,1200
1652.5,1200
1652.6,1200
1652.7,1200
1652.8,1200
1652.9,1200
1653,1200
1653.1,1200
1653.2,1200
1653.3,1200
1653.4,1200
1653.5,1200
1653.6,1200
1653.7,1200
1653.8,1200
1653.9,1200
1654,1200
1654.1,1200
1654.2,1200
1654.3,1200
1654.4,1200
1654.5,1200
1654.6,1200
1654.7,1200
1654.8,1200
1654.9,1200
1655,1200
1655.1,1200
1655.2,1200
1655.3,1200
1655.4,1200
1655.5,1200
1655.6,1200
1655.7,1200
1655.8,1200
1655.9,1200
1656,1200
1656.1,1200
1656.2,1200
1656.3,1200
1656.4,1200
1656.5,1200
1656.6,1200
1656.7,1200
1656.8,1200
1656.9,1200
1657,1200
1657.1,1200
1657.2,1200
1657.3,1200
1657.4,1200
1657.5,1200
1657.6,1200
1657.7,1200
1657.8,1200
1657.9,1200
1658,1200
1658.1,1200
1658.2,1200
1658.3,1200
1658.4,1200
1658.5,1200
1658.6,1200
1658.7,1200
1658.8,1200
1658.9,1200
1659,1200
1659.1,1200
1659.2,1200
1659.3,1200
1659.4,1200
1659.5,1200
1659.6,1200
1659.7,1200
1659.8,1200
1659.9,1200
1660,1200
1660.1,1200
1660.2,1200
1660.3,1200
1660.4,1200
1660.5,1200
1660.6,1200
1660.7,1200
1660.8,1200
1660.9,1200
1661,1200
1661.1,1200
1661.2,1200
1661.3,1200
1661.4,1200
1661.5,1200
1661.6,1200
1661.7,1200
1661.8,1200
1661.9,1200
1662,1200
1662.1,1200
1662.2,1200
1662.3,1200
1662.4,1200
1662.5,1200
1662.6,1200
1662.7,1200
1662.8,1200
1662.9,1200
1663,1200
1663.1,1200
1663.2,1200
1663.3,1200
1663.4,1200
1663.5,1200
1663.6,1200
1663.7,1200
1663.8,1200
1663.9,1200
1664,1200
1664.1,1200
1664.2,1200
1664.3,1200
1664.4,1200
1664.5,1200
1664.6,1200
1664.7,1200
1664.8,1200
1664.9,1200
1665,1200
1665.1,1200
1665.2,1200
1665.3,1200
1665.4,1200
1665.5,1200
1665.6,1200
1665.7,1200
1665.8,1200
1665.9,1200
1666,1200
1666.1,1200
1666.2,1200
1666.3,1200
1666.4,1200
1666.5,1200
1666.6,1200
1666.7,1200
1666.8,1200
1666.9,1200
1667,1200
1667.1,1200
1667.2,1200
1667.3,1200
1667.4,1200
1667.5,1200
1667.6,1200
1667.7,1200
1667.8,1200
1667.9,1200
1668,1200
1668.1,1200
1668.2,1200
1668.3,1200
1668.4,1200
1668.5,1200
1668.6,1200
1668.7,1200
1668.8,1200
1668.9,1200
1669,1200
1669.1,1200
1669.2,1200
1669.3,1200
1669.4,1200
1669.5,1200
1669.6,1200
1669.7,1200
1669.8,1200
1669.9,1200
1670,1200
1670.1,1200
1670.2,1200
1670.3,1200
1670.4,1200
1670.5,1200
1670.6,1200
1670.7,1200
1670.8,1200
1670.9,1200
1671,1200
1671.1,1200
1671.2,1200
1671.3,1200
1671.4,1200
1671.5,1200
1671.6,1200
1671.7,1200
1671.8,1200
1671.9,1200
1672,1200
1672.1,1200
1672.2,1200
1672.3,1200
1672.4,1200
1672.5,1200
1672.6,1200
1672.7,1200
1672.8,1200
1672.9,1200
1673,1200
1673.1,1200
1673.2,1200
1673.3,1200
1673.4,1200
1673.5,1200
1673.6,1200
1673.7,1200
1673.8,1200
1673.9,1200
1674,1200
1674.1,1200
1674.2,1200
1674.3,1200
1674.4,1200
1674.5,1200
1674.6,1200
1674.7,1200
1674.8,1200
1674.9,1200
1675,1200
1675.1,1200
1675.2,1200
1675.3,1200
1675.4,1200
1675.5,1200
1675.6,1200
1675.7,1200
1675.8,1200
1675.9,1200
1676,1200
1676.1,1200
1676.2,1200
1676.3,1200
1676.4,1200
1676.5,1200
1676.6,1200
1676.7,1200
1676.8,1200
1676.9,1200
1677,1200
1677.1,1200
1677.2,1200
1677.3,1200
1677.4,1200
1677.5,1200
1677.6,1200
1677.7,1200
1677.8,1200
1677.9,1200
1678,1200
1678.1,1200
1678.2,1200
1678.3,1200
1678.4,1200
1678.5,1200
1678.6,1200
1678.7,1200
1678.8,1200
1678.9,1200
1679,1200
1679.1,1200
1679.2,1200
1679.3,1200
1679.4,1200
1679.5,1200
1679.6,1200
1679.7,1200
1679.8,1200
1679.9,1200
1680,1200
1680.1,1200
1680.2,1200
1680.3,1200
1680.4,1200
1680.5,1200
1680.6,1200
1680.7,1200
1680.8,1200
1680.9,1200
1681,1200
1681.1,1200
1681.2,1200
1681.3,1200
1681.4,1200
1681.5,1200
1681.6,1200
1681.7,1200
1681.8,1200
1681.9,1200
1682,1200
1682.1,1200
1682.2,1200
1682.3,1200
1682.4,1200
1682.5,1200
1682.6,1200
1682.7,1200
1682.8,1200
1682.9,1200
1683,1200
1683.1,1200
1683.2,1200
1683.3,1200
1683.4,1200
1683.5,1200
1683.6,1200
1683.7,1200
1683.8,1200
1683.9,1200
1684,1200
1684.1,1200
1684.2,1200
1684.3,1200
1684.4,1200
1684.5,1200
1684.6,1200
1684.7,1200
1684.8,1200
1684.9,1200
1685,1200
1685.1,1200
1685.2,1200
1685.3,1200
1685.4,1200
1685.5,1200
1685.6,1200
1685.7,1200
1685.8,1200
1685.9,1200
1686,1200
1686.1,1200
1686.2,1200
1686.3,1200
1686.4,1200
1686.5,1200
1686.6,1200
1686.7,1200
1686.8,1200
1686.9,1200
1687,1200
1687.1,1200
1687.2,1200
1687.3,1200
1687.4,1200
1687.5,1200
1687.6,1200
1687.7,1200
1687.8,1200
1687.9,1200
1688,1200
1688.1,1200
1688.2,1200
1688.3,1200
1688.4,1200
1688.5,1200
1688.6,1200
1688.7,1200
1688.8,1200
1688.9,1200
1689,1200
1689.1,1200
1689.2,1200
1689.3,1200
1689.4,1200
1689.5,1200
1689.6,1200
1689.7,1200
1689.8,1200
1689.9,1200
1690,1200
1690.1,1200
1690.2,1200
1690.3,1200
1690.4,1200
1690.5,1200
1690.6,1200
1690.7,1200
1690.8,1200
1690.9,1200
1691,1200
1691.1,1200
1691.2,1200
1691.3,1200
1691.4,1200
1691.5,1200
1691.6,1200
1691.7,1200
1691.8,1200
1691.9,1200
1692,1200
1692.1,1200
1692.2,1200
1692.3,1200
1692.4,1200
1692.5,1200
1692.6,1200
1692.7,1200
1692.8,1200
1692.9,1200
1693,1200
1693.1,1200
1693.2,1200
1693.3,1200
1693.4,1200
1693.5,1200
1693.6,1200
1693.7,1200
1693.8,1200
1693.9,1200
1694,1200
1694.1,1200
1694.2,1200
1694.3,1200
1694.4,1200
1694.5,1200
1694.6,1200
1694.7,1200
1694.8,1200
1694.9,1200
1695,1200
1695.1,1200
1695.2,1200
1695.3,1200
1695.4,1200
1695.5,1200
1695.6,1200
1695.7,1200
1695.8,1200
1695.9,1200
1696,1200
1696.1,1200
1696.2,1200
1696.3,1200
1696.4,1200
1696.5,1200
1696.6,1200
1696.7,1200
1696.8,1200
1696.9,1200
1697,1200
1697.1,1200
1697.2,1200
1697.3,1200
1697.4,1200
1697.5,1200
1697.6,1200
1697.7,1200
1697.8,1200
1697.9,1200
1698,1200
1698.1,1200
1698.2,1200
1698.3,1200
1698.4,1200
1698.5,1200
1698.6,1200
1698.7,1200
1698.8,1200
1698.9,1200
1699,1200
1699.1,1200
1699.2,1200
1699.3,1200
1699.4,1200
1699.5,1200
1699.6,1200
1699.7,1200
1699.8,1200
1699.9,1200
1700,1200
1700.1,1200
1700.2,1200
1700.3,1200
1700.4,1200
1700.5,1200
1700.6,1200
1700.7,1200
1700.8,1200
1700.9,1200
1701,1200
1701.1,1200
1701.2,1200
1701.3,1200
1701.4,1200
1701.5,1200
1701.6,1200
1701.7,1200
1701.8,1200
1701.9,1200
1702,1200
1702.1,1200
1702.2,1200
1702.3,1200
1702.4,1200
1702.5,1200
1702.6,1200
1702.7,1200
1702.8,1200
1702.9,1200
1703,1200
1703.1,1200
1703.2,1200
1703.3,1200
1703.4,1200
1703.5,1200
1703.6,1200
1703.7,1200
1703.8,1200
1703.9,1200
1704,1200
1704.1,1200
1704.2,1200
1704.3,1200
1704.4,1200
1704.5,1200
1704.6,1200
1704.7,1200
1704.8,1200
1704.9,1200
1705,1200
1705.1,1200
1705.2,1200
1705.3,1200
1705.4,1200
1705.5,1200
1705.6,1200
1705.7,1200
1705.8,1200
1705.9,1200
1706,1200
1706.1,1200
1706.2,1200
1706.3,1200
1706.4,1200
1706.5,1200
1706.6,1200
1706.7,1200
1706.8,1200
1706.9,1200
1707,1200
1707.1,1200
1707.2,1200
1707.3,1200
1707.4,1200
1707.5,1200
1707.6,1200
1707.7,1200
1707.8,1200
1707.9,1200
1708,1200
1708.1,1200
1708.2,1200
1708.3,1200
1708.4,1200
1708.5,1200
1708.6,1200
1708.7,1200
1708.8,1200
1708.9,1200
1709,1200
1709.1,1200
1709.2,1200
1709.3,1200
1709.4,1200
1709.5,1200
1709.6,1200
1709.7,1200
1709.8,1200
1709.9,1200
1710,1200
1710.1,1200
1710.2,1200
1710.3,1200
1710.4,1200
1710.5,1200
1710.6,1200
1710.7,1200
1710.8,1200
1710.9,1200
1711,1200
1711.1,1200
1711.2,1200
1711.3,1200
1711.4,1200
1711.5,1200
1711.6,1200
1711.7,1200
1711.8,1200
1711.9,1200
1712,1200
1712.1,1200
1712.2,1200
1712.3,1200
1712.4,1200
1712.5,1200
1712.6,1200
1712.7,1200
1712.8,1200
1712.9,1200
1713,1200
1713.1,1200
1713.2,1200
1713.3,1200
1713.4,1200
1713.5,1200
1713.6,1200
1713.7,1200
1713.8,1200
1713.9,1200
1714,1200
1714.1,1200
1714.2,1200
1714.3,1200
1714.4,1200
1714.5,1200
1714.6,1200
1714.7,1200
1714.8,1200
1714.9,1200
1715,1200
1715.1,1200
1715.2,1200
1715.3,1200
1715.4,1200
1715.5,1200
1715.6,1200
1715.7,1200
1715.8,1200
1715.9,1200
1716,1200
1716.1,1200
1716.2,1200
1716.3,1200
1716.4,1200
1716.5,1200
1716.6,1200
1716.7,1200
1716.8,1200
1716.9,1200
1717,1200
1717.1,1200
1717.2,1200
1717.3,1200
1717.4,1200
1717.5,1200
1717.6,1200
1717.7,1200
1717.8,1200
1717.9,1200
1718,1200
1718.1,1200
1718.2,1200
1718.3,1200
1718.4,1200
1718.5,1200
1718.6,1200
1718.7,1200
1718.8,1200
1718.9,1200
1719,1200
1719.1,1200
1719.2,1200
1719.3,1200
1719.4,1200
1719.5,1200
1719.6,1200
1719.7,1200
1719.8,1200
1719.9,1200
1720,1200
1720.1,1200
1720.2,1200
1720.3,1200
1720.4,1200
1720.5,1200
1720.6,1200
1720.7,1200
1720.8,1200
1720.9,1200
1721,1200
1721.1,1200
1721.2,1200
1721.3,1200
1721.4,1200
1721.5,1200
1721.6,1200
1721.7,1200
1721.8,1200
1721.9,1200
1722,1200
1722.1,1200
1722.2,1200
1722.3,1200
1722.4,1200
1722.5,1200
1722.6,1200
1722.7,1200
1722.8,1200
1722.9,1200
1723,1200
1723.1,1200
1723.2,1200
1723.3,1200
1723.4,1200
1723.5,1200
1723.6,1200
1723.7,1200
1723.8,1200
1723.9,1200
1724,1200
1724.1,1200
1724.2,1200
1724.3,1200
1724.4,1200
1724.5,1200
1724.6,1200
1724.7,1200
1724.8,1200
1724.9,1200
1725,1200
1725.1,1200
1725.2,1200
1725.3,1200
1725.4,1200
1725.5,1200
1725.6,1200
1725.7,1200
1725.8,1200
1725.9,1200
1726,1200
1726.1,1200
1726.2,1200
1726.3,1200
1726.4,1200
1726.5,1200
1726.6,1200
1726.7,1200
1726.8,1200
1726.9,1200
1727,1200
1727.1,1200
1727.2,1200
1727.3,1200
1727.4,1200
1727.5,1200
1727.6,1200
1727.7,1200
1727.8,1200
1727.9,1200
1728,1200
1728.1,1200
1728.2,1200
1728.3,1200
1728.4,1200
1728.5,1200
1728.6,1200
1728.7,1200
1728.8,1200
1728.9,1200
1729,1200
1729.1,1200
1729.2,1200
1729.3,1200
1729.4,1200
1729.5,1200
1729.6,1200
1729.7,1200
1729.8,1200
1729.9,1200
1730,1200
1730.1,1200
1730.2,1200
1730.3,1200
1730.4,1200
1730.5,1200
1730.6,1200
1730.7,1200
1730.8,1200
1730.9,1200
1731,1200
1731.1,1200
1731.2,1200
1731.3,1200
1731.4,1200
1731.5,1200
1731.6,1200
1731.7,1200
1731.8,1200
1731.9,1200
1732,1200
1732.1,1200
1732.2,1200
1732.3,1200
1732.4,1200
1732.5,1200
1732.6,1200
1732.7,1200
1732.8,1200
1732.9,1200
1733,1200
1733.1,1200
1733.2,1200
1733.3,1200
1733.4,1200
1733.5,1200
1733.6,1200
1733.7,1200
1733.8,1200
1733.9,1200
1734,1200
1734.1,1200
1734.2,1200
1734.3,1200
1734.4,1200
1734.5,1200
1734.6,1200
1734.7,1200
1734.8,1200
1734.9,1200
1735,1200
1735.1,1200
1735.2,1200
1735.3,1200
1735.4,1200
1735.5,1200
1735.6,1200
1735.7,1200
1735.8,1200
1735.9,1200
1736,1200
1736.1,1200
1736.2,1200
1736.3,1200
1736.4,1200
1736.5,1200
1736.6,1200
1736.7,1200
1736.8,1200
1736.9,1200
1737,1200
1737.1,1200
1737.2,1200
1737.3,1200
1737.4,1200
1737.5,1200
1737.6,1200
1737.7,1200
1737.8,1200
1737.9,1200
1738,1200
1738.1,1200
1738.2,1200
1738.3,1200
1738.4,1200
1738.5,1200
1738.6,1200
1738.7,1200
1738.8,1200
1738.9,1200
1739,1200
1739.1,1200
1739.2,1200
1739.3,1200
1739.4,1200
1739.5,1200
1739.6,1200
1739.7,1200
1739.8,1200
1739.9,1200
1740,1200
1740.1,1200
1740.2,1200
1740.3,1200
1740.4,1200
1740.5,1200
1740.6,1200
1740.7,1200
1740.8,1200
1740.9,1200
1741,1200
1741.1,1200
1741.2,1200
1741.3,1200
1741.4,1200
1741.5,1200
1741.6,1200
1741.7,1200
1741.8,1200
1741.9,1200
1742,1200
1742.1,1200
1742.2,1200
1742.3,1200
1742.4,1200
1742.5,1200
1742.6,1200
1742.7,1200
1742.8,1200
1742.9,1200
1743,1200
1743.1,1200
1743.2,1200
1743.3,1200
1743.4,1200
1743.5,1200
1743.6,1200
1743.7,1200
1743.8,1200
1743.9,1200
1744,1200
1744.1,1200
1744.2,1200
1744.3,1200
1744.4,1200
1744.5,1200
1744.6,1200
1744.7,1200
1744.8,1200
1744.9,1200
1745,1200
1745.1,1200
1745.2,1200
1745.3,1200
1745.4,1200
1745.5,1200
1745.6,1200
1745.7,1200
1745.8,1200
1745.9,1200
1746,1200
1746.1,1200
1746.2,1200
1746.3,1200
1746.4,1200
1746.5,1200
1746.6,1200
1746.7,1200
1746.8,1200
1746.9,1200
1747,1200
1747.1,1200
1747.2,1200
1747.3,1200
1747.4,1200
1747.5,1200
1747.6,1200
1747.7,1200
1747.8,1200
1747.9,1200
1748,1200
1748.1,1200
1748.2,1200
1748.3,1200
1748.4,1200
1748.5,1200
1748.6,1200
1748.7,1200
1748.8,1200
1748.9,1200
1749,1200
1749.1,1200
1749.2,1200
1749.3,1200
1749.4,1200
1749.5,1200
1749.6,1200
1749.7,1200
1749.8,1200
1749.9,1200
1750,1200
1750.1,1200
1750.2,1200
1750.3,1200
1750.4,1200
1750.5,1200
1750.6,1200
1750.7,1200
1750.8,1200
1750.9,1200
1751,1200
1751.1,1200
1751.2,1200
1751.3,1200
1751.4,1200
1751.5,1200
1751.6,1200
1751.7,1200
1751.8,1200
1751.9,1200
1752,1200
1752.1,1200
1752.2,1200
1752.3,1200
1752.4,1200
1752.5,1200
1752.6,1200
1752.7,1200
1752.8,1200
1752.9,1200
1753,1200
1753.1,1200
1753.2,1200
1753.3,1200
1753.4,1200
1753.5,1200
1753.6,1200
1753.7,1200
1753.8,1200
1753.9,1200
1754,1200
1754.1,1200
1754.2,1200
1754.3,1200
1754.4,1200
1754.5,1200
1754.6,1200
1754.7,1200
1754.8,1200
1754.9,1200
1755,1200
1755.1,1200
1755.2,1200
1755.3,1200
1755.4,1200
1755.5,1200
1755.6,1200
1755.7,1200
1755.8,1200
1755.9,1200
1756,1200
1756.1,1200
1756.2,1200
1756.3,1200
1756.4,1200
1756.5,1200
1756.6,1200
1756.7,1200
1756.8,1200
1756.9,1200
1757,1200
1757.1,1200
1757.2,1200
1757.3,1200
1757.4,1200
1757.5,1200
1757.6,1200
1757.7,1200
1757.8,1200
1757.9,1200
1758,1200
1758.1,1200
1758.2,1200
1758.3,1200
1758.4,1200
1758.5,1200
1758.6,1200
1758.7,1200
1758.8,1200
1758.9,1200
1759,1200
1759.1,1200
1759.2,1200
1759.3,1200
1759.4,1200
1759.5,1200
1759.6,1200
1759.7,1200
1759.8,1200
1759.9,1200
1760,1200
1760.1,1200
1760.2,1200
1760.3,1200
1760.4,1200
1760.5,1200
1760.6,1200
1760.7,1200
1760.8,1200
1760.9,1200
1761,1200
1761.1,1200
1761.2,1200
1761.3,1200
1761.4,1200
1761.5,1200
1761.6,1200
1761.7,1200
1761.8,1200
1761.9,1200
1762,1200
1762.1,1200
1762.2,1200
1762.3,1200
1762.4,1200
1762.5,1200
1762.6,1200
1762.7,1200
1762.8,1200
1762.9,1200
1763,1200
1763.1,1200
1763.2,1200
1763.3,1200
1763.4,1200
1763.5,1200
1763.6,1200
1763.7,1200
1763.8,1200
1763.9,1200
1764,1200
1764.1,1200
1764.2,1200
1764.3,1200
1764.4,1200
1764.5,1200
1764.6,1200
1764.7,1200
1764.8,1200
1764.9,1200
1765,1200
1765.1,1200
1765.2,1200
1765.3,1200
1765.4,1200
1765.5,1200
1765.6,1200
1765.7,1200
1765.8,1200
1765.9,1200
1766,1200
1766.1,1200
1766.2,1200
1766.3,1200
1766.4,1200
1766.5,1200
1766.6,1200
1766.7,1200
1766.8,1200
1766.9,1200
1767,1200
1767.1,1200
1767.2,1200
1767.3,1200
1767.4,1200
1767.5,1200
1767.6,1200
1767.7,1200
1767.8,1200
1767.9,1200
1768,1200
1768.1,1200
1768.2,1200
1768.3,1200
1768.4,1200
1768.5,1200
1768.6,1200
1768.7,1200
1768.8,1200
1768.9,1200
1769,1200
1769.1,1200
1769.2,1200
1769.3,1200
1769.4,1200
1769.5,1200
1769.6,1200
1769.7,1200
1769.8,1200
1769.9,1200
1770,1200
1770.1,1200
1770.2,1200
1770.3,1200
1770.4,1200
1770.5,1200
1770.6,1200
1770.7,1200
1770.8,1200
1770.9,1200
1771,1200
1771.1,1200
1771.2,1200
1771.3,1200
1771.4,1200
1771.5,1200
1771.6,1200
1771.7,1200
1771.8,1200
1771.9,1200
1772,1200
1772.1,1200
1772.2,1200
1772.3,1200
1772.4,1200
1772.5,1200
1772.6,1200
1772.7,1200
1772.8,1200
1772.9,1200
1773,1200
1773.1,1200
1773.2,1200
1773.3,1200
1773.4,1200
1773.5,1200
1773.6,1200
1773.7,1200
1773.8,1200
1773.9,1200
1774,1200
1774.1,1200
1774.2,1200
1774.3,1200
1774.4,1200
1774.5,1200
1774.6,1200
1774.7,1200
1774.8,1200
1774.9,1200
1775,1200
1775.1,1200
1775.2,1200
1775.3,1200
1775.4,1200
1775.5,1200
1775.6,1200
1775.7,1200
1775.8,1200
1775.9,1200
1776,1200
1776.1,1200
1776.2,1200
1776.3,1200
1776.4,1200
1776.5,1200
1776.6,1200
1776.7,1200
1776.8,1200
1776.9,1200
1777,1200
1777.1,1200
1777.2,1200
1777.3,1200
1777.4,1200
1777.5,1200
1777.6,1200
1777.7,1200
1777.8,1200
1777.9,1200
1778,1200
1778.1,1200
1778.2,1200
1778.3,1200
1778.4,1200
1778.5,1200
1778.6,1200
1778.7,1200
1778.8,1200
1778.9,1200
1779,1200
1779.1,1200
1779.2,1200
1779.3,1200
1779.4,1200
1779.5,1200
1779.6,1200
1779.7,1200
1779.8,1200
1779.9,1200
1780,1200
1780.1,1200
1780.2,1200
1780.3,1200
1780.4,1200
1780.5,1200
1780.6,1200
1780.7,1200
1780.8,1200
1780.9,1200
1781,1200
1781.1,1200
1781.2,1200
1781.3,1200
1781.4,1200
1781.5,1200
1781.6,1200
1781.7,1200
1781.8,1200
1781.9,1200
1782,1200
1782.1,1200
1782.2,1200
1782.3,1200
1782.4,1200
1782.5,1200
1782.6,1200
1782.7,1200
1782.8,1200
1782.9,1200
1783,1200
1783.1,1200
1783.2,1200
1783.3,1200
1783.4,1200
1783.5,1200
1783.6,1200
1783.7,1200
1783.8,1200
1783.9,1200
1784,1200
1784.1,1200
1784.2,1200
1784.3,1200
1784.4,1200
1784.5,1200
1784.6,1200
1784.7,1200
1784.8,1200
1784.9,1200
1785,1200
1785.1,1200
1785.2,1200
1785.3,1200
1785.4,1200
1785.5,1200
1785.6,1200
1785.7,1200
1785.8,1200
1785.9,1200
1786,1200
1786.1,1200
1786.2,1200
1786.3,1200
1786.4,1200
1786.5,1200
1786.6,1200
1786.7,1200
1786.8,1200
1786.9,1200
1787,1200
1787.1,1200
1787.2,1200
1787.3,1200
1787.4,1200
1787.5,1200
1787.6,1200
1787.7,1200
1787.8,1200
1787.9,1200
1788,1200
1788.1,1200
1788.2,1200
1788.3,1200
1788.4,1200
1788.5,1200
1788.6,1200
1788.7,1200
1788.8,1200
1788.9,1200
1789,1200
1789.1,1200
1789.2,1200
1789.3,1200
1789.4,1200
1789.5,1200
1789.6,1200
1789.7,1200
1789.8,1200
1789.9,1200
1790,1200
1790.1,1200
1790.2,1200
1790.3,1200
1790.4,1200
1790.5,1200
1790.6,1200
1790.7,1200
1790.8,1200
1790.9,1200
1791,1200
1791.1,1200
1791.2,1200
1791.3,1200
1791.4,1200
1791.5,1200
1791.6,1200
1791.7,1200
1791.8,1200
1791.9,1200
1792,1200
1792.1,1200
1792.2,1200
1792.3,1200
1792.4,1200
1792.5,1200
1792.6,1200
1792.7,1200
1792.8,1200
1792.9,1200
1793,1200
1793.1,1200
1793.2,1200
1793.3,1200
1793.4,1200
1793.5,1200
1793.6,1200
1793.7,1200
1793.8,1200
1793.9,1200
1794,1200
1794.1,1200
1794.2,1200
1794.3,1200
1794.4,1200
1794.5,1200
1794.6,1200
1794.7,1200
1794.8,1200
1794.9,1200
1795,1200
1795.1,1200
1795.2,1200
1795.3,1200
1795.4,1200
1795.5,1200
1795.6,1200
1795.7,1200
1795.8,1200
1795.9,1200
1796,1200
1796.1,1200
1796.2,1200
1796.3,1200
1796.4,1200
1796.5,1200
1796.6,1200
1796.7,1200
1796.8,1200
1796.9,1200
1797,1200
1797.1,1200
1797.2,1200
1797.3,1200
1797.4,1200
1797.5,1200
1797.6,1200
1797.7,1200
1797.8,1200
1797.9,1200
1798,1200
1798.1,1200
1798.2,1200
1798.3,1200
1798.4,1200
1798.5,1200
1798.6,1200
1798.7,1200
1798.8,1200
1798.9,1200
1799,1200
1799.1,1200
1799.2,1200
1799.3,1200
1799.4,1200
1799.5,1200
1799.6,1200
1799.7,1200
1799.8,1200
1799.9,1200
1800,1200
1800.1,1200
1800.2,1200
1800.3,1200
1800.4,1200
1800.5,1200
1800.6,1200
1800.7,1200
1800.8,1200
1800.9,1200
1801,1200
1801.1,1200
1801.2,1200
1801.3,1200
1801.4,1200
1801.5,1200
1801.6,1200
1801.7,1200
1801.8,1200
1801.9,1200
1802,1200
1802.1,1200
1802.2,1200
1802.3,1200
1802.4,1200
1802.5,1200
1802.6,1200
1802.7,1200
1802.8,1200
1802.9,1200
1803,1200
1803.1,1200
1803.2,1200
1803.3,1200
1803.4,1200
1803.5,1200
1803.6,1200
1803.7,1200
1803.8,1200
1803.9,1200
1804,1200
1804.1,1200
1804.2,1200
1804.3,1200
1804.4,1200
1804.5,1200
1804.6,1200
1804.7,1200
1804.8,1200
1804.9,1200
1805,1200
1805.1,1200
1805.2,1200
1805.3,1200
1805.4,1200
1805.5,1200
1805.6,1200
1805.7,1200
1805.8,1200
1805.9,1200
1806,1200
1806.1,1200
1806.2,1200
1806.3,1200
1806.4,1200
1806.5,1200
1806.6,1200
1806.7,1200
1806.8,1200
1806.9,1200
1807,1200
1807.1,1200
1807.2,1200
1807.3,1200
1807.4,1200
1807.5,1200
1807.6,1200
1807.7,1200
1807.8,1200
1807.9,1200
1808,1200
1808.1,1200
1808.2,1200
1808.3,1200
1808.4,1200
1808.5,1200
1808.6,1200
1808.7,1200
1808.8,1200
1808.9,1200
1809,1200
1809.1,1200
1809.2,1200
1809.3,1200
1809.4,1200
1809.5,1200
1809.6,1200
1809.7,1200
1809.8,1200
1809.9,1200
1810,1200
1810.1,1200
1810.2,1200
1810.3,1200
1810.4,1200
1810.5,1200
1810.6,1200
1810.7,1200
1810.8,1200
1810.9,1200
1811,1200
1811.1,1200
1811.2,1200
1811.3,1200
1811.4,1200
1811.5,1200
1811.6,1200
1811.7,1200
1811.8,1200
1811.9,1200
1812,1200
1812.1,1200
1812.2,1200
1812.3,1200
1812.4,1200
1812.5,1200
1812.6,1200
1812.7,1200
1812.8,1200
1812.9,1200
1813,1200
1813.1,1200
1813.2,1200
1813.3,1200
1813.4,1200
1813.5,1200
1813.6,1200
1813.7,1200
1813.8,1200
1813.9,1200
1814,1200
1814.1,1200
1814.2,1200
1814.3,1200
1814.4,1200
1814.5,1200
1814.6,1200
1814.7,1200
1814.8,1200
1814.9,1200
1815,1200
1815.1,1200
1815.2,1200
1815.3,1200
1815.4,1200
1815.5,1200
1815.6,1200
1815.7,1200
1815.8,1200
1815.9,1200
1816,1200
1816.1,1200
1816.2,1200
1816.3,1200
1816.4,1200
1816.5,1200
1816.6,1200
1816.7,1200
1816.8,1200
1816.9,1200
1817,1200
1817.1,1200
1817.2,1200
1817.3,1200
1817.4,1200
1817.5,1200
1817.6,1200
1817.7,1200
1817.8,1200
1817.9,1200
1818,1200
1818.1,1200
1818.2,1200
1818.3,1200
1818.4,1200
1818.5,1200
1818.6,1200
1818.7,1200
1818.8,1200
1818.9,1200
1819,1200
1819.1,1200
1819.2,1200
1819.3,1200
1819.4,1200
1819.5,1200
1819.6,1200
1819.7,1200
1819.8,1200
1819.9,1200
1820,1200
1820.1,1200
1820.2,1200
1820.3,1200
1820.4,1200
1820.5,1200
1820.6,1200
1820.7,1200
1820.8,1200
1820.9,1200
1821,1200
1821.1,1200
1821.2,1200
1821.3,1200
1821.4,1200
1821.5,1200
1821.6,1200
1821.7,1200
1821.8,1200
1821.9,1200
1822,1200
1822.1,1200
1822.2,1200
1822.3,1200
1822.4,1200
1822.5,1200
1822.6,1200
1822.7,1200
1822.8,1200
1822.9,1200
1823,1200
1823.1,1200
1823.2,1200
1823.3,1200
1823.4,1200
1823.5,1200
1823.6,1200
1823.7,1200
1823.8,1200
1823.9,1200
1824,1200
1824.1,1200
1824.2,1200
1824.3,1200
1824.4,1200
1824.5,1200
1824.6,1200
1824.7,1200
1824.8,1200
1824.9,1200
1825,1200
1825.1,1200
1825.2,1200
1825.3,1200
1825.4,1200
1825.5,1200
1825.6,1200
1825.7,1200
1825.8,1200
1825.9,1200
1826,1200
1826.1,1200
1826.2,1200
1826.3,1200
1826.4,1200
1826.5,1200
1826.6,1200
1826.7,1200
1826.8,1200
1826.9,1200
1827,1200
1827.1,1200
1827.2,1200
1827.3,1200
1827.4,1200
1827.5,1200
1827.6,1200
1827.7,1200
1827.8,1200
1827.9,1200
1828,1200
1828.1,1200
1828.2,1200
1828.3,1200
1828.4,1200
1828.5,1200
1828.6,1200
1828.7,1200
1828.8,1200
1828.9,1200
1829,1200
1829.1,1200
1829.2,1200
1829.3,1200
1829.4,1200
1829.5,1200
1829.6,1200
1829.7,1200
1829.8,1200
1829.9,1200
1830,1200
1830.1,1200
1830.2,1200
1830.3,1200
1830.4,1200
1830.5,1200
1830.6,1200
1830.7,1200
1830.8,1200
1830.9,1200
1831,1200
1831.1,1200
1831.2,1200
1831.3,1200
1831.4,1200
1831.5,1200
1831.6,1200
1831.7,1200
1831.8,1200
1831.9,1200
1832,1200
1832.1,1200
1832.2,1200
1832.3,1200
1832.4,1200
1832.5,1200
1832.6,1200
1832.7,1200
1832.8,1200
1832.9,1200
1833,1200
1833.1,1200
1833.2,1200
1833.3,1200
1833.4,1200
1833.5,1200
1833.6,1200
1833.7,1200
1833.8,1200
1833.9,1200
1834,1200
1834.1,1200
1834.2,1200
1834.3,1200
1834.4,1200
1834.5,1200
1834.6,1200
1834.7,1200
1834.8,1200
1834.9,1200
1835,1200
1835.1,1200
1835.2,1200
1835.3,1200
1835.4,1200
1835.5,1200
1835.6,1200
1835.7,1200
1835.8,1200
1835.9,1200
1836,1200
1836.1,1200
1836.2,1200
1836.3,1200
1836.4,1200
1836.5,1200
1836.6,1200
1836.7,1200
1836.8,1200
1836.9,1200
1837,1200
1837.1,1200
1837.2,1200
1837.3,1200
1837.4,1200
1837.5,1200
1837.6,1200
1837.7,1200
1837.8,1200
1837.9,1200
1838,1200
1838.1,1200
1838.2,1200
1838.3,1200
1838.4,1200
1838.5,1200
1838.6,1200
1838.7,1200
1838.8,1200
1838.9,1200
1839,1200
1839.1,1200
1839.2,1200
1839.3,1200
1839.4,1200
1839.5,1200
1839.6,1200
1839.7,1200
1839.8,1200
1839.9,1200
1840,1200
1840.1,1200
1840.2,1200
1840.3,1200
1840.4,1200
1840.5,1200
1840.6,1200
1840.7,1200
1840.8,1200
1840.9,1200
1841,1200
1841.1,1200
1841.2,1200
1841.3,1200
1841.4,1200
1841.5,1200
1841.6,1200
1841.7,1200
1841.8,1200
1841.9,1200
1842,1200
1842.1,1200
1842.2,1200
1842.3,1200
1842.4,1200
1842.5,1200
1842.6,1200
1842.7,1200
1842.8,1200
1842.9,1200
1843,1200
1843.1,1200
1843.2,1200
1843.3,1200
1843.4,1200
1843.5,1200
1843.6,1200
1843.7,1200
1843.8,1200
1843.9,1200
1844,1200
1844.1,1200
1844.2,1200
1844.3,1200
1844.4,1200
1844.5,1200
1844.6,1200
1844.7,1200
1844.8,1200
1844.9,1200
1845,1200
1845.1,1200
1845.2,1200
1845.3,1200
1845.4,1200
1845.5,1200
1845.6,1200
1845.7,1200
1845.8,1200
1845.9,1200
1846,1200
1846.1,1200
1846.2,1200
1846.3,1200
1846.4,1200
1846.5,1200
1846.6,1200
1846.7,1200
1846.8,1200
1846.9,1200
1847,1200
1847.1,1200
1847.2,1200
1847.3,1200
1847.4,1200
1847.5,1200
1847.6,1200
1847.7,1200
1847.8,1200
1847.9,1200
1848,1200
1848.1,1200
1848.2,1200
1848.3,1200
1848.4,1200
1848.5,1200
1848.6,1200
1848.7,1200
1848.8,1200
1848.9,1200
1849,1200
1849.1,1200
1849.2,1200
1849.3,1200
1849.4,1200
1849.5,1200
1849.6,1200
1849.7,1200
1849.8,1200
1849.9,1200
1850,1200
1850.1,1200
1850.2,1200
1850.3,1200
1850.4,1200
1850.5,1200
1850.6,1200
1850.7,1200
1850.8,1200
1850.9,1200
1851,1200
1851.1,1200
1851.2,1200
1851.3,1200
1851.4,1200
1851.5,1200
1851.6,1200
1851.7,1200
1851.8,1200
1851.9,1200
1852,1200
1852.1,1200
1852.2,1200
1852.3,1200
1852.4,1200
1852.5,1200
1852.6,1200
1852.7,1200
1852.8,1200
1852.9,1200
1853,1200
1853.1,1200
1853.2,1200
1853.3,1200
1853.4,1200
1853.5,1200
1853.6,1200
1853.7,1200
1853.8,1200
1853.9,1200
1854,1200
1854.1,1200
1854.2,1200
1854.3,1200
1854.4,1200
1854.5,1200
1854.6,1200
1854.7,1200
1854.8,1200
1854.9,1200
1855,1200
1855.1,1200
1855.2,1200
1855.3,1200
1855.4,1200
1855.5,1200
1855.6,1200
1855.7,1200
1855.8,1200
1855.9,1200
1856,1200
1856.1,1200
1856.2,1200
1856.3,1200
1856.4,1200
1856.5,1200
1856.6,1200
1856.7,1200
1856.8,1200
1856.9,1200
1857,1200
1857.1,1200
1857.2,1200
1857.3,1200
1857.4,1200
1857.5,1200
1857.6,1200
1857.7,1200
1857.8,1200
1857.9,1200
1858,1200
1858.1,1200
1858.2,1200
1858.3,1200
1858.4,1200
1858.5,1200
1858.6,1200
1858.7,1200
1858.8,1200
1858.9,1200
1859,1200
1859.1,1200
1859.2,1200
1859.3,1200
1859.4,1200
1859.5,1200
1859.6,1200
1859.7,1200
1859.8,1200
1859.9,1200
1860,1200
1860.1,1200
1860.2,1200
1860.3,1200
1860.4,1200
1860.5,1200
1860.6,1200
1860.7,1200
1860.8,1200
1860.9,1200
1861,1200
1861.1,1200
1861.2,1200
1861.3,1200
1861.4,1200
1861.5,1200
1861.6,1200
1861.7,1200
1861.8,1200
1861.9,1200
1862,1200
1862.1,1200
1862.2,1200
1862.3,1200
1862.4,1200
1862.5,1200
1862.6,1200
1862.7,1200
1862.8,1200
1862.9,1200
1863,1200
1863.1,1200
1863.2,1200
1863.3,1200
1863.4,1200
1863.5,1200
1863.6,1200
1863.7,1200
1863.8,1200
1863.9,1200
1864,1200
1864.1,1200
1864.2,1200
1864.3,1200
1864.4,1200
1864.5,1200
1864.6,1200
1864.7,1200
1864.8,1200
1864.9,1200
1865,1200
1865.1,1200
1865.2,1200
1865.3,1200
1865.4,1200
1865.5,1200
1865.6,1200
1865.7,1200
1865.8,1200
1865.9,1200
1866,1200
1866.1,1200
1866.2,1200
1866.3,1200
1866.4,1200
1866.5,1200
1866.6,1200
1866.7,1200
1866.8,1200
1866.9,1200
1867,1200
1867.1,1200
1867.2,1200
1867.3,1200
1867.4,1200
1867.5,1200
1867.6,1200
1867.7,1200
1867.8,1200
1867.9,1200
1868,1200
1868.1,1200
1868.2,1200
1868.3,1200
1868.4,1200
1868.5,1200
1868.6,1200
1868.7,1200
1868.8,1200
1868.9,1200
1869,1200
1869.1,1200
1869.2,1200
1869.3,1200
1869.4,1200
1869.5,1200
1869.6,1200
1869.7,1200
1869.8,1200
1869.9,1200
1870,1200
1870.1,1200
1870.2,1200
1870.3,1200
1870.4,1200
1870.5,1200
1870.6,1200
1870.7,1200
1870.8,1200
1870.9,1200
1871,1200
1871.1,1200
1871.2,1200
1871.3,1200
1871.4,1200
1871.5,1200
1871.6,1200
1871.7,1200
1871.8,1200
1871.9,1200
1872,1200
1872.1,1200
1872.2,1200
1872.3,1200
1872.4,1200
1872.5,1200
1872.6,1200
1872.7,1200
1872.8,1200
1872.9,1200
1873,1200
1873.1,1200
1873.2,1200
1873.3,1200
1873.4,1200
1873.5,1200
1873.6,1200
1873.7,1200
1873.8,1200
1873.9,1200
1874,1200
1874.1,1200
1874.2,1200
1874.3,1200
1874.4,1200
1874.5,1200
1874.6,1200
1874.7,1200
1874.8,1200
1874.9,1200
1875,1200
1875.1,1200
1875.2,1200
1875.3,1200
1875.4,1200
1875.5,1200
1875.6,1200
1875.7,1200
1875.8,1200
1875.9,1200
1876,1200
1876.1,1200
1876.2,1200
1876.3,1200
1876.4,1200
1876.5,1200
1876.6,1200
1876.7,1200
1876.8,1200
1876.9,1200
1877,1200
1877.1,1200
1877.2,1200
1877.3,1200
1877.4,1200
1877.5,1200
1877.6,1200
1877.7,1200
1877.8,1200
1877.9,1200
1878,1200
1878.1,1200
1878.2,1200
1878.3,1200
1878.4,1200
1878.5,1200
1878.6,1200
1878.7,1200
1878.8,1200
1878.9,1200
1879,1200
1879.1,1200
1879.2,1200
1879.3,1200
1879.4,1200
1879.5,1200
1879.6,1200
1879.7,1200
1879.8,1200
1879.9,1200
1880,1200
1880.1,1200
1880.2,1200
1880.3,1200
1880.4,1200
1880.5,1200
1880.6,1200
1880.7,1200
1880.8,1200
1880.9,1200
1881,1200
1881.1,1200
1881.2,1200
1881.3,1200
1881.4,1200
1881.5,1200
1881.6,1200
1881.7,1200
1881.8,1200
1881.9,1200
1882,1200
1882.1,1200
1882.2,1200
1882.3,1200
1882.4,1200
1882.5,1200
1882.6,1200
1882.7,1200
1882.8,1200
1882.9,1200
1883,1200
1883.1,1200
1883.2,1200
1883.3,1200
1883.4,1200
1883.5,1200
1883.6,1200
1883.7,1200
1883.8,1200
1883.9,1200
1884,1200
1884.1,1200
1884.2,1200
1884.3,1200
1884.4,1200
1884.5,1200
1884.6,1200
1884.7,1200
1884.8,1200
1884.9,1200
1885,1200
1885.1,1200
1885.2,1200
1885.3,1200
1885.4,1200
1885.5,1200
1885.6,1200
1885.7,1200
1885.8,1200
1885.9,1200
1886,1200
1886.1,1200
1886.2,1200
1886.3,1200
1886.4,1200
1886.5,1200
1886.6,1200
1886.7,1200
1886.8,1200
1886.9,1200
1887,1200
1887.1,1200
1887.2,1200
1887.3,1200
1887.4,1200
1887.5,1200
1887.6,1200
1887.7,1200
1887.8,1200
1887.9,1200
1888,1200
1888.1,1200
1888.2,1200
1888.3,1200
1888.4,1200
1888.5,1200
1888.6,1200
1888.7,1200
1888.8,1200
1888.9,1200
1889,1200
1889.1,1200
1889.2,1200
1889.3,1200
1889.4,1200
1889.5,1200
1889.6,1200
1889.7,1200
1889.8,1200
1889.9,1200
1890,1200
1890.1,1200
1890.2,1200
1890.3,1200
1890.4,1200
1890.5,1200
1890.6,1200
1890.7,1200
1890.8,1200
1890.9,1200
1891,1200
1891.1,1200
1891.2,1200
1891.3,1200
1891.4,1200
1891.5,1200
1891.6,1200
1891.7,1200
1891.8,1200
1891.9,1200
1892,1200
1892.1,1200
1892.2,1200
1892.3,1200
1892.4,1200
1892.5,1200
1892.6,1200
1892.7,1200
1892.8,1200
1892.9,1200
1893,1200
1893.1,1200
1893.2,1200
1893.3,1200
1893.4,1200
1893.5,1200
1893.6,1200
1893.7,1200
1893.8,1200
1893.9,1200
1894,1200
1894.1,1200
1894.2,1200
1894.3,1200
1894.4,1200
1894.5,1200
1894.6,1200
1894.7,1200
1894.8,1200
1894.9,1200
1895,1200
1895.1,1200
1895.2,1200
1895.3,1200
1895.4,1200
1895.5,1200
1895.6,1200
1895.7,1200
1895.8,1200
1895.9,1200
1896,1200
1896.1,1200
1896.2,1200
1896.3,1200
1896.4,1200
1896.5,1200
1896.6,1200
1896.7,1200
1896.8,1200
1896.9,1200
1897,1200
1897.1,1200
1897.2,1200
1897.3,1200
1897.4,1200
1897.5,1200
1897.6,1200
1897.7,1200
1897.8,1200
1897.9,1200
1898,1200
1898.1,1200
1898.2,1200
1898.3,1200
1898.4,1200
1898.5,1200
1898.6,1200
1898.7,1200
1898.8,1200
1898.9,1200
1899,1200
1899.1,1200
1899.2,1200
1899.3,1200
1899.4,1200
1899.5,1200
1899.6,1200
1899.7,1200
1899.8,1200
1899.9,1200
1900,1200
1900.1,1200
1900.2,1200
1900.3,1200
1900.4,1200
1900.5,1200
1900.6,1200
1900.7,1200
1900.8,1200
1900.9,1200
1901,1200
1901.1,1200
1901.2,1200
1901.3,1200
1901.4,1200
1901.5,1200
1901.6,1200
1901.7,1200
1901.8,1200
1901.9,1200
1902,1200
1902.1,1200
1902.2,1200
1902.3,1200
1902.4,1200
1902.5,1200
1902.6,1200
1902.7,1200
1902.8,1200
1902.9,1200
1903,1200
1903.1,1200
1903.2,1200
1903.3,1200
1903.4,1200
1903.5,1200
1903.6,1200
1903.7,1200
1903.8,1200
1903.9,1200
1904,1200
1904.1,1200
1904.2,1200
1904.3,1200
1904.4,1200
1904.5,1200
1904.6,1200
1904.7,1200
1904.8,1200
1904.9,1200
1905,1200
1905.1,1200
1905.2,1200
1905.3,1200
1905.4,1200
1905.5,1200
1905.6,1200
1905.7,1200
1905.8,1200
1905.9,1200
1906,1200
1906.1,1200
1906.2,1200
1906.3,1200
1906.4,1200
1906.5,1200
1906.6,1200
1906.7,1200
1906.8,1200
1906.9,1200
1907,1200
1907.1,1200
1907.2,1200
1907.3,1200
1907.4,1200
1907.5,1200
1907.6,1200
1907.7,1200
1907.8,1200
1907.9,1200
1908,1200
1908.1,1200
1908.2,1200
1908.3,1200
1908.4,1200
1908.5,1200
1908.6,1200
1908.7,1200
1908.8,1200
1908.9,1200
1909,1200
1909.1,1200
1909.2,1200
1909.3,1200
1909.4,1200
1909.5,1200
1909.6,1200
1909.7,1200
1909.8,1200
1909.9,1200
1910,1200
1910.1,1200
1910.2,1200
1910.3,1200
1910.4,1200
1910.5,1200
1910.6,1200
1910.7,1200
1910.8,1200
1910.9,1200
1911,1200
1911.1,1200
1911.2,1200
1911.3,1200
1911.4,1200
1911.5,1200
1911.6,1200
1911.7,1200
1911.8,1200
1911.9,1200
1912,1200
1912.1,1200
1912.2,1200
1912.3,1200
1912.4,1200
1912.5,1200
1912.6,1200
1912.7,1200
1912.8,1200
1912.9,1200
1913,1200
1913.1,1200
1913.2,1200
1913.3,1200
1913.4,1200
1913.5,1200
1913.6,1200
1913.7,1200
1913.8,1200
1913.9,1200
1914,1200
1914.1,1200
1914.2,1200
1914.3,1200
1914.4,1200
1914.5,1200
1914.6,1200
1914.7,1200
1914.8,1200
1914.9,1200
1915,1200
1915.1,1200
1915.2,1200
1915.3,1200
1915.4,1200
1915.5,1200
1915.6,1200
1915.7,1200
1915.8,1200
1915.9,1200
1916,1200
1916.1,1200
1916.2,1200
1916.3,1200
1916.4,1200
1916.5,1200
1916.6,1200
1916.7,1200
1916.8,1200
1916.9,1200
1917,1200
1917.1,1200
1917.2,1200
1917.3,1200
1917.4,1200
1917.5,1200
1917.6,1200
1917.7,1200
1917.8,1200
1917.9,1200
1918,1200
1918.1,1200
1918.2,1200
1918.3,1200
1918.4,1200
1918.5,1200
1918.6,1200
1918.7,1200
1918.8,1200
1918.9,1200
1919,1200
1919.1,1200
1919.2,1200
1919.3,1200
1919.4,1200
1919.5,1200
1919.6,1200
1919.7,1200
1919.8,1200
1919.9,1200
1920,1200
1920.1,1200
1920.2,1200
1920.3,1200
1920.4,1200
1920.5,1200
1920.6,1200
1920.7,1200
1920.8,1200
1920.9,1200
1921,1200
1921.1,1200
1921.2,1200
1921.3,1200
1921.4,1200
1921.5,1200
1921.6,1200
1921.7,1200
1921.8,1200
1921.9,1200
1922,1200
1922.1,1200
1922.2,1200
1922.3,1200
1922.4,1200
1922.5,1200
1922.6,1200
1922.7,1200
1922.8,1200
1922.9,1200
1923,1200
1923.1,1200
1923.2,1200
1923.3,1200
1923.4,1200
1923.5,1200
1923.6,1200
1923.7,1200
1923.8,1200
1923.9,1200
1924,1200
1924.1,1200
1924.2,1200
1924.3,1200
1924.4,1200
1924.5,1200
1924.6,1200
1924.7,1200
1924.8,1200
1924.9,1200
1925,1200
1925.1,1200
1925.2,1200
1925.3,1200
1925.4,1200
1925.5,1200
1925.6,1200
1925.7,1200
1925.8,1200
1925.9,1200
1926,1200
1926.1,1200
1926.2,1200
1926.3,1200
1926.4,1200
1926.5,1200
1926.6,1200
1926.7,1200
1926.8,1200
1926.9,1200
1927,1200
1927.1,1200
1927.2,1200
1927.3,1200
1927.4,1200
1927.5,1200
1927.6,1200
1927.7,1200
1927.8,1200
1927.9,1200
1928,1200
1928.1,1200
1928.2,1200
1928.3,1200
1928.4,1200
1928.5,1200
1928.6,1200
1928.7,1200
1928.8,1200
1928.9,1200
1929,1200
1929.1,1200
1929.2,1200
1929.3,1200
1929.4,1200
1929.5,1200
1929.6,1200
1929.7,1200
1929.8,1200
1929.9,1200
1930,1200
1930.1,1200
1930.2,1200
1930.3,1200
1930.4,1200
1930.5,1200
1930.6,1200
1930.7,1200
1930.8,1200
1930.9,1200
1931,1200
1931.1,1200
1931.2,1200
1931.3,1200
1931.4,1200
1931.5,1200
1931.6,1200
1931.7,1200
1931.8,1200
1931.9,1200
1932,1200
1932.1,1200
1932.2,1200
1932.3,1200
1932.4,1200
1932.5,1200
1932.6,1200
1932.7,1200
1932.8,1200
1932.9,1200
1933,1200
1933.1,1200
1933.2,1200
1933.3,1200
1933.4,1200
1933.5,1200
1933.6,1200
1933.7,1200
1933.8,1200
1933.9,1200
1934,1200
1934.1,1200
1934.2,1200
1934.3,1200
1934.4,1200
1934.5,1200
1934.6,1200
1934.7,1200
1934.8,1200
1934.9,1200
1935,1200
1935.1,1200
1935.2,1200
1935.3,1200
1935.4,1200
1935.5,1200
1935.6,1200
1935.7,1200
1935.8,1200
1935.9,1200
1936,1200
1936.1,1200
1936.2,1200
1936.3,1200
1936.4,1200
1936.5,1200
1936.6,1200
1936.7,1200
1936.8,1200
1936.9,1200
1937,1200
1937.1,1200
1937.2,1200
1937.3,1200
1937.4,1200
1937.5,1200
1937.6,1200
1937.7,1200
1937.8,1200
1937.9,1200
1938,1200
1938.1,1200
1938.2,1200
1938.3,1200
1938.4,1200
1938.5,1200
1938.6,1200
1938.7,1200
1938.8,1200
1938.9,1200
1939,1200
1939.1,1200
1939.2,1200
1939.3,1200
1939.4,1200
1939.5,1200
1939.6,1200
1939.7,1200
1939.8,1200
1939.9,1200
1940,1200
1940.1,1200
1940.2,1200
1940.3,1200
1940.4,1200
1940.5,1200
1940.6,1200
1940.7,1200
1940.8,1200
1940.9,1200
1941,1200
1941.1,1200
1941.2,1200
1941.3,1200
1941.4,1200
1941.5,1200
1941.6,1200
1941.7,1200
1941.8,1200
1941.9,1200
1942,1200
1942.1,1200
1942.2,1200
1942.3,1200
1942.4,1200
1942.5,1200
1942.6,1200
1942.7,1200
1942.8,1200
1942.9,1200
1943,1200
1943.1,1200
1943.2,1200
1943.3,1200
1943.4,1200
1943.5,1200
1943.6,1200
1943.7,1200
1943.8,1200
1943.9,1200
1944,1200
1944.1,1200
1944.2,1200
1944.3,1200
1944.4,1200
1944.5,1200
1944.6,1200
1944.7,1200
1944.8,1200
1944.9,1200
1945,1200
1945.1,1200
1945.2,1200
1945.3,1200
1945.4,1200
1945.5,1200
1945.6,1200
1945.7,1200
1945.8,1200
1945.9,1200
1946,1200
1946.1,1200
1946.2,1200
1946.3,1200
1946.4,1200
1946.5,1200
1946.6,1200
1946.7,1200
1946.8,1200
1946.9,1200
1947,1200
1947.1,1200
1947.2,1200
1947.3,1200
1947.4,1200
1947.5,1200
1947.6,1200
1947.7,1200
1947.8,1200
1947.9,1200
1948,1200
1948.1,1200
1948.2,1200
1948.3,1200
1948.4,1200
1948.5,1200
1948.6,1200
1948.7,1200
1948.8,1200
1948.9,1200
1949,1200
1949.1,1200
1949.2,1200
1949.3,1200
1949.4,1200
1949.5,1200
1949.6,1200
1949.7,1200
1949.8,1200
1949.9,1200
1950,1200
1950.1,1200
1950.2,1200
1950.3,1200
1950.4,1200
1950.5,1200
1950.6,1200
1950.7,1200
1950.8,1200
1950.9,1200
1951,1200
1951.1,1200
1951.2,1200
1951.3,1200
1951.4,1200
1951.5,1200
1951.6,1200
1951.7,1200
1951.8,1200
1951.9,1200
1952,1200
1952.1,1200
1952.2,1200
1952.3,1200
1952.4,1200
1952.5,1200
1952.6,1200
1952.7,1200
1952.8,1200
1952.9,1200
1953,1200
1953.1,1200
1953.2,1200
1953.3,1200
1953.4,1200
1953.5,1200
1953.6,1200
1953.7,1200
1953.8,1200
1953.9,1200
1954,1200
1954.1,1200
1954.2,1200
1954.3,1200
1954.4,1200
1954.5,1200
1954.6,1200
1954.7,1200
1954.8,1200
1954.9,1200
1955,1200
1955.1,1200
1955.2,1200
1955.3,1200
1955.4,1200
1955.5,1200
1955.6,1200
1955.7,1200
1955.8,1200
1955.9,1200
1956,1200
1956.1,1200
1956.2,1200
1956.3,1200
1956.4,1200
1956.5,1200
1956.6,1200
1956.7,1200
1956.8,1200
1956.9,1200
1957,1200
1957.1,1200
1957.2,1200
1957.3,1200
1957.4,1200
1957.5,1200
1957.6,1200
1957.7,1200
1957.8,1200
1957.9,1200
1958,1200
1958.1,1200
1958.2,1200
1958.3,1200
1958.4,1200
1958.5,1200
1958.6,1200
1958.7,1200
1958.8,1200
1958.9,1200
1959,1200
1959.1,1200
1959.2,1200
1959.3,1200
1959.4,1200
1959.5,1200
1959.6,1200
1959.7,1200
1959.8,1200
1959.9,1200
1960,1200
1960.1,1200
1960.2,1200
1960.3,1200
1960.4,1200
1960.5,1200
1960.6,1200
1960.7,1200
1960.8,1200
1960.9,1200
1961,1200
1961.1,1200
1961.2,1200
1961.3,1200
1961.4,1200
1961.5,1200
1961.6,1200
1961.7,1200
1961.8,1200
1961.9,1200
1962,1200
1962.1,1200
1962.2,1200
1962.3,1200
1962.4,1200
1962.5,1200
1962.6,1200
1962.7,1200
1962.8,1200
1962.9,1200
1963,1200
1963.1,1200
1963.2,1200
1963.3,1200
1963.4,1200
1963.5,1200
1963.6,1200
1963.7,1200
1963.8,1200
1963.9,1200
1964,1200
1964.1,1200
1964.2,1200
1964.3,1200
1964.4,1200
1964.5,1200
1964.6,1200
1964.7,1200
1964.8,1200
1964.9,1200
1965,1200
1965.1,1200
1965.2,1200
1965.3,1200
1965.4,1200
1965.5,1200
1965.6,1200
1965.7,1200
1965.8,1200
1965.9,1200
1966,1200
1966.1,1200
1966.2,1200
1966.3,1200
1966.4,1200
1966.5,1200
1966.6,1200
1966.7,1200
1966.8,1200
1966.9,1200
1967,1200
1967.1,1200
1967.2,1200
1967.3,1200
1967.4,1200
1967.5,1200
1967.6,1200
1967.7,1200
1967.8,1200
1967.9,1200
1968,1200
1968.1,1200
1968.2,1200
1968.3,1200
1968.4,1200
1968.5,1200
1968.6,1200
1968.7,1200
1968.8,1200
1968.9,1200
1969,1200
1969.1,1200
1969.2,1200
1969.3,1200
1969.4,1200
1969.5,1200
1969.6,1200
1969.7,1200
1969.8,1200
1969.9,1200
1970,1200
1970.1,1200
1970.2,1200
1970.3,1200
1970.4,1200
1970.5,1200
1970.6,1200
1970.7,1200
1970.8,1200
1970.9,1200
1971,1200
1971.1,1200
1971.2,1200
1971.3,1200
1971.4,1200
1971.5,1200
1971.6,1200
1971.7,1200
1971.8,1200
1971.9,1200
1972,1200
1972.1,1200
1972.2,1200
1972.3,1200
1972.4,1200
1972.5,1200
1972.6,1200
1972.7,1200
1972.8,1200
1972.9,1200
1973,1200
1973.1,1200
1973.2,1200
1973.3,1200
1973.4,1200
1973.5,1200
1973.6,1200
1973.7,1200
1973.8,1200
1973.9,1200
1974,1200
1974.1,1200
1974.2,1200
1974.3,1200
1974.4,1200
1974.5,1200
1974.6,1200
1974.7,1200
1974.8,1200
1974.9,1200
1975,1200
1975.1,1200
1975.2,1200
1975.3,1200
1975.4,1200
1975.5,1200
1975.6,1200
1975.7,1200
1975.8,1200
1975.9,1200
1976,1200
1976.1,1200
1976.2,1200
1976.3,1200
1976.4,1200
1976.5,1200
1976.6,1200
1976.7,1200
1976.8,1200
1976.9,1200
1977,1200
1977.1,1200
1977.2,1200
1977.3,1200
1977.4,1200
1977.5,1200
1977.6,1200
1977.7,1200
1977.8,1200
1977.9,1200
1978,1200
1978.1,1200
1978.2,1200
1978.3,1200
1978.4,1200
1978.5,1200
1978.6,1200
1978.7,1200
1978.8,1200
1978.9,1200
1979,1200
1979.1,1200
1979.2,1200
1979.3,1200
1979.4,1200
1979.5,1200
1979.6,1200
1979.7,1200
1979.8,1200
1979.9,1200
1980,1200
1980.1,1200
1980.2,1200
1980.3,1200
1980.4,1200
1980.5,1200
1980.6,1200
1980.7,1200
1980.8,1200
1980.9,1200
1981,1200
1981.1,1200
1981.2,1200
1981.3,1200
1981.4,1200
1981.5,1200
1981.6,1200
1981.7,1200
1981.8,1200
1981.9,1200
1982,1200
1982.1,1200
1982.2,1200
1982.3,1200
1982.4,1200
1982.5,1200
1982.6,1200
1982.7,1200
1982.8,1200
1982.9,1200
1983,1200
1983.1,1200
1983.2,1200
1983.3,1200
1983.4,1200
1983.5,1200
1983.6,1200
1983.7,1200
1983.8,1200
1983.9,1200
1984,1200
1984.1,1200
1984.2,1200
1984.3,1200
1984.4,1200
1984.5,1200
1984.6,1200
1984.7,1200
1984.8,1200
1984.9,1200
1985,1200
1985.1,1200
1985.2,1200
1985.3,1200
1985.4,1200
1985.5,1200
1985.6,1200
1985.7,1200
1985.8,1200
1985.9,1200
1986,1200
1986.1,1200
1986.2,1200
1986.3,1200
1986.4,1200
1986.5,1200
1986.6,1200
1986.7,1200
1986.8,1200
1986.9,1200
1987,1200
1987.1,1200
1987.2,1200
1987.3,1200
1987.4,1200
1987.5,1200
1987.6,1200
1987.7,1200
1987.8,1200
1987.9,1200
1988,1200
1988.1,1200
1988.2,1200
1988.3,1200
1988.4,1200
1988.5,1200
1988.6,1200
1988.7,1200
1988.8,1200
1988.9,1200
1989,1200
1989.1,1200
1989.2,1200
1989.3,1200
1989.4,1200
1989.5,1200
1989.6,1200
1989.7,1200
1989.8,1200
1989.9,1200
1990,1200
1990.1,1200
1990.2,1200
1990.3,1200
1990.4,1200
1990.5,1200
1990.6,1200
1990.7,1200
1990.8,1200
1990.9,1200
1991,1200
1991.1,1200
1991.2,1200
1991.3,1200
1991.4,1200
1991.5,1200
1991.6,1200
1991.7,1200
1991.8,1200
1991.9,1200
1992,1200
1992.1,1200
1992.2,1200
1992.3,1200
1992.4,1200
1992.5,1200
1992.6,1200
1992.7,1200
1992.8,1200
1992.9,1200
1993,1200
1993.1,1200
1993.2,1200
1993.3,1200
1993.4,1200
1993.5,1200
1993.6,1200
1993.7,1200
1993.8,1200
1993.9,1200
1994,1200
1994.1,1200
1994.2,1200
1994.3,1200
1994.4,1200
1994.5,1200
1994.6,1200
1994.7,1200
1994.8,1200
1994.9,1200
1995,1200
1995.1,1200
1995.2,1200
1995.3,1200
1995.4,1200
1995.5,1200
1995.6,1200
1995.7,1200
1995.8,1200
1995.9,1200
1996,1200
1996.1,1200
1996.2,1200
1996.3,1200
1996.4,1200
1996.5,1200
1996.6,1200
1996.7,1200
1996.8,1200
1996.9,1200
1997,1200
1997.1,1200
1997.2,1200
1997.3,1200
1997.4,1200
1997.5,1200
1997.6,1200
1997.7,1200
1997.8,1200
1997.9,1200
1998,1200
1998.1,1200
1998.2,1200
1998.3,1200
1998.4,1200
1998.5,1200
1998.6,1200
1998.7,1200
1998.8,1200
1998.9,1200
1999,1200
1999.1,1200
1999.2,1200
1999.3,1200
1999.4,1200
1999.5,1200
1999.6,1200
1999.7,1200
1999.8,1200
1999.9,1200
2000,1200
2000.1,1200
2000.2,1200
2000.3,1200
2000.4,1200
2000.5,1200
2000.6,1200
2000.7,1200
2000.8,1200
2000.9,1200
2001,1200
2001.1,1200
2001.2,1200
2001.3,1200
2001.4,1200
2001.5,1200
2001.6,1200
2001.7,1200
2001.8,1200
2001.9,1200
2002,1200
2002.1,1200
2002.2,1200
2002.3,1200
2002.4,1200
2002.5,1200
2002.6,1200
2002.7,1200
2002.8,1200
2002.9,1200
2003,1200
2003.1,1200
2003.2,1200
2003.3,1200
2003.4,1200
2003.5,1200
2003.6,1200
2003.7,1200
2003.8,1200
2003.9,1200
2004,1200
2004.1,1200
2004.2,1200
2004.3,1200
2004.4,1200
2004.5,1200
2004.6,1200
2004.7,1200
2004.8,1200
2004.9,1200
2005,1200
2005.1,1200
2005.2,1200
2005.3,1200
2005.4,1200
2005.5,1200
2005.6,1200
2005.7,1200
2005.8,1200
2005.9,1200
2006,1200
2006.1,1200
2006.2,1200
2006.3,1200
2006.4,1200
2006.5,1200
2006.6,1200
2006.7,1200
2006.8,1200
2006.9,1200
2007,1200
2007.1,1200
2007.2,1200
2007.3,1200
2007.4,1200
2007.5,1200
2007.6,1200
2007.7,1200
2007.8,1200
2007.9,1200
2008,1200
2008.1,1200
2008.2,1200
2008.3,1200
2008.4,1200
2008.5,1200
2008.6,1200
2008.7,1200
2008.8,1200
2008.9,1200
2009,1200
2009.1,1200
2009.2,1200
2009.3,1200
2009.4,1200
2009.5,1200
2009.6,1200
2009.7,1200
2009.8,1200
2009.9,1200
2010,1200
2010.1,1200
2010.2,1200
2010.3,1200
2010.4,1200
2010.5,1200
2010.6,1200
2010.7,1200
2010.8,1200
2010.9,1200
2011,1200
2011.1,1200
2011.2,1200
2011.3,1200
2011.4,1200
2011.5,1200
2011.6,1200
2011.7,1200
2011.8,1200
2011.9,1200
2012,1200
2012.1,1200
2012.2,1200
2012.3,1200
2012.4,1200
2012.5,1200
2012.6,1200
2012.7,1200
2012.8,1200
2012.9,1200
2013,1200
2013.1,1200
2013.2,1200
2013.3,1200
2013.4,1200
2013.5,1200
2013.6,1200
2013.7,1200
2013.8,1200
2013.9,1200
2014,1200
2014.1,1200
2014.2,1200
2014.3,1200
2014.4,1200
2014.5,1200
2014.6,1200
2014.7,1200
2014.8,1200
2014.9,1200
2015,1200
2015.1,1200
2015.2,1200
2015.3,1200
2015.4,1200
2015.5,1200
2015.6,1200
2015.7,1200
2015.8,1200
2015.9,1200
2016,1200
2016.1,1200
2016.2,1200
2016.3,1200
2016.4,1200
2016.5,1200
2016.6,1200
2016.7,1200
2016.8,1200
2016.9,1200
2017,1200
2017.1,1200
2017.2,1200
2017.3,1200
2017.4,1200
2017.5,1200
2017.6,1200
2017.7,1200
2017.8,1200
2017.9,1200
2018,1200
2018.1,1200
2018.2,1200
2018.3,1200
2018.4,1200
2018.5,1200
2018.6,1200
2018.7,1200
2018.8,1200
2018.9,1200
2019,1200
2019.1,1200
2019.2,1200
2019.3,1200
2019.4,1200
2019.5,1200
2019.6,1200
2019.7,1200
2019.8,1200
2019.9,1200
2020,1200
2020.1,1200
2020.2,1200
2020.3,1200
2020.4,1200
2020.5,1200
2020.6,1200
2020.7,1200
2020.8,1200
2020.9,1200
2021,1200
2021.1,1200
2021.2,1200
2021.3,1200
2021.4,1200
2021.5,1200
2021.6,1200
2021.7,1200
2021.8,1200
2021.9,1200
2022,1200
2022.1,1200
2022.2,1200
2022.3,1200
2022.4,1200
2022.5,1200
2022.6,1200
2022.7,1200
2022.8,1200
2022.9,1200
2023,1200
2023.1,1200
2023.2,1200
2023.3,1200
2023.4,1200
2023.5,1200
2023.6,1200
2023.7,1200
2023.8,1200
2023.9,1200
2024,1200
2024.1,1200
2024.2,1200
2024.3,1200
2024.4,1200
2024.5,1200
2024.6,1200
2024.7,1200
2024.8,1200
2024.9,1200
2025,1200
2025.1,1200
2025.2,1200
2025.3,1200
2025.4,1200
2025.5,1200
2025.6,1200
2025.7,1200
2025.8,1200
2025.9,1200
2026,1200
2026.1,1200
2026.2,1200
2026.3,1200
2026.4,1200
2026.5,1200
2026.6,1200
2026.7,1200
2026.8,1200
2026.9,1200
2027,1200
2027.1,1200
2027.2,1200
2027.3,1200
2027.4,1200
2027.5,1200
2027.6,1200
2027.7,1200
2027.8,1200
2027.9,1200
2028,1200
2028.1,1200
2028.2,1200
2028.3,1200
2028.4,1200
2028.5,1200
2028.6,1200
2028.7,1200
2028.8,1200
2028.9,1200
2029,1200
2029.1,1200
2029.2,1200
2029.3,1200
2029.4,1200
2029.5,1200
2029.6,1200
2029.7,1200
2029.8,1200
2029.9,1200
2030,1200
2030.1,1200
2030.2,1200
2030.3,1200
2030.4,1200
2030.5,1200
2030.6,1200
2030.7,1200
2030.8,1200
2030.9,1200
2031,1200
2031.1,1200
2031.2,1200
2031.3,1200
2031.4,1200
2031.5,1200
2031.6,1200
2031.7,1200
2031.8,1200
2031.9,1200
2032,1200
2032.1,1200
2032.2,1200
2032.3,1200
2032.4,1200
2032.5,1200
2032.6,1200
2032.7,1200
2032.8,1200
2032.9,1200
2033,1200
2033.1,1200
2033.2,1200
2033.3,1200
2033.4,1200
2033.5,1200
2033.6,1200
2033.7,1200
2033.8,1200
2033.9,1200
2034,1200
2034.1,1200
2034.2,1200
2034.3,1200
2034.4,1200
2034.5,1200
2034.6,1200
2034.7,1200
2034.8,1200
2034.9,1200
2035,1200
2035.1,1200
2035.2,1200
2035.3,1200
2035.4,1200
2035.5,1200
2035.6,1200
2035.7,1200
2035.8,1200
2035.9,1200
2036,1200
2036.1,1200
2036.2,1200
2036.3,1200
2036.4,1200
2036.5,1200
2036.6,1200
2036.7,1200
2036.8,1200
2036.9,1200
2037,1200
2037.1,1200
2037.2,1200
2037.3,1200
2037.4,1200
2037.5,1200
2037.6,1200
2037.7,1200
2037.8,1200
2037.9,1200
2038,1200
2038.1,1200
2038.2,1200
2038.3,1200
2038.4,1200
2038.5,1200
2038.6,1200
2038.7,1200
2038.8,1200
2038.9,1200
2039,1200
2039.1,1200
2039.2,1200
2039.3,1200
2039.4,1200
2039.5,1200
2039.6,1200
2039.7,1200
2039.8,1200
2039.9,1200
2040,1200
2040.1,1200
2040.2,1200
2040.3,1200
2040.4,1200
2040.5,1200
2040.6,1200
2040.7,1200
2040.8,1200
2040.9,1200
2041,1200
2041.1,1200
2041.2,1200
2041.3,1200
2041.4,1200
2041.5,1200
2041.6,1200
2041.7,1200
2041.8,1200
2041.9,1200
2042,1200
2042.1,1200
2042.2,1200
2042.3,1200
2042.4,1200
2042.5,1200
2042.6,1200
2042.7,1200
2042.8,1200
2042.9,1200
2043,1200
2043.1,1200
2043.2,1200
2043.3,1200
2043.4,1200
2043.5,1200
2043.6,1200
2043.7,1200
2043.8,1200
2043.9,1200
2044,1200
2044.1,1200
2044.2,1200
2044.3,1200
2044.4,1200
2044.5,1200
2044.6,1200
2044.7,1200
2044.8,1200
2044.9,1200
2045,1200
2045.1,1200
2045.2,1200
2045.3,1200
2045.4,1200
2045.5,1200
2045.6,1200
2045.7,1200
2045.8,1200
2045.9,1200
2046,1200
2046.1,1200
2046.2,1200
2046.3,1200
2046.4,1200
2046.5,1200
2046.6,1200
2046.7,1200
2046.8,1200
2046.9,1200
2047,1200
2047.1,1200
2047.2,1200
2047.3,1200
2047.4,1200
2047.5,1200
2047.6,1200
2047.7,1200
2047.8,1200
2047.9,1200
2048,1200
2048.1,1200
2048.2,1200
2048.3,1200
2048.4,1200
2048.5,1200
2048.6,1200
2048.7,1200
2048.8,1200
2048.9,1200
2049,1200
2049.1,1200
2049.2,1200
2049.3,1200
2049.4,1200
2049.5,1200
2049.6,1200
2049.7,1200
2049.8,1200
2049.9,1200
2050,1200
2050.1,1200
2050.2,1200
2050.3,1200
2050.4,1200
2050.5,1200
2050.6,1200
2050.7,1200
2050.8,1200
2050.9,1200
2051,1200
2051.1,1200
2051.2,1200
2051.3,1200
2051.4,1200
2051.5,1200
2051.6,1200
2051.7,1200
2051.8,1200
2051.9,1200
2052,1200
2052.1,1200
2052.2,1200
2052.3,1200
2052.4,1200
2052.5,1200
2052.6,1200
2052.7,1200
2052.8,1200
2052.9,1200
2053,1200
2053.1,1200
2053.2,1200
2053.3,1200
2053.4,1200
2053.5,1200
2053.6,1200
2053.7,1200
2053.8,1200
2053.9,1200
2054,1200
2054.1,1200
2054.2,1200
2054.3,1200
2054.4,1200
2054.5,1200
2054.6,1200
2054.7,1200
2054.8,1200
2054.9,1200
2055,1200
2055.1,1200
2055.2,1200
2055.3,1200
2055.4,1200
2055.5,1200
2055.6,1200
2055.7,1200
2055.8,1200
2055.9,1200
2056,1200
2056.1,1200
2056.2,1200
2056.3,1200
2056.4,1200
2056.5,1200
2056.6,1200
2056.7,1200
2056.8,1200
2056.9,1200
2057,1200
2057.1,1200
2057.2,1200
2057.3,1200
2057.4,1200
2057.5,1200
2057.6,1200
2057.7,1200
2057.8,1200
2057.9,1200
2058,1200
2058.1,1200
2058.2,1200
2058.3,1200
2058.4,1200
2058.5,1200
2058.6,1200
2058.7,1200
2058.8,1200
2058.9,1200
2059,1200
2059.1,1200
2059.2,1200
2059.3,1200
2059.4,1200
2059.5,1200
2059.6,1200
2059.7,1200
2059.8,1200
2059.9,1200
2060,1200
2060.1,1200
2060.2,1200
2060.3,1200
2060.4,1200
2060.5,1200
2060.6,1200
2060.7,1200
2060.8,1200
2060.9,1200
2061,1200
2061.1,1200
2061.2,1200
2061.3,1200
2061.4,1200
2061.5,1200
2061.6,1200
2061.7,1200
2061.8,1200
2061.9,1200
2062,1200
2062.1,1200
2062.2,1200
2062.3,1200
2062.4,1200
2062.5,1200
2062.6,1200
2062.7,1200
2062.8,1200
2062.9,1200
2063,1200
2063.1,1200
2063.2,1200
2063.3,1200
2063.4,1200
2063.5,1200
2063.6,1200
2063.7,1200
2063.8,1200
2063.9,1200
2064,1200
2064.1,1200
2064.2,1200
2064.3,1200
2064.4,1200
2064.5,1200
2064.6,1200
2064.7,1200
2064.8,1200
2064.9,1200
2065,1200
2065.1,1200
2065.2,1200
2065.3,1200
2065.4,1200
2065.5,1200
2065.6,1200
2065.7,1200
2065.8,1200
2065.9,1200
2066,1200
2066.1,1200
2066.2,1200
2066.3,1200
2066.4,1200
2066.5,1200
2066.6,1200
2066.7,1200
2066.8,1200
2066.9,1200
2067,1200
2067.1,1200
2067.2,1200
2067.3,1200
2067.4,1200
2067.5,1200
2067.6,1200
2067.7,1200
2067.8,1200
2067.9,1200
2068,1200
2068.1,1200
2068.2,1200
2068.3,1200
2068.4,1200
2068.5,1200
2068.6,1200
2068.7,1200
2068.8,1200
2068.9,1200
2069,1200
2069.1,1200
2069.2,1200
2069.3,1200
2069.4,1200
2069.5,1200
2069.6,1200
2069.7,1200
2069.8,1200
2069.9,1200
2070,1200
2070.1,1200
2070.2,1200
2070.3,1200
2070.4,1200
2070.5,1200
2070.6,1200
2070.7,1200
2070.8,1200
2070.9,1200
2071,1200
2071.1,1200
2071.2,1200
2071.3,1200
2071.4,1200
2071.5,1200
2071.6,1200
2071.7,1200
2071.8,1200
2071.9,1200
2072,1200
2072.1,1200
2072.2,1200
2072.3,1200
2072.4,1200
2072.5,1200
2072.6,1200
2072.7,1200
2072.8,1200
2072.9,1200
2073,1200
2073.1,1200
2073.2,1200
2073.3,1200
2073.4,1200
2073.5,1200
2073.6,1200
2073.7,1200
2073.8,1200
2073.9,1200
2074,1200
2074.1,1200
2074.2,1200
2074.3,1200
2074.4,1200
2074.5,1200
2074.6,1200
2074.7,1200
2074.8,1200
2074.9,1200
2075,1200
2075.1,1200
2075.2,1200
2075.3,1200
2075.4,1200
2075.5,1200
2075.6,1200
2075.7,1200
2075.8,1200
2075.9,1200
2076,1200
2076.1,1200
2076.2,1200
2076.3,1200
2076.4,1200
2076.5,1200
2076.6,1200
2076.7,1200
2076.8,1200
2076.9,1200
2077,1200
2077.1,1200
2077.2,1200
2077.3,1200
2077.4,1200
2077.5,1200
2077.6,1200
2077.7,1200
2077.8,1200
2077.9,1200
2078,1200
2078.1,1200
2078.2,1200
2078.3,1200
2078.4,1200
2078.5,1200
2078.6,1200
2078.7,1200
2078.8,1200
2078.9,1200
2079,1200
2079.1,1200
2079.2,1200
2079.3,1200
2079.4,1200
2079.5,1200
2079.6,1200
2079.7,1200
2079.8,1200
2079.9,1200
2080,1200
2080.1,1200
2080.2,1200
2080.3,1200
2080.4,1200
2080.5,1200
2080.6,1200
2080.7,1200
2080.8,1200
2080.9,1200
2081,1200
2081.1,1200
2081.2,1200
2081.3,1200
2081.4,1200
2081.5,1200
2081.6,1200
2081.7,1200
2081.8,1200
2081.9,1200
2082,1200
2082.1,1200
2082.2,1200
2082.3,1200
2082.4,1200
2082.5,1200
2082.6,1200
2082.7,1200
2082.8,1200
2082.9,1200
2083,1200
2083.1,1200
2083.2,1200
2083.3,1200
2083.4,1200
2083.5,1200
2083.6,1200
2083.7,1200
2083.8,1200
2083.9,1200
2084,1200
2084.1,1200
2084.2,1200
2084.3,1200
2084.4,1200
2084.5,1200
2084.6,1200
2084.7,1200
2084.8,1200
2084.9,1200
2085,1200
2085.1,1200
2085.2,1200
2085.3,1200
2085.4,1200
2085.5,1200
2085.6,1200
2085.7,1200
2085.8,1200
2085.9,1200
2086,1200
2086.1,1200
2086.2,1200
2086.3,1200
2086.4,1200
2086.5,1200
2086.6,1200
2086.7,1200
2086.8,1200
2086.9,1200
2087,1200
2087.1,1200
2087.2,1200
2087.3,1200
2087.4,1200
2087.5,1200
2087.6,1200
2087.7,1200
2087.8,1200
2087.9,1200
2088,1200
2088.1,1200
2088.2,1200
2088.3,1200
2088.4,1200
2088.5,1200
2088.6,1200
2088.7,1200
2088.8,1200
2088.9,1200
2089,1200
2089.1,1200
2089.2,1200
2089.3,1200
2089.4,1200
2089.5,1200
2089.6,1200
2089.7,1200
2089.8,1200
2089.9,1200
2090,1200
2090.1,1200
2090.2,1200
2090.3,1200
2090.4,1200
2090.5,1200
2090.6,1200
2090.7,1200
2090.8,1200
2090.9,1200
2091,1200
2091.1,1200
2091.2,1200
2091.3,1200
2091.4,1200
2091.5,1200
2091.6,1200
2091.7,1200
2091.8,1200
2091.9,1200
2092,1200
2092.1,1200
2092.2,1200
2092.3,1200
2092.4,1200
2092.5,1200
2092.6,1200
2092.7,1200
2092.8,1200
2092.9,1200
2093,1200
2093.1,1200
2093.2,1200
2093.3,1200
2093.4,1200
2093.5,1200
2093.6,1200
2093.7,1200
2093.8,1200
2093.9,1200
2094,1200
2094.1,1200
2094.2,1200
2094.3,1200
2094.4,1200
2094.5,1200
2094.6,1200
2094.7,1200
2094.8,1200
2094.9,1200
2095,1200
2095.1,1200
2095.2,1200
2095.3,1200
2095.4,1200
2095.5,1200
2095.6,1200
2095.7,1200
2095.8,1200
2095.9,1200
2096,1200
2096.1,1200
2096.2,1200
2096.3,1200
2096.4,1200
2096.5,1200
2096.6,1200
2096.7,1200
2096.8,1200
2096.9,1200
2097,1200
2097.1,1200
2097.2,1200
2097.3,1200
2097.4,1200
2097.5,1200
2097.6,1200
2097.7,1200
2097.8,1200
2097.9,1200
2098,1200
2098.1,1200
2098.2,1200
2098.3,1200
2098.4,1200
2098.5,1200
2098.6,1200
2098.7,1200
2098.8,1200
2098.9,1200
2099,1200
2099.1,1200
2099.2,1200
2099.3,1200
2099.4,1200
2099.5,1200
2099.6,1200
2099.7,1200
2099.8,1200
2099.9,1200
2100,1200
2100.1,1200
2100.2,1200
2100.3,1200
2100.4,1200
2100.5,1200
2100.6,1200
2100.7,1200
2100.8,1200
2100.9,1200
2101,1200
2101.1,1200
2101.2,1200
2101.3,1200
2101.4,1200
2101.5,1200
2101.6,1200
2101.7,1200
2101.8,1200
2101.9,1200
2102,1200
2102.1,1200
2102.2,1200
2102.3,1200
2102.4,1200
2102.5,1200
2102.6,1200
2102.7,1200
2102.8,1200
2102.9,1200
2103,1200
2103.1,1200
2103.2,1200
2103.3,1200
2103.4,1200
2103.5,1200
2103.6,1200
2103.7,1200
2103.8,1200
2103.9,1200
2104,1200
2104.1,1200
2104.2,1200
2104.3,1200
2104.4,1200
2104.5,1200
2104.6,1200
2104.7,1200
2104.8,1200
2104.9,1200
2105,1200
2105.1,1200
2105.2,1200
2105.3,1200
2105.4,1200
2105.5,1200
2105.6,1200
2105.7,1200
2105.8,1200
2105.9,1200
2106,1200
2106.1,1200
2106.2,1200
2106.3,1200
2106.4,1200
2106.5,1200
2106.6,1200
2106.7,1200
2106.8,1200
2106.9,1200
2107,1200
2107.1,1200
2107.2,1200
2107.3,1200
2107.4,1200
2107.5,1200
2107.6,1200
2107.7,1200
2107.8,1200
2107.9,1200
2108,1200
2108.1,1200
2108.2,1200
2108.3,1200
2108.4,1200
2108.5,1200
2108.6,1200
2108.7,1200
2108.8,1200
2108.9,1200
2109,1200
2109.1,1200
2109.2,1200
2109.3,1200
2109.4,1200
2109.5,1200
2109.6,1200
2109.7,1200
2109.8,1200
2109.9,1200
2110,1200
2110.1,1200
2110.2,1200
2110.3,1200
2110.4,1200
2110.5,1200
2110.6,1200
2110.7,1200
2110.8,1200
2110.9,1200
2111,1200
2111.1,1200
2111.2,1200
2111.3,1200
2111.4,1200
2111.5,1200
2111.6,1200
2111.7,1200
2111.8,1200
2111.9,1200
2112,1200
2112.1,1200
2112.2,1200
2112.3,1200
2112.4,1200
2112.5,1200
2112.6,1200
2112.7,1200
2112.8,1200
2112.9,1200
2113,1200
2113.1,1200
2113.2,1200
2113.3,1200
2113.4,1200
2113.5,1200
2113.6,1200
2113.7,1200
2113.8,1200
2113.9,1200
2114,1200
2114.1,1200
2114.2,1200
2114.3,1200
2114.4,1200
2114.5,1200
2114.6,1200
2114.7,1200
2114.8,1200
2114.9,1200
2115,1200
2115.1,1200
2115.2,1200
2115.3,1200
2115.4,1200
2115.5,1200
2115.6,1200
2115.7,1200
2115.8,1200
2115.9,1200
2116,1200
2116.1,1200
2116.2,1200
2116.3,1200
2116.4,1200
2116.5,1200
2116.6,1200
2116.7,1200
2116.8,1200
2116.9,1200
2117,1200
2117.1,1200
2117.2,1200
2117.3,1200
2117.4,1200
2117.5,1200
2117.6,1200
2117.7,1200
2117.8,1200
2117.9,1200
2118,1200
2118.1,1200
2118.2,1200
2118.3,1200
2118.4,1200
2118.5,1200
2118.6,1200
2118.7,1200
2118.8,1200
2118.9,1200
2119,1200
2119.1,1200
2119.2,1200
2119.3,1200
2119.4,1200
2119.5,1200
2119.6,1200
2119.7,1200
2119.8,1200
2119.9,1200
2120,1200
2120.1,1200
2120.2,1200
2120.3,1200
2120.4,1200
2120.5,1200
2120.6,1200
2120.7,1200
2120.8,1200
2120.9,1200
2121,1200
2121.1,1200
2121.2,1200
2121.3,1200
2121.4,1200
2121.5,1200
2121.6,1200
2121.7,1200
2121.8,1200
2121.9,1200
2122,1200
2122.1,1200
2122.2,1200
2122.3,1200
2122.4,1200
2122.5,1200
2122.6,1200
2122.7,1200
2122.8,1200
2122.9,1200
2123,1200
2123.1,1200
2123.2,1200
2123.3,1200
2123.4,1200
2123.5,1200
2123.6,1200
2123.7,1200
2123.8,1200
2123.9,1200
2124,1200
2124.1,1200
2124.2,1200
2124.3,1200
2124.4,1200
2124.5,1200
2124.6,1200
2124.7,1200
2124.8,1200
2124.9,1200
2125,1200
2125.1,1200
2125.2,1200
2125.3,1200
2125.4,1200
2125.5,1200
2125.6,1200
2125.7,1200
2125.8,1200
2125.9,1200
2126,1200
2126.1,1200
2126.2,1200
2126.3,1200
2126.4,1200
2126.5,1200
2126.6,1200
2126.7,1200
2126.8,1200
2126.9,1200
2127,1200
2127.1,1200
2127.2,1200
2127.3,1200
2127.4,1200
2127.5,1200
2127.6,1200
2127.7,1200
2127.8,1200
2127.9,1200
2128,1200
2128.1,1200
2128.2,1200
2128.3,1200
2128.4,1200
2128.5,1200
2128.6,1200
2128.7,1200
2128.8,1200
2128.9,1200
2129,1200
2129.1,1200
2129.2,1200
2129.3,1200
2129.4,1200
2129.5,1200
2129.6,1200
2129.7,1200
2129.8,1200
2129.9,1200
2130,1200
2130.1,1200
2130.2,1200
2130.3,1200
2130.4,1200
2130.5,1200
2130.6,1200
2130.7,1200
2130.8,1200
2130.9,1200
2131,1200
2131.1,1200
2131.2,1200
2131.3,1200
2131.4,1200
2131.5,1200
2131.6,1200
2131.7,1200
2131.8,1200
2131.9,1200
2132,1200
2132.1,1200
2132.2,1200
2132.3,1200
2132.4,1200
2132.5,1200
2132.6,1200
2132.7,1200
2132.8,1200
2132.9,1200
2133,1200
2133.1,1200
2133.2,1200
2133.3,1200
2133.4,1200
2133.5,1200
2133.6,1200
2133.7,1200
2133.8,1200
2133.9,1200
2134,1200
2134.1,1200
2134.2,1200
2134.3,1200
2134.4,1200
2134.5,1200
2134.6,1200
2134.7,1200
2134.8,1200
2134.9,1200
2135,1200
2135.1,1200
2135.2,1200
2135.3,1200
2135.4,1200
2135.5,1200
2135.6,1200
2135.7,1200
2135.8,1200
2135.9,1200
2136,1200
2136.1,1200
2136.2,1200
2136.3,1200
2136.4,1200
2136.5,1200
2136.6,1200
2136.7,1200
2136.8,1200
2136.9,1200
2137,1200
2137.1,1200
2137.2,1200
2137.3,1200
2137.4,1200
2137.5,1200
2137.6,1200
2137.7,1200
2137.8,1200
2137.9,1200
2138,1200
2138.1,1200
2138.2,1200
2138.3,1200
2138.4,1200
2138.5,1200
2138.6,1200
2138.7,1200
2138.8,1200
2138.9,1200
2139,1200
2139.1,1200
2139.2,1200
2139.3,1200
2139.4,1200
2139.5,1200
2139.6,1200
2139.7,1200
2139.8,1200
2139.9,1200
2140,1200
2140.1,1200
2140.2,1200
2140.3,1200
2140.4,1200
2140.5,1200
2140.6,1200
2140.7,1200
2140.8,1200
2140.9,1200
2141,1200
2141.1,1200
2141.2,1200
2141.3,1200
2141.4,1200
2141.5,1200
2141.6,1200
2141.7,1200
2141.8,1200
2141.9,1200
2142,1200
2142.1,1200
2142.2,1200
2142.3,1200
2142.4,1200
2142.5,1200
2142.6,1200
2142.7,1200
2142.8,1200
2142.9,1200
2143,1200
2143.1,1200
2143.2,1200
2143.3,1200
2143.4,1200
2143.5,1200
2143.6,1200
2143.7,1200
2143.8,1200
2143.9,1200
2144,1200
2144.1,1200
2144.2,1200
2144.3,1200
2144.4,1200
2144.5,1200
2144.6,1200
2144.7,1200
2144.8,1200
2144.9,1200
2145,1200
2145.1,1200
2145.2,1200
2145.3,1200
2145.4,1200
2145.5,1200
2145.6,1200
2145.7,1200
2145.8,1200
2145.9,1200
2146,1200
2146.1,1200
2146.2,1200
2146.3,1200
2146.4,1200
2146.5,1200
2146.6,1200
2146.7,1200
2146.8,1200
2146.9,1200
2147,1200
2147.1,1200
2147.2,1200
2147.3,1200
2147.4,1200
2147.5,1200
2147.6,1200
2147.7,1200
2147.8,1200
2147.9,1200
2148,1200
2148.1,1200
2148.2,1200
2148.3,1200
2148.4,1200
2148.5,1200
2148.6,1200
2148.7,1200
2148.8,1200
2148.9,1200
2149,1200
2149.1,1200
2149.2,1200
2149.3,1200
2149.4,1200
2149.5,1200
2149.6,1200
2149.7,1200
2149.8,1200
2149.9,1200
2150,1200
2150.1,1200
2150.2,1200
2150.3,1200
2150.4,1200
2150.5,1200
2150.6,1200
2150.7,1200
2150.8,1200
2150.9,1200
2151,1200
2151.1,1200
2151.2,1200
2151.3,1200
2151.4,1200
2151.5,1200
2151.6,1200
2151.7,1200
2151.8,1200
2151.9,1200
2152,1200
2152.1,1200
2152.2,1200
2152.3,1200
2152.4,1200
2152.5,1200
2152.6,1200
2152.7,1200
2152.8,1200
2152.9,1200
2153,1200
2153.1,1200
2153.2,1200
2153.3,1200
2153.4,1200
2153.5,1200
2153.6,1200
2153.7,1200
2153.8,1200
2153.9,1200
2154,1200
2154.1,1200
2154.2,1200
2154.3,1200
2154.4,1200
2154.5,1200
2154.6,1200
2154.7,1200
2154.8,1200
2154.9,1200
2155,1200
2155.1,1200
2155.2,1200
2155.3,1200
2155.4,1200
2155.5,1200
2155.6,1200
2155.7,1200
2155.8,1200
2155.9,1200
2156,1200
2156.1,1200
2156.2,1200
2156.3,1200
2156.4,1200
2156.5,1200
2156.6,1200
2156.7,1200
2156.8,1200
2156.9,1200
2157,1200
2157.1,1200
2157.2,1200
2157.3,1200
2157.4,1200
2157.5,1200
2157.6,1200
2157.7,1200
2157.8,1200
2157.9,1200
2158,1200
2158.1,1200
2158.2,1200
2158.3,1200
2158.4,1200
2158.5,1200
2158.6,1200
2158.7,1200
2158.8,1200
2158.9,1200
2159,1200
2159.1,1200
2159.2,1200
2159.3,1200
2159.4,1200
2159.5,1200
2159.6,1200
2159.7,1200
2159.8,1200
2159.9,1200
2160,1200
2160.1,1200
2160.2,1200
2160.3,1200
2160.4,1200
2160.5,1200
2160.6,1200
2160.7,1200
2160.8,1200
2160.9,1200
2161,1200
2161.1,1200
2161.2,1200
2161.3,1200
2161.4,1200
2161.5,1200
2161.6,1200
2161.7,1200
2161.8,1200
2161.9,1200
2162,1200
2162.1,1200
2162.2,1200
2162.3,1200
2162.4,1200
2162.5,1200
2162.6,1200
2162.7,1200
2162.8,1200
2162.9,1200
2163,1200
2163.1,1200
2163.2,1200
2163.3,1200
2163.4,1200
2163.5,1200
2163.6,1200
2163.7,1200
2163.8,1200
2163.9,1200
2164,1200
2164.1,1200
2164.2,1200
2164.3,1200
2164.4,1200
2164.5,1200
2164.6,1200
2164.7,1200
2164.8,1200
2164.9,1200
2165,1200
2165.1,1200
2165.2,1200
2165.3,1200
2165.4,1200
2165.5,1200
2165.6,1200
2165.7,1200
2165.8,1200
2165.9,1200
2166,1200
2166.1,1200
2166.2,1200
2166.3,1200
2166.4,1200
2166.5,1200
2166.6,1200
2166.7,1200
2166.8,1200
2166.9,1200
2167,1200
2167.1,1200
2167.2,1200
2167.3,1200
2167.4,1200
2167.5,1200
2167.6,1200
2167.7,1200
2167.8,1200
2167.9,1200
2168,1200
2168.1,1200
2168.2,1200
2168.3,1200
2168.4,1200
2168.5,1200
2168.6,1200
2168.7,1200
2168.8,1200
2168.9,1200
2169,1200
2169.1,1200
2169.2,1200
2169.3,1200
2169.4,1200
2169.5,1200
2169.6,1200
2169.7,1200
2169.8,1200
2169.9,1200
2170,1200
2170.1,1200
2170.2,1200
2170.3,1200
2170.4,1200
2170.5,1200
2170.6,1200
2170.7,1200
2170.8,1200
2170.9,1200
2171,1200
2171.1,1200
2171.2,1200
2171.3,1200
2171.4,1200
2171.5,1200
2171.6,1200
2171.7,1200
2171.8,1200
2171.9,1200
2172,1200
2172.1,1200
2172.2,1200
2172.3,1200
2172.4,1200
2172.5,1200
2172.6,1200
2172.7,1200
2172.8,1200
2172.9,1200
2173,1200
2173.1,1200
2173.2,1200
2173.3,1200
2173.4,1200
2173.5,1200
2173.6,1200
2173.7,1200
2173.8,1200
2173.9,1200
2174,1200
2174.1,1200
2174.2,1200
2174.3,1200
2174.4,1200
2174.5,1200
2174.6,1200
2174.7,1200
2174.8,1200
2174.9,1200
2175,1200
2175.1,1200
2175.2,1200
2175.3,1200
2175.4,1200
2175.5,1200
2175.6,1200
2175.7,1200
2175.8,1200
2175.9,1200
2176,1200
2176.1,1200
2176.2,1200
2176.3,1200
2176.4,1200
2176.5,1200
2176.6,1200
2176.7,1200
2176.8,1200
2176.9,1200
2177,1200
2177.1,1200
2177.2,1200
2177.3,1200
2177.4,1200
2177.5,1200
2177.6,1200
2177.7,1200
2177.8,1200
2177.9,1200
2178,1200
2178.1,1200
2178.2,1200
2178.3,1200
2178.4,1200
2178.5,1200
2178.6,1200
2178.7,1200
2178.8,1200
2178.9,1200
2179,1200
2179.1,1200
2179.2,1200
2179.3,1200
2179.4,1200
2179.5,1200
2179.6,1200
2179.7,1200
2179.8,1200
2179.9,1200
2180,1200
2180.1,1200
2180.2,1200
2180.3,1200
2180.4,1200
2180.5,1200
2180.6,1200
2180.7,1200
2180.8,1200
2180.9,1200
2181,1200
2181.1,1200
2181.2,1200
2181.3,1200
2181.4,1200
2181.5,1200
2181.6,1200
2181.7,1200
2181.8,1200
2181.9,1200
2182,1200
2182.1,1200
2182.2,1200
2182.3,1200
2182.4,1200
2182.5,1200
2182.6,1200
2182.7,1200
2182.8,1200
2182.9,1200
2183,1200
2183.1,1200
2183.2,1200
2183.3,1200
2183.4,1200
2183.5,1200
2183.6,1200
2183.7,1200
2183.8,1200
2183.9,1200
2184,1200
2184.1,1200
2184.2,1200
2184.3,1200
2184.4,1200
2184.5,1200
2184.6,1200
2184.7,1200
2184.8,1200
2184.9,1200
2185,1200
2185.1,1200
2185.2,1200
2185.3,1200
2185.4,1200
2185.5,1200
2185.6,1200
2185.7,1200
2185.8,1200
2185.9,1200
2186,1200
2186.1,1200
2186.2,1200
2186.3,1200
2186.4,1200
2186.5,1200
2186.6,1200
2186.7,1200
2186.8,1200
2186.9,1200
2187,1200
2187.1,1200
2187.2,1200
2187.3,1200
2187.4,1200
2187.5,1200
2187.6,1200
2187.7,1200
2187.8,1200
2187.9,1200
2188,1200
2188.1,1200
2188.2,1200
2188.3,1200
2188.4,1200
2188.5,1200
2188.6,1200
2188.7,1200
2188.8,1200
2188.9,1200
2189,1200
2189.1,1200
2189.2,1200
2189.3,1200
2189.4,1200
2189.5,1200
2189.6,1200
2189.7,1200
2189.8,1200
2189.9,1200
2190,1200
2190.1,1200
2190.2,1200
2190.3,1200
2190.4,1200
2190.5,1200
2190.6,1200
2190.7,1200
2190.8,1200
2190.9,1200
2191,1200
2191.1,1200
2191.2,1200
2191.3,1200
2191.4,1200
2191.5,1200
2191.6,1200
2191.7,1200
2191.8,1200
2191.9,1200
2192,1200
2192.1,1200
2192.2,1200
2192.3,1200
2192.4,1200
2192.5,1200
2192.6,1200
2192.7,1200
2192.8,1200
2192.9,1200
2193,1200
2193.1,1200
2193.2,1200
2193.3,1200
2193.4,1200
2193.5,1200
2193.6,1200
2193.7,1200
2193.8,1200
2193.9,1200
2194,1200
2194.1,1200
2194.2,1200
2194.3,1200
2194.4,1200
2194.5,1200
2194.6,1200
2194.7,1200
2194.8,1200
2194.9,1200
2195,1200
2195.1,1200
2195.2,1200
2195.3,1200
2195.4,1200
2195.5,1200
2195.6,1200
2195.7,1200
2195.8,1200
2195.9,1200
2196,1200
2196.1,1200
2196.2,1200
2196.3,1200
2196.4,1200
2196.5,1200
2196.6,1200
2196.7,1200
2196.8,1200
2196.9,1200
2197,1200
2197.1,1200
2197.2,1200
2197.3,1200
2197.4,1200
2197.5,1200
2197.6,1200
2197.7,1200
2197.8,1200
2197.9,1200
2198,1200
2198.1,1200
2198.2,1200
2198.3,1200
2198.4,1200
2198.5,1200
2198.6,1200
2198.7,1200
2198.8,1200
2198.9,1200
2199,1200
2199.1,1200
2199.2,1200
2199.3,1200
2199.4,1200
2199.5,1200
2199.6,1200
2199.7,1200
2199.8,1200
2199.9,1200
2200,1200
2200.1,1200
2200.2,1200
2200.3,1200
2200.4,1200
2200.5,1200
2200.6,1200
2200.7,1200
2200.8,1200
2200.9,1200
2201,1200
2201.1,1200
2201.2,1200
2201.3,1200
2201.4,1200
2201.5,1200
2201.6,1200
2201.7,1200
2201.8,1200
2201.9,1200
2202,1200
2202.1,1200
2202.2,1200
2202.3,1200
2202.4,1200
2202.5,1200
2202.6,1200
2202.7,1200
2202.8,1200
2202.9,1200
2203,1200
2203.1,1200
2203.2,1200
2203.3,1200
2203.4,1200
2203.5,1200
2203.6,1200
2203.7,1200
2203.8,1200
2203.9,1200
2204,1200
2204.1,1200
2204.2,1200
2204.3,1200
2204.4,1200
2204.5,1200
2204.6,1200
2204.7,1200
2204.8,1200
2204.9,1200
2205,1200
2205.1,1200
2205.2,1200
2205.3,1200
2205.4,1200
2205.5,1200
2205.6,1200
2205.7,1200
2205.8,1200
2205.9,1200
2206,1200
2206.1,1200
2206.2,1200
2206.3,1200
2206.4,1200
2206.5,1200
2206.6,1200
2206.7,1200
2206.8,1200
2206.9,1200
2207,1200
2207.1,1200
2207.2,1200
2207.3,1200
2207.4,1200
2207.5,1200
2207.6,1200
2207.7,1200
2207.8,1200
2207.9,1200
2208,1200
2208.1,1200
2208.2,1200
2208.3,1200
2208.4,1200
2208.5,1200
2208.6,1200
2208.7,1200
2208.8,1200
2208.9,1200
2209,1200
2209.1,1200
2209.2,1200
2209.3,1200
2209.4,1200
2209.5,1200
2209.6,1200
2209.7,1200
2209.8,1200
2209.9,1200
2210,1200
2210.1,1200
2210.2,1200
2210.3,1200
2210.4,1200
2210.5,1200
2210.6,1200
2210.7,1200
2210.8,1200
2210.9,1200
2211,1200
2211.1,1200
2211.2,1200
2211.3,1200
2211.4,1200
2211.5,1200
2211.6,1200
2211.7,1200
2211.8,1200
2211.9,1200
2212,1200
2212.1,1200
2212.2,1200
2212.3,1200
2212.4,1200
2212.5,1200
2212.6,1200
2212.7,1200
2212.8,1200
2212.9,1200
2213,1200
2213.1,1200
2213.2,1200
2213.3,1200
2213.4,1200
2213.5,1200
2213.6,1200
2213.7,1200
2213.8,1200
2213.9,1200
2214,1200
2214.1,1200
2214.2,1200
2214.3,1200
2214.4,1200
2214.5,1200
2214.6,1200
2214.7,1200
2214.8,1200
2214.9,1200
2215,1200
2215.1,1200
2215.2,1200
2215.3,1200
2215.4,1200
2215.5,1200
2215.6,1200
2215.7,1200
2215.8,1200
2215.9,1200
2216,1200
2216.1,1200
2216.2,1200
2216.3,1200
2216.4,1200
2216.5,1200
2216.6,1200
2216.7,1200
2216.8,1200
2216.9,1200
2217,1200
2217.1,1200
2217.2,1200
2217.3,1200
2217.4,1200
2217.5,1200
2217.6,1200
2217.7,1200
2217.8,1200
2217.9,1200
2218,1200
2218.1,1200
2218.2,1200
2218.3,1200
2218.4,1200
2218.5,1200
2218.6,1200
2218.7,1200
2218.8,1200
2218.9,1200
2219,1200
2219.1,1200
2219.2,1200
2219.3,1200
2219.4,1200
2219.5,1200
2219.6,1200
2219.7,1200
2219.8,1200
2219.9,1200
2220,1200
2220.1,1200
2220.2,1200
2220.3,1200
2220.4,1200
2220.5,1200
2220.6,1200
2220.7,1200
2220.8,1200
2220.9,1200
2221,1200
2221.1,1200
2221.2,1200
2221.3,1200
2221.4,1200
2221.5,1200
2221.6,1200
2221.7,1200
2221.8,1200
2221.9,1200
2222,1200
2222.1,1200
2222.2,1200
2222.3,1200
2222.4,1200
2222.5,1200
2222.6,1200
2222.7,1200
2222.8,1200
2222.9,1200
2223,1200
2223.1,1200
2223.2,1200
2223.3,1200
2223.4,1200
2223.5,1200
2223.6,1200
2223.7,1200
2223.8,1200
2223.9,1200
2224,1200
2224.1,1200
2224.2,1200
2224.3,1200
2224.4,1200
2224.5,1200
2224.6,1200
2224.7,1200
2224.8,1200
2224.9,1200
2225,1200
2225.1,1200
2225.2,1200
2225.3,1200
2225.4,1200
2225.5,1200
2225.6,1200
2225.7,1200
2225.8,1200
2225.9,1200
2226,1200
2226.1,1200
2226.2,1200
2226.3,1200
2226.4,1200
2226.5,1200
2226.6,1200
2226.7,1200
2226.8,1200
2226.9,1200
2227,1200
2227.1,1200
2227.2,1200
2227.3,1200
2227.4,1200
2227.5,1200
2227.6,1200
2227.7,1200
2227.8,1200
2227.9,1200
2228,1200
2228.1,1200
2228.2,1200
2228.3,1200
2228.4,1200
2228.5,1200
2228.6,1200
2228.7,1200
2228.8,1200
2228.9,1200
2229,1200
2229.1,1200
2229.2,1200
2229.3,1200
2229.4,1200
2229.5,1200
2229.6,1200
2229.7,1200
2229.8,1200
2229.9,1200
2230,1200
2230.1,1200
2230.2,1200
2230.3,1200
2230.4,1200
2230.5,1200
2230.6,1200
2230.7,1200
2230.8,1200
2230.9,1200
2231,1200
2231.1,1200
2231.2,1200
2231.3,1200
2231.4,1200
2231.5,1200
2231.6,1200
2231.7,1200
2231.8,1200
2231.9,1200
2232,1200
2232.1,1200
2232.2,1200
2232.3,1200
2232.4,1200
2232.5,1200
2232.6,1200
2232.7,1200
2232.8,1200
2232.9,1200
2233,1200
2233.1,1200
2233.2,1200
2233.3,1200
2233.4,1200
2233.5,1200
2233.6,1200
2233.7,1200
2233.8,1200
2233.9,1200
2234,1200
2234.1,1200
2234.2,1200
2234.3,1200
2234.4,1200
2234.5,1200
2234.6,1200
2234.7,1200
2234.8,1200
2234.9,1200
2235,1200
2235.1,1200
2235.2,1200
2235.3,1200
2235.4,1200
2235.5,1200
2235.6,1200
2235.7,1200
2235.8,1200
2235.9,1200
2236,1200
2236.1,1200
2236.2,1200
2236.3,1200
2236.4,1200
2236.5,1200
2236.6,1200
2236.7,1200
2236.8,1200
2236.9,1200
2237,1200
2237.1,1200
2237.2,1200
2237.3,1200
2237.4,1200
2237.5,1200
2237.6,1200
2237.7,1200
2237.8,1200
2237.9,1200
2238,1200
2238.1,1200
2238.2,1200
2238.3,1200
2238.4,1200
2238.5,1200
2238.6,1200
2238.7,1200
2238.8,1200
2238.9,1200
2239,1200
2239.1,1200
2239.2,1200
2239.3,1200
2239.4,1200
2239.5,1200
2239.6,1200
2239.7,1200
2239.8,1200
2239.9,1200
2240,1200
2240.1,1200
2240.2,1200
2240.3,1200
2240.4,1200
2240.5,1200
2240.6,1200
2240.7,1200
2240.8,1200
2240.9,1200
2241,1200
2241.1,1200
2241.2,1200
2241.3,1200
2241.4,1200
2241.5,1200
2241.6,1200
2241.7,1200
2241.8,1200
2241.9,1200
2242,1200
2242.1,1200
2242.2,1200
2242.3,1200
2242.4,1200
2242.5,1200
2242.6,1200
2242.7,1200
2242.8,1200
2242.9,1200
2243,1200
2243.1,1200
2243.2,1200
2243.3,1200
2243.4,1200
2243.5,1200
2243.6,1200
2243.7,1200
2243.8,1200
2243.9,1200
2244,1200
2244.1,1200
2244.2,1200
2244.3,1200
2244.4,1200
2244.5,1200
2244.6,1200
2244.7,1200
2244.8,1200
2244.9,1200
2245,1200
2245.1,1200
2245.2,1200
2245.3,1200
2245.4,1200
2245.5,1200
2245.6,1200
2245.7,1200
2245.8,1200
2245.9,1200
2246,1200
2246.1,1200
2246.2,1200
2246.3,1200
2246.4,1200
2246.5,1200
2246.6,1200
2246.7,1200
2246.8,1200
2246.9,1200
2247,1200
2247.1,1200
2247.2,1200
2247.3,1200
2247.4,1200
2247.5,1200
2247.6,1200
2247.7,1200
2247.8,1200
2247.9,1200
2248,1200
2248.1,1200
2248.2,1200
2248.3,1200
2248.4,1200
2248.5,1200
2248.6,1200
2248.7,1200
2248.8,1200
2248.9,1200
2249,1200
2249.1,1200
2249.2,1200
2249.3,1200
2249.4,1200
2249.5,1200
2249.6,1200
2249.7,1200
2249.8,1200
2249.9,1200
2250,1200
2250.1,1200
2250.2,1200
2250.3,1200
2250.4,1200
2250.5,1200
2250.6,1200
2250.7,1200
2250.8,1200
2250.9,1200
2251,1200
2251.1,1200
2251.2,1200
2251.3,1200
2251.4,1200
2251.5,1200
2251.6,1200
2251.7,1200
2251.8,1200
2251.9,1200
2252,1200
2252.1,1200
2252.2,1200
2252.3,1200
2252.4,1200
2252.5,1200
2252.6,1200
2252.7,1200
2252.8,1200
2252.9,1200
2253,1200
2253.1,1200
2253.2,1200
2253.3,1200
2253.4,1200
2253.5,1200
2253.6,1200
2253.7,1200
2253.8,1200
2253.9,1200
2254,1200
2254.1,1200
2254.2,1200
2254.3,1200
2254.4,1200
2254.5,1200
2254.6,1200
2254.7,1200
2254.8,1200
2254.9,1200
2255,1200
2255.1,1200
2255.2,1200
2255.3,1200
2255.4,1200
2255.5,1200
2255.6,1200
2255.7,1200
2255.8,1200
2255.9,1200
2256,1200
2256.1,1200
2256.2,1200
2256.3,1200
2256.4,1200
2256.5,1200
2256.6,1200
2256.7,1200
2256.8,1200
2256.9,1200
2257,1200
2257.1,1200
2257.2,1200
2257.3,1200
2257.4,1200
2257.5,1200
2257.6,1200
2257.7,1200
2257.8,1200
2257.9,1200
2258,1200
2258.1,1200
2258.2,1200
2258.3,1200
2258.4,1200
2258.5,1200
2258.6,1200
2258.7,1200
2258.8,1200
2258.9,1200
2259,1200
2259.1,1200
2259.2,1200
2259.3,1200
2259.4,1200
2259.5,1200
2259.6,1200
2259.7,1200
2259.8,1200
2259.9,1200
2260,1200
2260.1,1200
2260.2,1200
2260.3,1200
2260.4,1200
2260.5,1200
2260.6,1200
2260.7,1200
2260.8,1200
2260.9,1200
2261,1200
2261.1,1200
2261.2,1200
2261.3,1200
2261.4,1200
2261.5,1200
2261.6,1200
2261.7,1200
2261.8,1200
2261.9,1200
2262,1200
2262.1,1200
2262.2,1200
2262.3,1200
2262.4,1200
2262.5,1200
2262.6,1200
2262.7,1200
2262.8,1200
2262.9,1200
2263,1200
2263.1,1200
2263.2,1200
2263.3,1200
2263.4,1200
2263.5,1200
2263.6,1200
2263.7,1200
2263.8,1200
2263.9,1200
2264,1200
2264.1,1200
2264.2,1200
2264.3,1200
2264.4,1200
2264.5,1200
2264.6,1200
2264.7,1200
2264.8,1200
2264.9,1200
2265,1200
2265.1,1200
2265.2,1200
2265.3,1200
2265.4,1200
2265.5,1200
2265.6,1200
2265.7,1200
2265.8,1200
2265.9,1200
2266,1200
2266.1,1200
2266.2,1200
2266.3,1200
2266.4,1200
2266.5,1200
2266.6,1200
2266.7,1200
2266.8,1200
2266.9,1200
2267,1200
2267.1,1200
2267.2,1200
2267.3,1200
2267.4,1200
2267.5,1200
2267.6,1200
2267.7,1200
2267.8,1200
2267.9,1200
2268,1200
2268.1,1200
2268.2,1200
2268.3,1200
2268.4,1200
2268.5,1200
2268.6,1200
2268.7,1200
2268.8,1200
2268.9,1200
2269,1200
2269.1,1200
2269.2,1200
2269.3,1200
2269.4,1200
2269.5,1200
2269.6,1200
2269.7,1200
2269.8,1200
2269.9,1200
2270,1200
2270.1,1200
2270.2,1200
2270.3,1200
2270.4,1200
2270.5,1200
2270.6,1200
2270.7,1200
2270.8,1200
2270.9,1200
2271,1200
2271.1,1200
2271.2,1200
2271.3,1200
2271.4,1200
2271.5,1200
2271.6,1200
2271.7,1200
2271.8,1200
2271.9,1200
2272,1200
2272.1,1200
2272.2,1200
2272.3,1200
2272.4,1200
2272.5,1200
2272.6,1200
2272.7,1200
2272.8,1200
2272.9,1200
2273,1200
2273.1,1200
2273.2,1200
2273.3,1200
2273.4,1200
2273.5,1200
2273.6,1200
2273.7,1200
2273.8,1200
2273.9,1200
2274,1200
2274.1,1200
2274.2,1200
2274.3,1200
2274.4,1200
2274.5,1200
2274.6,1200
2274.7,1200
2274.8,1200
2274.9,1200
2275,1200
2275.1,1200
2275.2,1200
2275.3,1200
2275.4,1200
2275.5,1200
2275.6,1200
2275.7,1200
2275.8,1200
2275.9,1200
2276,1200
2276.1,1200
2276.2,1200
2276.3,1200
2276.4,1200
2276.5,1200
2276.6,1200
2276.7,1200
2276.8,1200
2276.9,1200
2277,1200
2277.1,1200
2277.2,1200
2277.3,1200
2277.4,1200
2277.5,1200
2277.6,1200
2277.7,1200
2277.8,1200
2277.9,1200
2278,1200
2278.1,1200
2278.2,1200
2278.3,1200
2278.4,1200
2278.5,1200
2278.6,1200
2278.7,1200
2278.8,1200
2278.9,1200
2279,1200
2279.1,1200
2279.2,1200
2279.3,1200
2279.4,1200
2279.5,1200
2279.6,1200
2279.7,1200
2279.8,1200
2279.9,1200
2280,1200
2280.1,1200
2280.2,1200
2280.3,1200
2280.4,1200
2280.5,1200
2280.6,1200
2280.7,1200
2280.8,1200
2280.9,1200
2281,1200
2281.1,1200
2281.2,1200
2281.3,1200
2281.4,1200
2281.5,1200
2281.6,1200
2281.7,1200
2281.8,1200
2281.9,1200
2282,1200
2282.1,1200
2282.2,1200
2282.3,1200
2282.4,1200
2282.5,1200
2282.6,1200
2282.7,1200
2282.8,1200
2282.9,1200
2283,1200
2283.1,1200
2283.2,1200
2283.3,1200
2283.4,1200
2283.5,1200
2283.6,1200
2283.7,1200
2283.8,1200
2283.9,1200
2284,1200
2284.1,1200
2284.2,1200
2284.3,1200
2284.4,1200
2284.5,1200
2284.6,1200
2284.7,1200
2284.8,1200
2284.9,1200
2285,1200
2285.1,1200
2285.2,1200
2285.3,1200
2285.4,1200
2285.5,1200
2285.6,1200
2285.7,1200
2285.8,1200
2285.9,1200
2286,1200
2286.1,1200
2286.2,1200
2286.3,1200
2286.4,1200
2286.5,1200
2286.6,1200
2286.7,1200
2286.8,1200
2286.9,1200
2287,1200
2287.1,1200
2287.2,1200
2287.3,1200
2287.4,1200
2287.5,1200
2287.6,1200
2287.7,1200
2287.8,1200
2287.9,1200
2288,1200
2288.1,1200
2288.2,1200
2288.3,1200
2288.4,1200
2288.5,1200
2288.6,1200
2288.7,1200
2288.8,1200
2288.9,1200
2289,1200
2289.1,1200
2289.2,1200
2289.3,1200
2289.4,1200
2289.5,1200
2289.6,1200
2289.7,1200
2289.8,1200
2289.9,1200
2290,1200
2290.1,1200
2290.2,1200
2290.3,1200
2290.4,1200
2290.5,1200
2290.6,1200
2290.7,1200
2290.8,1200
2290.9,1200
2291,1200
2291.1,1200
2291.2,1200
2291.3,1200
2291.4,1200
2291.5,1200
2291.6,1200
2291.7,1200
2291.8,1200
2291.9,1200
2292,1200
2292.1,1200
2292.2,1200
2292.3,1200
2292.4,1200
2292.5,1200
2292.6,1200
2292.7,1200
2292.8,1200
2292.9,1200
2293,1200
2293.1,1200
2293.2,1200
2293.3,1200
2293.4,1200
2293.5,1200
2293.6,1200
2293.7,1200
2293.8,1200
2293.9,1200
2294,1200
2294.1,1200
2294.2,1200
2294.3,1200
2294.4,1200
2294.5,1200
2294.6,1200
2294.7,1200
2294.8,1200
2294.9,1200
2295,1200
2295.1,1200
2295.2,1200
2295.3,1200
2295.4,1200
2295.5,1200
2295.6,1200
2295.7,1200
2295.8,1200
2295.9,1200
2296,1200
2296.1,1200
2296.2,1200
2296.3,1200
2296.4,1200
2296.5,1200
2296.6,1200
2296.7,1200
2296.8,1200
2296.9,1200
2297,1200
2297.1,1200
2297.2,1200
2297.3,1200
2297.4,1200
2297.5,1200
2297.6,1200
2297.7,1200
2297.8,1200
2297.9,1200
2298,1200
2298.1,1200
2298.2,1200
2298.3,1200
2298.4,1200
2298.5,1200
2298.6,1200
2298.7,1200
2298.8,1200
2298.9,1200
2299,1200
2299.1,1200
2299.2,1200
2299.3,1200
2299.4,1200
2299.5,1200
2299.6,1200
2299.7,1200
2299.8,1200
2299.9,1200
2300,1200
2300.1,1200
2300.2,1200
2300.3,1200
2300.4,1200
2300.5,1200
2300.6,1200
2300.7,1200
2300.8,1200
2300.9,1200
2301,1200
2301.1,1200
2301.2,1200
2301.3,1200
2301.4,1200
2301.5,1200
2301.6,1200
2301.7,1200
2301.8,1200
2301.9,1200
2302,1200
2302.1,1200
2302.2,1200
2302.3,1200
2302.4,1200
2302.5,1200
2302.6,1200
2302.7,1200
2302.8,1200
2302.9,1200
2303,1200
2303.1,1200
2303.2,1200
2303.3,1200
2303.4,1200
2303.5,1200
2303.6,1200
2303.7,1200
2303.8,1200
2303.9,1200
2304,1200
2304.1,1200
2304.2,1200
2304.3,1200
2304.4,1200
2304.5,1200
2304.6,1200
2304.7,1200
2304.8,1200
2304.9,1200
2305,1200
2305.1,1200
2305.2,1200
2305.3,1200
2305.4,1200
2305.5,1200
2305.6,1200
2305.7,1200
2305.8,1200
2305.9,1200
2306,1200
2306.1,1200
2306.2,1200
2306.3,1200
2306.4,1200
2306.5,1200
2306.6,1200
2306.7,1200
2306.8,1200
2306.9,1200
2307,1200
2307.1,1200
2307.2,1200
2307.3,1200
2307.4,1200
2307.5,1200
2307.6,1200
2307.7,1200
2307.8,1200
2307.9,1200
2308,1200
2308.1,1200
2308.2,1200
2308.3,1200
2308.4,1200
2308.5,1200
2308.6,1200
2308.7,1200
2308.8,1200
2308.9,1200
2309,1200
2309.1,1200
2309.2,1200
2309.3,1200
2309.4,1200
2309.5,1200
2309.6,1200
2309.7,1200
2309.8,1200
2309.9,1200
2310,1200
2310.1,1200
2310.2,1200
2310.3,1200
2310.4,1200
2310.5,1200
2310.6,1200
2310.7,1200
2310.8,1200
2310.9,1200
2311,1200
2311.1,1200
2311.2,1200
2311.3,1200
2311.4,1200
2311.5,1200
2311.6,1200
2311.7,1200
2311.8,1200
2311.9,1200
2312,1200
2312.1,1200
2312.2,1200
2312.3,1200
2312.4,1200
2312.5,1200
2312.6,1200
2312.7,1200
2312.8,1200
2312.9,1200
2313,1200
2313.1,1200
2313.2,1200
2313.3,1200
2313.4,1200
2313.5,1200
2313.6,1200
2313.7,1200
2313.8,1200
2313.9,1200
2314,1200
2314.1,1200
2314.2,1200
2314.3,1200
2314.4,1200
2314.5,1200
2314.6,1200
2314.7,1200
2314.8,1200
2314.9,1200
2315,1200
2315.1,1200
2315.2,1200
2315.3,1200
2315.4,1200
2315.5,1200
2315.6,1200
2315.7,1200
2315.8,1200
2315.9,1200
2316,1200
2316.1,1200
2316.2,1200
2316.3,1200
2316.4,1200
2316.5,1200
2316.6,1200
2316.7,1200
2316.8,1200
2316.9,1200
2317,1200
2317.1,1200
2317.2,1200
2317.3,1200
2317.4,1200
2317.5,1200
2317.6,1200
2317.7,1200
2317.8,1200
2317.9,1200
2318,1200
2318.1,1200
2318.2,1200
2318.3,1200
2318.4,1200
2318.5,1200
2318.6,1200
2318.7,1200
2318.8,1200
2318.9,1200
2319,1200
2319.1,1200
2319.2,1200
2319.3,1200
2319.4,1200
2319.5,1200
2319.6,1200
2319.7,1200
2319.8,1200
2319.9,1200
2320,1200
2320.1,1200
2320.2,1200
2320.3,1200
2320.4,1200
2320.5,1200
2320.6,1200
2320.7,1200
2320.8,1200
2320.9,1200
2321,1200
2321.1,1200
2321.2,1200
2321.3,1200
2321.4,1200
2321.5,1200
2321.6,1200
2321.7,1200
2321.8,1200
2321.9,1200
2322,1200
2322.1,1200
2322.2,1200
2322.3,1200
2322.4,1200
2322.5,1200
2322.6,1200
2322.7,1200
2322.8,1200
2322.9,1200
2323,1200
2323.1,1200
2323.2,1200
2323.3,1200
2323.4,1200
2323.5,1200
2323.6,1200
2323.7,1200
2323.8,1200
2323.9,1200
2324,1200
2324.1,1200
2324.2,1200
2324.3,1200
2324.4,1200
2324.5,1200
2324.6,1200
2324.7,1200
2324.8,1200
2324.9,1200
2325,1200
2325.1,1200
2325.2,1200
2325.3,1200
2325.4,1200
2325.5,1200
2325.6,1200
2325.7,1200
2325.8,1200
2325.9,1200
2326,1200
2326.1,1200
2326.2,1200
2326.3,1200
2326.4,1200
2326.5,1200
2326.6,1200
2326.7,1200
2326.8,1200
2326.9,1200
2327,1200
2327.1,1200
2327.2,1200
2327.3,1200
2327.4,1200
2327.5,1200
2327.6,1200
2327.7,1200
2327.8,1200
2327.9,1200
2328,1200
2328.1,1200
2328.2,1200
2328.3,1200
2328.4,1200
2328.5,1200
2328.6,1200
2328.7,1200
2328.8,1200
2328.9,1200
2329,1200
2329.1,1200
2329.2,1200
2329.3,1200
2329.4,1200
2329.5,1200
2329.6,1200
2329.7,1200
2329.8,1200
2329.9,1200
2330,1200
2330.1,1200
2330.2,1200
2330.3,1200
2330.4,1200
2330.5,1200
2330.6,1200
2330.7,1200
2330.8,1200
2330.9,1200
2331,1200
2331.1,1200
2331.2,1200
2331.3,1200
2331.4,1200
2331.5,1200
2331.6,1200
2331.7,1200
2331.8,1200
2331.9,1200
2332,1200
2332.1,1200
2332.2,1200
2332.3,1200
2332.4,1200
2332.5,1200
2332.6,1200
2332.7,1200
2332.8,1200
2332.9,1200
2333,1200
2333.1,1200
2333.2,1200
2333.3,1200
2333.4,1200
2333.5,1200
2333.6,1200
2333.7,1200
2333.8,1200
2333.9,1200
2334,1200
2334.1,1200
2334.2,1200
2334.3,1200
2334.4,1200
2334.5,1200
2334.6,1200
2334.7,1200
2334.8,1200
2334.9,1200
2335,1200
2335.1,1200
2335.2,1200
2335.3,1200
2335.4,1200
2335.5,1200
2335.6,1200
2335.7,1200
2335.8,1200
2335.9,1200
2336,1200
2336.1,1200
2336.2,1200
2336.3,1200
2336.4,1200
2336.5,1200
2336.6,1200
2336.7,1200
2336.8,1200
2336.9,1200
2337,1200
2337.1,1200
2337.2,1200
2337.3,1200
2337.4,1200
2337.5,1200
2337.6,1200
2337.7,1200
2337.8,1200
2337.9,1200
2338,1200
2338.1,1200
2338.2,1200
2338.3,1200
2338.4,1200
2338.5,1200
2338.6,1200
2338.7,1200
2338.8,1200
2338.9,1200
2339,1200
2339.1,1200
2339.2,1200
2339.3,1200
2339.4,1200
2339.5,1200
2339.6,1200
2339.7,1200
2339.8,1200
2339.9,1200
2340,1200
2340.1,1200
2340.2,1200
2340.3,1200
2340.4,1200
2340.5,1200
2340.6,1200
2340.7,1200
2340.8,1200
2340.9,1200
2341,1200
2341.1,1200
2341.2,1200
2341.3,1200
2341.4,1200
2341.5,1200
2341.6,1200
2341.7,1200
2341.8,1200
2341.9,1200
2342,1200
2342.1,1200
2342.2,1200
2342.3,1200
2342.4,1200
2342.5,1200
2342.6,1200
2342.7,1200
2342.8,1200
2342.9,1200
2343,1200
2343.1,1200
2343.2,1200
2343.3,1200
2343.4,1200
2343.5,1200
2343.6,1200
2343.7,1200
2343.8,1200
2343.9,1200
2344,1200
2344.1,1200
2344.2,1200
2344.3,1200
2344.4,1200
2344.5,1200
2344.6,1200
2344.7,1200
2344.8,1200
2344.9,1200
2345,1200
2345.1,1200
2345.2,1200
2345.3,1200
2345.4,1200
2345.5,1200
2345.6,1200
2345.7,1200
2345.8,1200
2345.9,1200
2346,1200
2346.1,1200
2346.2,1200
2346.3,1200
2346.4,1200
2346.5,1200
2346.6,1200
2346.7,1200
2346.8,1200
2346.9,1200
2347,1200
2347.1,1200
2347.2,1200
2347.3,1200
2347.4,1200
2347.5,1200
2347.6,1200
2347.7,1200
2347.8,1200
2347.9,1200
2348,1200
2348.1,1200
2348.2,1200
2348.3,1200
2348.4,1200
2348.5,1200
2348.6,1200
2348.7,1200
2348.8,1200
2348.9,1200
2349,1200
2349.1,1200
2349.2,1200
2349.3,1200
2349.4,1200
2349.5,1200
2349.6,1200
2349.7,1200
2349.8,1200
2349.9,1200
2350,1200
2350.1,1200
2350.2,1200
2350.3,1200
2350.4,1200
2350.5,1200
2350.6,1200
2350.7,1200
2350.8,1200
2350.9,1200
2351,1200
2351.1,1200
2351.2,1200
2351.3,1200
2351.4,1200
2351.5,1200
2351.6,1200
2351.7,1200
2351.8,1200
2351.9,1200
2352,1200
2352.1,1200
2352.2,1200
2352.3,1200
2352.4,1200
2352.5,1200
2352.6,1200
2352.7,1200
2352.8,1200
2352.9,1200
2353,1200
2353.1,1200
2353.2,1200
2353.3,1200
2353.4,1200
2353.5,1200
2353.6,1200
2353.7,1200
2353.8,1200
2353.9,1200
2354,1200
2354.1,1200
2354.2,1200
2354.3,1200
2354.4,1200
2354.5,1200
2354.6,1200
2354.7,1200
2354.8,1200
2354.9,1200
2355,1200
2355.1,1200
2355.2,1200
2355.3,1200
2355.4,1200
2355.5,1200
2355.6,1200
2355.7,1200
2355.8,1200
2355.9,1200
2356,1200
2356.1,1200
2356.2,1200
2356.3,1200
2356.4,1200
2356.5,1200
2356.6,1200
2356.7,1200
2356.8,1200
2356.9,1200
2357,1200
2357.1,1200
2357.2,1200
2357.3,1200
2357.4,1200
2357.5,1200
2357.6,1200
2357.7,1200
2357.8,1200
2357.9,1200
2358,1200
2358.1,1200
2358.2,1200
2358.3,1200
2358.4,1200
2358.5,1200
2358.6,1200
2358.7,1200
2358.8,1200
2358.9,1200
2359,1200
2359.1,1200
2359.2,1200
2359.3,1200
2359.4,1200
2359.5,1200
2359.6,1200
2359.7,1200
2359.8,1200
2359.9,1200
2360,1200
2360.1,1200
2360.2,1200
2360.3,1200
2360.4,1200
2360.5,1200
2360.6,1200
2360.7,1200
2360.8,1200
2360.9,1200
2361,1200
2361.1,1200
2361.2,1200
2361.3,1200
2361.4,1200
2361.5,1200
2361.6,1200
2361.7,1200
2361.8,1200
2361.9,1200
2362,1200
2362.1,1200
2362.2,1200
2362.3,1200
2362.4,1200
2362.5,1200
2362.6,1200
2362.7,1200
2362.8,1200
2362.9,1200
2363,1200
2363.1,1200
2363.2,1200
2363.3,1200
2363.4,1200
2363.5,1200
2363.6,1200
2363.7,1200
2363.8,1200
2363.9,1200
2364,1200
2364.1,1200
2364.2,1200
2364.3,1200
2364.4,1200
2364.5,1200
2364.6,1200
2364.7,1200
2364.8,1200
2364.9,1200
2365,1200
2365.1,1200
2365.2,1200
2365.3,1200
2365.4,1200
2365.5,1200
2365.6,1200
2365.7,1200
2365.8,1200
2365.9,1200
2366,1200
2366.1,1200
2366.2,1200
2366.3,1200
2366.4,1200
2366.5,1200
2366.6,1200
2366.7,1200
2366.8,1200
2366.9,1200
2367,1200
2367.1,1200
2367.2,1200
2367.3,1200
2367.4,1200
2367.5,1200
2367.6,1200
2367.7,1200
2367.8,1200
2367.9,1200
2368,1200
2368.1,1200
2368.2,1200
2368.3,1200
2368.4,1200
2368.5,1200
2368.6,1200
2368.7,1200
2368.8,1200
2368.9,1200
2369,1200
2369.1,1200
2369.2,1200
2369.3,1200
2369.4,1200
2369.5,1200
2369.6,1200
2369.7,1200
2369.8,1200
2369.9,1200
2370,1200
2370.1,1200
2370.2,1200
2370.3,1200
2370.4,1200
2370.5,1200
2370.6,1200
2370.7,1200
2370.8,1200
2370.9,1200
2371,1200
2371.1,1200
2371.2,1200
2371.3,1200
2371.4,1200
2371.5,1200
2371.6,1200
2371.7,1200
2371.8,1200
2371.9,1200
2372,1200
2372.1,1200
2372.2,1200
2372.3,1200
2372.4,1200
2372.5,1200
2372.6,1200
2372.7,1200
2372.8,1200
2372.9,1200
2373,1200
2373.1,1200
2373.2,1200
2373.3,1200
2373.4,1200
2373.5,1200
2373.6,1200
2373.7,1200
2373.8,1200
2373.9,1200
2374,1200
2374.1,1200
2374.2,1200
2374.3,1200
2374.4,1200
2374.5,1200
2374.6,1200
2374.7,1200
2374.8,1200
2374.9,1200
2375,1200
2375.1,1200
2375.2,1200
2375.3,1200
2375.4,1200
2375.5,1200
2375.6,1200
2375.7,1200
2375.8,1200
2375.9,1200
2376,1200
2376.1,1200
2376.2,1200
2376.3,1200
2376.4,1200
2376.5,1200
2376.6,1200
2376.7,1200
2376.8,1200
2376.9,1200
2377,1200
2377.1,1200
2377.2,1200
2377.3,1200
2377.4,1200
2377.5,1200
2377.6,1200
2377.7,1200
2377.8,1200
2377.9,1200
2378,1200
2378.1,1200
2378.2,1200
2378.3,1200
2378.4,1200
2378.5,1200
2378.6,1200
2378.7,1200
2378.8,1200
2378.9,1200
2379,1200
2379.1,1200
2379.2,1200
2379.3,1200
2379.4,1200
2379.5,1200
2379.6,1200
2379.7,1200
2379.8,1200
2379.9,1200
2380,1200
2380.1,1200
2380.2,1200
2380.3,1200
2380.4,1200
2380.5,1200
2380.6,1200
2380.7,1200
2380.8,1200
2380.9,1200
2381,1200
2381.1,1200
2381.2,1200
2381.3,1200
2381.4,1200
2381.5,1200
2381.6,1200
2381.7,1200
2381.8,1200
2381.9,1200
2382,1200
2382.1,1200
2382.2,1200
2382.3,1200
2382.4,1200
2382.5,1200
2382.6,1200
2382.7,1200
2382.8,1200
2382.9,1200
2383,1200
2383.1,1200
2383.2,1200
2383.3,1200
2383.4,1200
2383.5,1200
2383.6,1200
2383.7,1200
2383.8,1200
2383.9,1200
2384,1200
2384.1,1200
2384.2,1200
2384.3,1200
2384.4,1200
2384.5,1200
2384.6,1200
2384.7,1200
2384.8,1200
2384.9,1200
2385,1200
2385.1,1200
2385.2,1200
2385.3,1200
2385.4,1200
2385.5,1200
2385.6,1200
2385.7,1200
2385.8,1200
2385.9,1200
2386,1200
2386.1,1200
2386.2,1200
2386.3,1200
2386.4,1200
2386.5,1200
2386.6,1200
2386.7,1200
2386.8,1200
2386.9,1200
2387,1200
2387.1,1200
2387.2,1200
2387.3,1200
2387.4,1200
2387.5,1200
2387.6,1200
2387.7,1200
2387.8,1200
2387.9,1200
2388,1200
2388.1,1200
2388.2,1200
2388.3,1200
2388.4,1200
2388.5,1200
2388.6,1200
2388.7,1200
2388.8,1200
2388.9,1200
2389,1200
2389.1,1200
2389.2,1200
2389.3,1200
2389.4,1200
2389.5,1200
2389.6,1200
2389.7,1200
2389.8,1200
2389.9,1200
2390,1200
2390.1,1200
2390.2,1200
2390.3,1200
2390.4,1200
2390.5,1200
2390.6,1200
2390.7,1200
2390.8,1200
2390.9,1200
2391,1200
2391.1,1200
2391.2,1200
2391.3,1200
2391.4,1200
2391.5,1200
2391.6,1200
2391.7,1200
2391.8,1200
2391.9,1200
2392,1200
2392.1,1200
2392.2,1200
2392.3,1200
2392.4,1200
2392.5,1200
2392.6,1200
2392.7,1200
2392.8,1200
2392.9,1200
2393,1200
2393.1,1200
2393.2,1200
2393.3,1200
2393.4,1200
2393.5,1200
2393.6,1200
2393.7,1200
2393.8,1200
2393.9,1200
2394,1200
2394.1,1200
2394.2,1200
2394.3,1200
2394.4,1200
2394.5,1200
2394.6,1200
2394.7,1200
2394.8,1200
2394.9,1200
2395,1200
2395.1,1200
2395.2,1200
2395.3,1200
2395.4,1200
2395.5,1200
2395.6,1200
2395.7,1200
2395.8,1200
2395.9,1200
2396,1200
2396.1,1200
2396.2,1200
2396.3,1200
2396.4,1200
2396.5,1200
2396.6,1200
2396.7,1200
2396.8,1200
2396.9,1200
2397,1200
2397.1,1200
2397.2,1200
2397.3,1200
2397.4,1200
2397.5,1200
2397.6,1200
2397.7,1200
2397.8,1200
2397.9,1200
2398,1200
2398.1,1200
2398.2,1200
2398.3,1200
2398.4,1200
2398.5,1200
2398.6,1200
2398.7,1200
2398.8,1200
2398.9,1200
2399,1200
2399.1,1200
2399.2,1200
2399.3,1200
2399.4,1200
2399.5,1200
2399.6,1200
2399.7,1200
2399.8,1200
2399.9,1200
2400,1200
2400.1,1200
2400.2,1200
2400.3,1200
2400.4,1200
2400.5,1200
2400.6,1200
2400.7,1200
2400.8,1200
2400.9,1200
2401,1200
2401.1,1200
2401.2,1200
2401.3,1200
2401.4,1200
2401.5,1200
2401.6,1200
2401.7,1200
2401.8,1200
2401.9,1200
2402,1200
2402.1,1200
2402.2,1200
2402.3,1200
2402.4,1200
2402.5,1200
2402.6,1200
2402.7,1200
2402.8,1200
2402.9,1200
2403,1200
2403.1,1200
2403.2,1200
2403.3,1200
2403.4,1200
2403.5,1200
2403.6,1200
2403.7,1200
2403.8,1200
2403.9,1200
2404,1200
2404.1,1200
2404.2,1200
2404.3,1200
2404.4,1200
2404.5,1200
2404.6,1200
2404.7,1200
2404.8,1200
2404.9,1200
2405,1200
2405.1,1200
2405.2,1200
2405.3,1200
2405.4,1200
2405.5,1200
2405.6,1200
2405.7,1200
2405.8,1200
2405.9,1200
2406,1200
2406.1,1200
2406.2,1200
2406.3,1200
2406.4,1200
2406.5,1200
2406.6,1200
2406.7,1200
2406.8,1200
2406.9,1200
2407,1200
2407.1,1200
2407.2,1200
2407.3,1200
2407.4,1200
2407.5,1200
2407.6,1200
2407.7,1200
2407.8,1200
2407.9,1200
2408,1200
2408.1,1200
2408.2,1200
2408.3,1200
2408.4,1200
2408.5,1200
2408.6,1200
2408.7,1200
2408.8,1200
2408.9,1200
2409,1200
2409.1,1200
2409.2,1200
2409.3,1200
2409.4,1200
2409.5,1200
2409.6,1200
2409.7,1200
2409.8,1200
2409.9,1200
2410,1200
2410.1,1200
2410.2,1200
2410.3,1200
2410.4,1200
2410.5,1200
2410.6,1200
2410.7,1200
2410.8,1200
2410.9,1200
2411,1200
2411.1,1200
2411.2,1200
2411.3,1200
2411.4,1200
2411.5,1200
2411.6,1200
2411.7,1200
2411.8,1200
2411.9,1200
2412,1200
2412.1,1200
2412.2,1200
2412.3,1200
2412.4,1200
2412.5,1200
2412.6,1200
2412.7,1200
2412.8,1200
2412.9,1200
2413,1200
2413.1,1200
2413.2,1200
2413.3,1200
2413.4,1200
2413.5,1200
2413.6,1200
2413.7,1200
2413.8,1200
2413.9,1200
2414,1200
2414.1,1200
2414.2,1200
2414.3,1200
2414.4,1200
2414.5,1200
2414.6,1200
2414.7,1200
2414.8,1200
2414.9,1200
2415,1200
2415.1,1200
2415.2,1200
2415.3,1200
2415.4,1200
2415.5,1200
2415.6,1200
2415.7,1200
2415.8,1200
2415.9,1200
2416,1200
2416.1,1200
2416.2,1200
2416.3,1200
2416.4,1200
2416.5,1200
2416.6,1200
2416.7,1200
2416.8,1200
2416.9,1200
2417,1200
2417.1,1200
2417.2,1200
2417.3,1200
2417.4,1200
2417.5,1200
2417.6,1200
2417.7,1200
2417.8,1200
2417.9,1200
2418,1200
2418.1,1200
2418.2,1200
2418.3,1200
2418.4,1200
2418.5,1200
2418.6,1200
2418.7,1200
2418.8,1200
2418.9,1200
2419,1200
2419.1,1200
2419.2,1200
2419.3,1200
2419.4,1200
2419.5,1200
2419.6,1200
2419.7,1200
2419.8,1200
2419.9,1200
2420,1200
2420.1,1200
2420.2,1200
2420.3,1200
2420.4,1200
2420.5,1200
2420.6,1200
2420.7,1200
2420.8,1200
2420.9,1200
2421,1200
2421.1,1200
2421.2,1200
2421.3,1200
2421.4,1200
2421.5,1200
2421.6,1200
2421.7,1200
2421.8,1200
2421.9,1200
2422,1200
2422.1,1200
2422.2,1200
2422.3,1200
2422.4,1200
2422.5,1200
2422.6,1200
2422.7,1200
2422.8,1200
2422.9,1200
2423,1200
2423.1,1200
2423.2,1200
2423.3,1200
2423.4,1200
2423.5,1200
2423.6,1200
2423.7,1200
2423.8,1200
2423.9,1200
2424,1200
2424.1,1200
2424.2,1200
2424.3,1200
2424.4,1200
2424.5,1200
2424.6,1200
2424.7,1200
2424.8,1200
2424.9,1200
2425,1200
2425.1,1200
2425.2,1200
2425.3,1200
2425.4,1200
2425.5,1200
2425.6,1200
2425.7,1200
2425.8,1200
2425.9,1200
2426,1200
2426.1,1200
2426.2,1200
2426.3,1200
2426.4,1200
2426.5,1200
2426.6,1200
2426.7,1200
2426.8,1200
2426.9,1200
2427,1200
2427.1,1200
2427.2,1200
2427.3,1200
2427.4,1200
2427.5,1200
2427.6,1200
2427.7,1200
2427.8,1200
2427.9,1200
2428,1200
2428.1,1200
2428.2,1200
2428.3,1200
2428.4,1200
2428.5,1200
2428.6,1200
2428.7,1200
2428.8,1200
2428.9,1200
2429,1200
2429.1,1200
2429.2,1200
2429.3,1200
2429.4,1200
2429.5,1200
2429.6,1200
2429.7,1200
2429.8,1200
2429.9,1200
2430,1200
2430.1,1200
2430.2,1200
2430.3,1200
2430.4,1200
2430.5,1200
2430.6,1200
2430.7,1200
2430.8,1200
2430.9,1200
2431,1200
2431.1,1200
2431.2,1200
2431.3,1200
2431.4,1200
2431.5,1200
2431.6,1200
2431.7,1200
2431.8,1200
2431.9,1200
2432,1200
2432.1,1200
2432.2,1200
2432.3,1200
2432.4,1200
2432.5,1200
2432.6,1200
2432.7,1200
2432.8,1200
2432.9,1200
2433,1200
2433.1,1200
2433.2,1200
2433.3,1200
2433.4,1200
2433.5,1200
2433.6,1200
2433.7,1200
2433.8,1200
2433.9,1200
2434,1200
2434.1,1200
2434.2,1200
2434.3,1200
2434.4,1200
2434.5,1200
2434.6,1200
2434.7,1200
2434.8,1200
2434.9,1200
2435,1200
2435.1,1200
2435.2,1200
2435.3,1200
2435.4,1200
2435.5,1200
2435.6,1200
2435.7,1200
2435.8,1200
2435.9,1200
2436,1200
2436.1,1200
2436.2,1200
2436.3,1200
2436.4,1200
2436.5,1200
2436.6,1200
2436.7,1200
2436.8,1200
2436.9,1200
2437,1200
2437.1,1200
2437.2,1200
2437.3,1200
2437.4,1200
2437.5,1200
2437.6,1200
2437.7,1200
2437.8,1200
2437.9,1200
2438,1200
2438.1,1200
2438.2,1200
2438.3,1200
2438.4,1200
2438.5,1200
2438.6,1200
2438.7,1200
2438.8,1200
2438.9,1200
2439,1200
2439.1,1200
2439.2,1200
2439.3,1200
2439.4,1200
2439.5,1200
2439.6,1200
2439.7,1200
2439.8,1200
2439.9,1200
2440,1200
2440.1,1200
2440.2,1200
2440.3,1200
2440.4,1200
2440.5,1200
2440.6,1200
2440.7,1200
2440.8,1200
2440.9,1200
2441,1200
2441.1,1200
2441.2,1200
2441.3,1200
2441.4,1200
2441.5,1200
2441.6,1200
2441.7,1200
2441.8,1200
2441.9,1200
2442,1200
2442.1,1200
2442.2,1200
2442.3,1200
2442.4,1200
2442.5,1200
2442.6,1200
2442.7,1200
2442.8,1200
2442.9,1200
2443,1200
2443.1,1200
2443.2,1200
2443.3,1200
2443.4,1200
2443.5,1200
2443.6,1200
2443.7,1200
2443.8,1200
2443.9,1200
2444,1200
2444.1,1200
2444.2,1200
2444.3,1200
2444.4,1200
2444.5,1200
2444.6,1200
2444.7,1200
2444.8,1200
2444.9,1200
2445,1200
2445.1,1200
2445.2,1200
2445.3,1200
2445.4,1200
2445.5,1200
2445.6,1200
2445.7,1200
2445.8,1200
2445.9,1200
2446,1200
2446.1,1200
2446.2,1200
2446.3,1200
2446.4,1200
2446.5,1200
2446.6,1200
2446.7,1200
2446.8,1200
2446.9,1200
2447,1200
2447.1,1200
2447.2,1200
2447.3,1200
2447.4,1200
2447.5,1200
2447.6,1200
2447.7,1200
2447.8,1200
2447.9,1200
2448,1200
2448.1,1200
2448.2,1200
2448.3,1200
2448.4,1200
2448.5,1200
2448.6,1200
2448.7,1200
2448.8,1200
2448.9,1200
2449,1200
2449.1,1200
2449.2,1200
2449.3,1200
2449.4,1200
2449.5,1200
2449.6,1200
2449.7,1200
2449.8,1200
2449.9,1200
2450,1200
2450.1,1200
2450.2,1200
2450.3,1200
2450.4,1200
2450.5,1200
2450.6,1200
2450.7,1200
2450.8,1200
2450.9,1200
2451,1200
2451.1,1200
2451.2,1200
2451.3,1200
2451.4,1200
2451.5,1200
2451.6,1200
2451.7,1200
2451.8,1200
2451.9,1200
2452,1200
2452.1,1200
2452.2,1200
2452.3,1200
2452.4,1200
2452.5,1200
2452.6,1200
2452.7,1200
2452.8,1200
2452.9,1200
2453,1200
2453.1,1200
2453.2,1200
2453.3,1200
2453.4,1200
2453.5,1200
2453.6,1200
2453.7,1200
2453.8,1200
2453.9,1200
2454,1200
2454.1,1200
2454.2,1200
2454.3,1200
2454.4,1200
2454.5,1200
2454.6,1200
2454.7,1200
2454.8,1200
2454.9,1200
2455,1200
2455.1,1200
2455.2,1200
2455.3,1200
2455.4,1200
2455.5,1200
2455.6,1200
2455.7,1200
2455.8,1200
2455.9,1200
2456,1200
2456.1,1200
2456.2,1200
2456.3,1200
2456.4,1200
2456.5,1200
2456.6,1200
2456.7,1200
2456.8,1200
2456.9,1200
2457,1200
2457.1,1200
2457.2,1200
2457.3,1200
2457.4,1200
2457.5,1200
2457.6,1200
2457.7,1200
2457.8,1200
2457.9,1200
2458,1200
2458.1,1200
2458.2,1200
2458.3,1200
2458.4,1200
2458.5,1200
2458.6,1200
2458.7,1200
2458.8,1200
2458.9,1200
2459,1200
2459.1,1200
2459.2,1200
2459.3,1200
2459.4,1200
2459.5,1200
2459.6,1200
2459.7,1200
2459.8,1200
2459.9,1200
2460,1200
2460.1,1200
2460.2,1200
2460.3,1200
2460.4,1200
2460.5,1200
2460.6,1200
2460.7,1200
2460.8,1200
2460.9,1200
2461,1200
2461.1,1200
2461.2,1200
2461.3,1200
2461.4,1200
2461.5,1200
2461.6,1200
2461.7,1200
2461.8,1200
2461.9,1200
2462,1200
2462.1,1200
2462.2,1200
2462.3,1200
2462.4,1200
2462.5,1200
2462.6,1200
2462.7,1200
2462.8,1200
2462.9,1200
2463,1200
2463.1,1200
2463.2,1200
2463.3,1200
2463.4,1200
2463.5,1200
2463.6,1200
2463.7,1200
2463.8,1200
2463.9,1200
2464,1200
2464.1,1200
2464.2,1200
2464.3,1200
2464.4,1200
2464.5,1200
2464.6,1200
2464.7,1200
2464.8,1200
2464.9,1200
2465,1200
2465.1,1200
2465.2,1200
2465.3,1200
2465.4,1200
2465.5,1200
2465.6,1200
2465.7,1200
2465.8,1200
2465.9,1200
2466,1200
2466.1,1200
2466.2,1200
2466.3,1200
2466.4,1200
2466.5,1200
2466.6,1200
2466.7,1200
2466.8,1200
2466.9,1200
2467,1200
2467.1,1200
2467.2,1200
2467.3,1200
2467.4,1200
2467.5,1200
2467.6,1200
2467.7,1200
2467.8,1200
2467.9,1200
2468,1200
2468.1,1200
2468.2,1200
2468.3,1200
2468.4,1200
2468.5,1200
2468.6,1200
2468.7,1200
2468.8,1200
2468.9,1200
2469,1200
2469.1,1200
2469.2,1200
2469.3,1200
2469.4,1200
2469.5,1200
2469.6,1200
2469.7,1200
2469.8,1200
2469.9,1200
2470,1200
2470.1,1200
2470.2,1200
2470.3,1200
2470.4,1200
2470.5,1200
2470.6,1200
2470.7,1200
2470.8,1200
2470.9,1200
2471,1200
2471.1,1200
2471.2,1200
2471.3,1200
2471.4,1200
2471.5,1200
2471.6,1200
2471.7,1200
2471.8,1200
2471.9,1200
2472,1200
2472.1,1200
2472.2,1200
2472.3,1200
2472.4,1200
2472.5,1200
2472.6,1200
2472.7,1200
2472.8,1200
2472.9,1200
2473,1200
2473.1,1200
2473.2,1200
2473.3,1200
2473.4,1200
2473.5,1200
2473.6,1200
2473.7,1200
2473.8,1200
2473.9,1200
2474,1200
2474.1,1200
2474.2,1200
2474.3,1200
2474.4,1200
2474.5,1200
2474.6,1200
2474.7,1200
2474.8,1200
2474.9,1200
2475,1200
2475.1,1200
2475.2,1200
2475.3,1200
2475.4,1200
2475.5,1200
2475.6,1200
2475.7,1200
2475.8,1200
2475.9,1200
2476,1200
2476.1,1200
2476.2,1200
2476.3,1200
2476.4,1200
2476.5,1200
2476.6,1200
2476.7,1200
2476.8,1200
2476.9,1200
2477,1200
2477.1,1200
2477.2,1200
2477.3,1200
2477.4,1200
2477.5,1200
2477.6,1200
2477.7,1200
2477.8,1200
2477.9,1200
2478,1200
2478.1,1200
2478.2,1200
2478.3,1200
2478.4,1200
2478.5,1200
2478.6,1200
2478.7,1200
2478.8,1200
2478.9,1200
2479,1200
2479.1,1200
2479.2,1200
2479.3,1200
2479.4,1200
2479.5,1200
2479.6,1200
2479.7,1200
2479.8,1200
2479.9,1200
2480,1200
2480.1,1200
2480.2,1200
2480.3,1200
2480.4,1200
2480.5,1200
2480.6,1200
2480.7,1200
2480.8,1200
2480.9,1200
2481,1200
2481.1,1200
2481.2,1200
2481.3,1200
2481.4,1200
2481.5,1200
2481.6,1200
2481.7,1200
2481.8,1200
2481.9,1200
2482,1200
2482.1,1200
2482.2,1200
2482.3,1200
2482.4,1200
2482.5,1200
2482.6,1200
2482.7,1200
2482.8,1200
2482.9,1200
2483,1200
2483.1,1200
2483.2,1200
2483.3,1200
2483.4,1200
2483.5,1200
2483.6,1200
2483.7,1200
2483.8,1200
2483.9,1200
2484,1200
2484.1,1200
2484.2,1200
2484.3,1200
2484.4,1200
2484.5,1200
2484.6,1200
2484.7,1200
2484.8,1200
2484.9,1200
2485,1200
2485.1,1200
2485.2,1200
2485.3,1200
2485.4,1200
2485.5,1200
2485.6,1200
2485.7,1200
2485.8,1200
2485.9,1200
2486,1200
2486.1,1200
2486.2,1200
2486.3,1200
2486.4,1200
2486.5,1200
2486.6,1200
2486.7,1200
2486.8,1200
2486.9,1200
2487,1200
2487.1,1200
2487.2,1200
2487.3,1200
2487.4,1200
2487.5,1200
2487.6,1200
2487.7,1200
2487.8,1200
2487.9,1200
2488,1200
2488.1,1200
2488.2,1200
2488.3,1200
2488.4,1200
2488.5,1200
2488.6,1200
2488.7,1200
2488.8,1200
2488.9,1200
2489,1200
2489.1,1200
2489.2,1200
2489.3,1200
2489.4,1200
2489.5,1200
2489.6,1200
2489.7,1200
2489.8,1200
2489.9,1200
2490,1200
2490.1,1200
2490.2,1200
2490.3,1200
2490.4,1200
2490.5,1200
2490.6,1200
2490.7,1200
2490.8,1200
2490.9,1200
2491,1200
2491.1,1200
2491.2,1200
2491.3,1200
2491.4,1200
2491.5,1200
2491.6,1200
2491.7,1200
2491.8,1200
2491.9,1200
2492,1200
2492.1,1200
2492.2,1200
2492.3,1200
2492.4,1200
2492.5,1200
2492.6,1200
2492.7,1200
2492.8,1200
2492.9,1200
2493,1200
2493.1,1200
2493.2,1200
2493.3,1200
2493.4,1200
2493.5,1200
2493.6,1200
2493.7,1200
2493.8,1200
2493.9,1200
2494,1200
2494.1,1200
2494.2,1200
2494.3,1200
2494.4,1200
2494.5,1200
2494.6,1200
2494.7,1200
2494.8,1200
2494.9,1200
2495,1200
2495.1,1200
2495.2,1200
2495.3,1200
2495.4,1200
2495.5,1200
2495.6,1200
2495.7,1200
2495.8,1200
2495.9,1200
2496,1200
2496.1,1200
2496.2,1200
2496.3,1200
2496.4,1200
2496.5,1200
2496.6,1200
2496.7,1200
2496.8,1200
2496.9,1200
2497,1200
2497.1,1200
2497.2,1200
2497.3,1200
2497.4,1200
2497.5,1200
2497.6,1200
2497.7,1200
2497.8,1200
2497.9,1200
2498,1200
2498.1,1200
2498.2,1200
2498.3,1200
2498.4,1200
2498.5,1200
2498.6,1200
2498.7,1200
2498.8,1200
2498.9,1200
2499,1200
2499.1,1200
2499.2,1200
2499.3,1200
2499.4,1200
2499.5,1200
2499.6,1200
2499.7,1200
2499.8,1200
2499.9,1200
2500,1200
2500.1,1200
2500.2,1200
2500.3,1200
2500.4,1200
2500.5,1200
2500.6,1200
2500.7,1200
2500.8,1200
2500.9,1200
2501,1200
2501.1,1200
2501.2,1200
2501.3,1200
2501.4,1200
2501.5,1200
2501.6,1200
2501.7,1200
2501.8,1200
2501.9,1200
2502,1200
2502.1,1200
2502.2,1200
2502.3,1200
2502.4,1200
2502.5,1200
2502.6,1200
2502.7,1200
2502.8,1200
2502.9,1200
2503,1200
2503.1,1200
2503.2,1200
2503.3,1200
2503.4,1200
2503.5,1200
2503.6,1200
2503.7,1200
2503.8,1200
2503.9,1200
2504,1200
2504.1,1200
2504.2,1200
2504.3,1200
2504.4,1200
2504.5,1200
2504.6,1200
2504.7,1200
2504.8,1200
2504.9,1200
2505,1200
2505.1,1200
2505.2,1200
2505.3,1200
2505.4,1200
2505.5,1200
2505.6,1200
2505.7,1200
2505.8,1200
2505.9,1200
2506,1200
2506.1,1200
2506.2,1200
2506.3,1200
2506.4,1200
2506.5,1200
2506.6,1200
2506.7,1200
2506.8,1200
2506.9,1200
2507,1200
2507.1,1200
2507.2,1200
2507.3,1200
2507.4,1200
2507.5,1200
2507.6,1200
2507.7,1200
2507.8,1200
2507.9,1200
2508,1200
2508.1,1200
2508.2,1200
2508.3,1200
2508.4,1200
2508.5,1200
2508.6,1200
2508.7,1200
2508.8,1200
2508.9,1200
2509,1200
2509.1,1200
2509.2,1200
2509.3,1200
2509.4,1200
2509.5,1200
2509.6,1200
2509.7,1200
2509.8,1200
2509.9,1200
2510,1200
2510.1,1200
2510.2,1200
2510.3,1200
2510.4,1200
2510.5,1200
2510.6,1200
2510.7,1200
2510.8,1200
2510.9,1200
2511,1200
2511.1,1200
2511.2,1200
2511.3,1200
2511.4,1200
2511.5,1200
2511.6,1200
2511.7,1200
2511.8,1200
2511.9,1200
2512,1200
2512.1,1200
2512.2,1200
2512.3,1200
2512.4,1200
2512.5,1200
2512.6,1200
2512.7,1200
2512.8,1200
2512.9,1200
2513,1200
2513.1,1200
2513.2,1200
2513.3,1200
2513.4,1200
2513.5,1200
2513.6,1200
2513.7,1200
2513.8,1200
2513.9,1200
2514,1200
2514.1,1200
2514.2,1200
2514.3,1200
2514.4,1200
2514.5,1200
2514.6,1200
2514.7,1200
2514.8,1200
2514.9,1200
2515,1200
2515.1,1200
2515.2,1200
2515.3,1200
2515.4,1200
2515.5,1200
2515.6,1200
2515.7,1200
2515.8,1200
2515.9,1200
2516,1200
2516.1,1200
2516.2,1200
2516.3,1200
2516.4,1200
2516.5,1200
2516.6,1200
2516.7,1200
2516.8,1200
2516.9,1200
2517,1200
2517.1,1200
2517.2,1200
2517.3,1200
2517.4,1200
2517.5,1200
2517.6,1200
2517.7,1200
2517.8,1200
2517.9,1200
2518,1200
2518.1,1200
2518.2,1200
2518.3,1200
2518.4,1200
2518.5,1200
2518.6,1200
2518.7,1200
2518.8,1200
2518.9,1200
2519,1200
2519.1,1200
2519.2,1200
2519.3,1200
2519.4,1200
2519.5,1200
2519.6,1200
2519.7,1200
2519.8,1200
2519.9,1200
2520,1200
2520.1,1200
2520.2,1200
2520.3,1200
2520.4,1200
2520.5,1200
2520.6,1200
2520.7,1200
2520.8,1200
2520.9,1200
2521,1200
2521.1,1200
2521.2,1200
2521.3,1200
2521.4,1200
2521.5,1200
2521.6,1200
2521.7,1200
2521.8,1200
2521.9,1200
2522,1200
2522.1,1200
2522.2,1200
2522.3,1200
2522.4,1200
2522.5,1200
2522.6,1200
2522.7,1200
2522.8,1200
2522.9,1200
2523,1200
2523.1,1200
2523.2,1200
2523.3,1200
2523.4,1200
2523.5,1200
2523.6,1200
2523.7,1200
2523.8,1200
2523.9,1200
2524,1200
2524.1,1200
2524.2,1200
2524.3,1200
2524.4,1200
2524.5,1200
2524.6,1200
2524.7,1200
2524.8,1200
2524.9,1200
2525,1200
2525.1,1200
2525.2,1200
2525.3,1200
2525.4,1200
2525.5,1200
2525.6,1200
2525.7,1200
2525.8,1200
2525.9,1200
2526,1200
2526.1,1200
2526.2,1200
2526.3,1200
2526.4,1200
2526.5,1200
2526.6,1200
2526.7,1200
2526.8,1200
2526.9,1200
2527,1200
2527.1,1200
2527.2,1200
2527.3,1200
2527.4,1200
2527.5,1200
2527.6,1200
2527.7,1200
2527.8,1200
2527.9,1200
2528,1200
2528.1,1200
2528.2,1200
2528.3,1200
2528.4,1200
2528.5,1200
2528.6,1200
2528.7,1200
2528.8,1200
2528.9,1200
2529,1200
2529.1,1200
2529.2,1200
2529.3,1200
2529.4,1200
2529.5,1200
2529.6,1200
2529.7,1200
2529.8,1200
2529.9,1200
2530,1200
2530.1,1200
2530.2,1200
2530.3,1200
2530.4,1200
2530.5,1200
2530.6,1200
2530.7,1200
2530.8,1200
2530.9,1200
2531,1200
2531.1,1200
2531.2,1200
2531.3,1200
2531.4,1200
2531.5,1200
2531.6,1200
2531.7,1200
2531.8,1200
2531.9,1200
2532,1200
2532.1,1200
2532.2,1200
2532.3,1200
2532.4,1200
2532.5,1200
2532.6,1200
2532.7,1200
2532.8,1200
2532.9,1200
2533,1200
2533.1,1200
2533.2,1200
2533.3,1200
2533.4,1200
2533.5,1200
2533.6,1200
2533.7,1200
2533.8,1200
2533.9,1200
2534,1200
2534.1,1200
2534.2,1200
2534.3,1200
2534.4,1200
2534.5,1200
2534.6,1200
2534.7,1200
2534.8,1200
2534.9,1200
2535,1200
2535.1,1200
2535.2,1200
2535.3,1200
2535.4,1200
2535.5,1200
2535.6,1200
2535.7,1200
2535.8,1200
2535.9,1200
2536,1200
2536.1,1200
2536.2,1200
2536.3,1200
2536.4,1200
2536.5,1200
2536.6,1200
2536.7,1200
2536.8,1200
2536.9,1200
2537,1200
2537.1,1200
2537.2,1200
2537.3,1200
2537.4,1200
2537.5,1200
2537.6,1200
2537.7,1200
2537.8,1200
2537.9,1200
2538,1200
2538.1,1200
2538.2,1200
2538.3,1200
2538.4,1200
2538.5,1200
2538.6,1200
2538.7,1200
2538.8,1200
2538.9,1200
2539,1200
2539.1,1200
2539.2,1200
2539.3,1200
2539.4,1200
2539.5,1200
2539.6,1200
2539.7,1200
2539.8,1200
2539.9,1200
2540,1200
2540.1,1200
2540.2,1200
2540.3,1200
2540.4,1200
2540.5,1200
2540.6,1200
2540.7,1200
2540.8,1200
2540.9,1200
2541,1200
2541.1,1200
2541.2,1200
2541.3,1200
2541.4,1200
2541.5,1200
2541.6,1200
2541.7,1200
2541.8,1200
2541.9,1200
2542,1200
2542.1,1200
2542.2,1200
2542.3,1200
2542.4,1200
2542.5,1200
2542.6,1200
2542.7,1200
2542.8,1200
2542.9,1200
2543,1200
2543.1,1200
2543.2,1200
2543.3,1200
2543.4,1200
2543.5,1200
2543.6,1200
2543.7,1200
2543.8,1200
2543.9,1200
2544,1200
2544.1,1200
2544.2,1200
2544.3,1200
2544.4,1200
2544.5,1200
2544.6,1200
2544.7,1200
2544.8,1200
2544.9,1200
2545,1200
2545.1,1200
2545.2,1200
2545.3,1200
2545.4,1200
2545.5,1200
2545.6,1200
2545.7,1200
2545.8,1200
2545.9,1200
2546,1200
2546.1,1200
2546.2,1200
2546.3,1200
2546.4,1200
2546.5,1200
2546.6,1200
2546.7,1200
2546.8,1200
2546.9,1200
2547,1200
2547.1,1200
2547.2,1200
2547.3,1200
2547.4,1200
2547.5,1200
2547.6,1200
2547.7,1200
2547.8,1200
2547.9,1200
2548,1200
2548.1,1200
2548.2,1200
2548.3,1200
2548.4,1200
2548.5,1200
2548.6,1200
2548.7,1200
2548.8,1200
2548.9,1200
2549,1200
2549.1,1200
2549.2,1200
2549.3,1200
2549.4,1200
2549.5,1200
2549.6,1200
2549.7,1200
2549.8,1200
2549.9,1200
2550,1200
2550.1,1200
2550.2,1200
2550.3,1200
2550.4,1200
2550.5,1200
2550.6,1200
2550.7,1200
2550.8,1200
2550.9,1200
2551,1200
2551.1,1200
2551.2,1200
2551.3,1200
2551.4,1200
2551.5,1200
2551.6,1200
2551.7,1200
2551.8,1200
2551.9,1200
2552,1200
2552.1,1200
2552.2,1200
2552.3,1200
2552.4,1200
2552.5,1200
2552.6,1200
2552.7,1200
2552.8,1200
2552.9,1200
2553,1200
2553.1,1200
2553.2,1200
2553.3,1200
2553.4,1200
2553.5,1200
2553.6,1200
2553.7,1200
2553.8,1200
2553.9,1200
2554,1200
2554.1,1200
2554.2,1200
2554.3,1200
2554.4,1200
2554.5,1200
2554.6,1200
2554.7,1200
2554.8,1200
2554.9,1200
2555,1200
2555.1,1200
2555.2,1200
2555.3,1200
2555.4,1200
2555.5,1200
2555.6,1200
2555.7,1200
2555.8,1200
2555.9,1200
2556,1200
2556.1,1200
2556.2,1200
2556.3,1200
2556.4,1200
2556.5,1200
2556.6,1200
2556.7,1200
2556.8,1200
2556.9,1200
2557,1200
2557.1,1200
2557.2,1200
2557.3,1200
2557.4,1200
2557.5,1200
2557.6,1200
2557.7,1200
2557.8,1200
2557.9,1200
2558,1200
2558.1,1200
2558.2,1200
2558.3,1200
2558.4,1200
2558.5,1200
2558.6,1200
2558.7,1200
2558.8,1200
2558.9,1200
2559,1200
2559.1,1200
2559.2,1200
2559.3,1200
2559.4,1200
2559.5,1200
2559.6,1200
2559.7,1200
2559.8,1200
2559.9,1200
2560,1200
2560.1,1200
2560.2,1200
2560.3,1200
2560.4,1200
2560.5,1200
2560.6,1200
2560.7,1200
2560.8,1200
2560.9,1200
2561,1200
2561.1,1200
2561.2,1200
2561.3,1200
2561.4,1200
2561.5,1200
2561.6,1200
2561.7,1200
2561.8,1200
2561.9,1200
2562,1200
2562.1,1200
2562.2,1200
2562.3,1200
2562.4,1200
2562.5,1200
2562.6,1200
2562.7,1200
2562.8,1200
2562.9,1200
2563,1200
2563.1,1200
2563.2,1200
2563.3,1200
2563.4,1200
2563.5,1200
2563.6,1200
2563.7,1200
2563.8,1200
2563.9,1200
2564,1200
2564.1,1200
2564.2,1200
2564.3,1200
2564.4,1200
2564.5,1200
2564.6,1200
2564.7,1200
2564.8,1200
2564.9,1200
2565,1200
2565.1,1200
2565.2,1200
2565.3,1200
2565.4,1200
2565.5,1200
2565.6,1200
2565.7,1200
2565.8,1200
2565.9,1200
2566,1200
2566.1,1200
2566.2,1200
2566.3,1200
2566.4,1200
2566.5,1200
2566.6,1200
2566.7,1200
2566.8,1200
2566.9,1200
2567,1200
2567.1,1200
2567.2,1200
2567.3,1200
2567.4,1200
2567.5,1200
2567.6,1200
2567.7,1200
2567.8,1200
2567.9,1200
2568,1200
2568.1,1200
2568.2,1200
2568.3,1200
2568.4,1200
2568.5,1200
2568.6,1200
2568.7,1200
2568.8,1200
2568.9,1200
2569,1200
2569.1,1200
2569.2,1200
2569.3,1200
2569.4,1200
2569.5,1200
2569.6,1200
2569.7,1200
2569.8,1200
2569.9,1200
2570,1200
2570.1,1200
2570.2,1200
2570.3,1200
2570.4,1200
2570.5,1200
2570.6,1200
2570.7,1200
2570.8,1200
2570.9,1200
2571,1200
2571.1,1200
2571.2,1200
2571.3,1200
2571.4,1200
2571.5,1200
2571.6,1200
2571.7,1200
2571.8,1200
2571.9,1200
2572,1200
2572.1,1200
2572.2,1200
2572.3,1200
2572.4,1200
2572.5,1200
2572.6,1200
2572.7,1200
2572.8,1200
2572.9,1200
2573,1200
2573.1,1200
2573.2,1200
2573.3,1200
2573.4,1200
2573.5,1200
2573.6,1200
2573.7,1200
2573.8,1200
2573.9,1200
2574,1200
2574.1,1200
2574.2,1200
2574.3,1200
2574.4,1200
2574.5,1200
2574.6,1200
2574.7,1200
2574.8,1200
2574.9,1200
2575,1200
2575.1,1200
2575.2,1200
2575.3,1200
2575.4,1200
2575.5,1200
2575.6,1200
2575.7,1200
2575.8,1200
2575.9,1200
2576,1200
2576.1,1200
2576.2,1200
2576.3,1200
2576.4,1200
2576.5,1200
2576.6,1200
2576.7,1200
2576.8,1200
2576.9,1200
2577,1200
2577.1,1200
2577.2,1200
2577.3,1200
2577.4,1200
2577.5,1200
2577.6,1200
2577.7,1200
2577.8,1200
2577.9,1200
2578,1200
2578.1,1200
2578.2,1200
2578.3,1200
2578.4,1200
2578.5,1200
2578.6,1200
2578.7,1200
2578.8,1200
2578.9,1200
2579,1200
2579.1,1200
2579.2,1200
2579.3,1200
2579.4,1200
2579.5,1200
2579.6,1200
2579.7,1200
2579.8,1200
2579.9,1200
2580,1200
2580.1,1200
2580.2,1200
2580.3,1200
2580.4,1200
2580.5,1200
2580.6,1200
2580.7,1200
2580.8,1200
2580.9,1200
2581,1200
2581.1,1200
2581.2,1200
2581.3,1200
2581.4,1200
2581.5,1200
2581.6,1200
2581.7,1200
2581.8,1200
2581.9,1200
2582,1200
2582.1,1200
2582.2,1200
2582.3,1200
2582.4,1200
2582.5,1200
2582.6,1200
2582.7,1200
2582.8,1200
2582.9,1200
2583,1200
2583.1,1200
2583.2,1200
2583.3,1200
2583.4,1200
2583.5,1200
2583.6,1200
2583.7,1200
2583.8,1200
2583.9,1200
2584,1200
2584.1,1200
2584.2,1200
2584.3,1200
2584.4,1200
2584.5,1200
2584.6,1200
2584.7,1200
2584.8,1200
2584.9,1200
2585,1200
2585.1,1200
2585.2,1200
2585.3,1200
2585.4,1200
2585.5,1200
2585.6,1200
2585.7,1200
2585.8,1200
2585.9,1200
2586,1200
2586.1,1200
2586.2,1200
2586.3,1200
2586.4,1200
2586.5,1200
2586.6,1200
2586.7,1200
2586.8,1200
2586.9,1200
2587,1200
2587.1,1200
2587.2,1200
2587.3,1200
2587.4,1200
2587.5,1200
2587.6,1200
2587.7,1200
2587.8,1200
2587.9,1200
2588,1200
2588.1,1200
2588.2,1200
2588.3,1200
2588.4,1200
2588.5,1200
2588.6,1200
2588.7,1200
2588.8,1200
2588.9,1200
2589,1200
2589.1,1200
2589.2,1200
2589.3,1200
2589.4,1200
2589.5,1200
2589.6,1200
2589.7,1200
2589.8,1200
2589.9,1200
2590,1200
2590.1,1200
2590.2,1200
2590.3,1200
2590.4,1200
2590.5,1200
2590.6,1200
2590.7,1200
2590.8,1200
2590.9,1200
2591,1200
2591.1,1200
2591.2,1200
2591.3,1200
2591.4,1200
2591.5,1200
2591.6,1200
2591.7,1200
2591.8,1200
2591.9,1200
2592,1200
2592.1,1200
2592.2,1200
2592.3,1200
2592.4,1200
2592.5,1200
2592.6,1200
2592.7,1200
2592.8,1200
2592.9,1200
2593,1200
2593.1,1200
2593.2,1200
2593.3,1200
2593.4,1200
2593.5,1200
2593.6,1200
2593.7,1200
2593.8,1200
2593.9,1200
2594,1200
2594.1,1200
2594.2,1200
2594.3,1200
2594.4,1200
2594.5,1200
2594.6,1200
2594.7,1200
2594.8,1200
2594.9,1200
2595,1200
2595.1,1200
2595.2,1200
2595.3,1200
2595.4,1200
2595.5,1200
2595.6,1200
2595.7,1200
2595.8,1200
2595.9,1200
2596,1200
2596.1,1200
2596.2,1200
2596.3,1200
2596.4,1200
2596.5,1200
2596.6,1200
2596.7,1200
2596.8,1200
2596.9,1200
2597,1200
2597.1,1200
2597.2,1200
2597.3,1200
2597.4,1200
2597.5,1200
2597.6,1200
2597.7,1200
2597.8,1200
2597.9,1200
2598,1200
2598.1,1200
2598.2,1200
2598.3,1200
2598.4,1200
2598.5,1200
2598.6,1200
2598.7,1200
2598.8,1200
2598.9,1200
2599,1200
2599.1,1200
2599.2,1200
2599.3,1200
2599.4,1200
2599.5,1200
2599.6,1200
2599.7,1200
2599.8,1200
2599.9,1200
2600,1200
2600.1,1200
2600.2,1200
2600.3,1200
2600.4,1200
2600.5,1200
2600.6,1200
2600.7,1200
2600.8,1200
2600.9,1200
2601,1200
2601.1,1200
2601.2,1200
2601.3,1200
2601.4,1200
2601.5,1200
2601.6,1200
2601.7,1200
2601.8,1200
2601.9,1200
2602,1200
2602.1,1200
2602.2,1200
2602.3,1200
2602.4,1200
2602.5,1200
2602.6,1200
2602.7,1200
2602.8,1200
2602.9,1200
2603,1200
2603.1,1200
2603.2,1200
2603.3,1200
2603.4,1200
2603.5,1200
2603.6,1200
2603.7,1200
2603.8,1200
2603.9,1200
2604,1200
2604.1,1200
2604.2,1200
2604.3,1200
2604.4,1200
2604.5,1200
2604.6,1200
2604.7,1200
2604.8,1200
2604.9,1200
2605,1200
2605.1,1200
2605.2,1200
2605.3,1200
2605.4,1200
2605.5,1200
2605.6,1200
2605.7,1200
2605.8,1200
2605.9,1200
2606,1200
2606.1,1200
2606.2,1200
2606.3,1200
2606.4,1200
2606.5,1200
2606.6,1200
2606.7,1200
2606.8,1200
2606.9,1200
2607,1200
2607.1,1200
2607.2,1200
2607.3,1200
2607.4,1200
2607.5,1200
2607.6,1200
2607.7,1200
2607.8,1200
2607.9,1200
2608,1200
2608.1,1200
2608.2,1200
2608.3,1200
2608.4,1200
2608.5,1200
2608.6,1200
2608.7,1200
2608.8,1200
2608.9,1200
2609,1200
2609.1,1200
2609.2,1200
2609.3,1200
2609.4,1200
2609.5,1200
2609.6,1200
2609.7,1200
2609.8,1200
2609.9,1200
2610,1200
2610.1,1200
2610.2,1200
2610.3,1200
2610.4,1200
2610.5,1200
2610.6,1200
2610.7,1200
2610.8,1200
2610.9,1200
2611,1200
2611.1,1200
2611.2,1200
2611.3,1200
2611.4,1200
2611.5,1200
2611.6,1200
2611.7,1200
2611.8,1200
2611.9,1200
2612,1200
2612.1,1200
2612.2,1200
2612.3,1200
2612.4,1200
2612.5,1200
2612.6,1200
2612.7,1200
2612.8,1200
2612.9,1200
2613,1200
2613.1,1200
2613.2,1200
2613.3,1200
2613.4,1200
2613.5,1200
2613.6,1200
2613.7,1200
2613.8,1200
2613.9,1200
2614,1200
2614.1,1200
2614.2,1200
2614.3,1200
2614.4,1200
2614.5,1200
2614.6,1200
2614.7,1200
2614.8,1200
2614.9,1200
2615,1200
2615.1,1200
2615.2,1200
2615.3,1200
2615.4,1200
2615.5,1200
2615.6,1200
2615.7,1200
2615.8,1200
2615.9,1200
2616,1200
2616.1,1200
2616.2,1200
2616.3,1200
2616.4,1200
2616.5,1200
2616.6,1200
2616.7,1200
2616.8,1200
2616.9,1200
2617,1200
2617.1,1200
2617.2,1200
2617.3,1200
2617.4,1200
2617.5,1200
2617.6,1200
2617.7,1200
2617.8,1200
2617.9,1200
2618,1200
2618.1,1200
2618.2,1200
2618.3,1200
2618.4,1200
2618.5,1200
2618.6,1200
2618.7,1200
2618.8,1200
2618.9,1200
2619,1200
2619.1,1200
2619.2,1200
2619.3,1200
2619.4,1200
2619.5,1200
2619.6,1200
2619.7,1200
2619.8,1200
2619.9,1200
2620,1200
2620.1,1200
2620.2,1200
2620.3,1200
2620.4,1200
2620.5,1200
2620.6,1200
2620.7,1200
2620.8,1200
2620.9,1200
2621,1200
2621.1,1200
2621.2,1200
2621.3,1200
2621.4,1200
2621.5,1200
2621.6,1200
2621.7,1200
2621.8,1200
2621.9,1200
2622,1200
2622.1,1200
2622.2,1200
2622.3,1200
2622.4,1200
2622.5,1200
2622.6,1200
2622.7,1200
2622.8,1200
2622.9,1200
2623,1200
2623.1,1200
2623.2,1200
2623.3,1200
2623.4,1200
2623.5,1200
2623.6,1200
2623.7,1200
2623.8,1200
2623.9,1200
2624,1200
2624.1,1200
2624.2,1200
2624.3,1200
2624.4,1200
2624.5,1200
2624.6,1200
2624.7,1200
2624.8,1200
2624.9,1200
2625,1200
2625.1,1200
2625.2,1200
2625.3,1200
2625.4,1200
2625.5,1200
2625.6,1200
2625.7,1200
2625.8,1200
2625.9,1200
2626,1200
2626.1,1200
2626.2,1200
2626.3,1200
2626.4,1200
2626.5,1200
2626.6,1200
2626.7,1200
2626.8,1200
2626.9,1200
2627,1200
2627.1,1200
2627.2,1200
2627.3,1200
2627.4,1200
2627.5,1200
2627.6,1200
2627.7,1200
2627.8,1200
2627.9,1200
2628,1200
2628.1,1200
2628.2,1200
2628.3,1200
2628.4,1200
2628.5,1200
2628.6,1200
2628.7,1200
2628.8,1200
2628.9,1200
2629,1200
2629.1,1200
2629.2,1200
2629.3,1200
2629.4,1200
2629.5,1200
2629.6,1200
2629.7,1200
2629.8,1200
2629.9,1200
2630,1200
2630.1,1200
2630.2,1200
2630.3,1200
2630.4,1200
2630.5,1200
2630.6,1200
2630.7,1200
2630.8,1200
2630.9,1200
2631,1200
2631.1,1200
2631.2,1200
2631.3,1200
2631.4,1200
2631.5,1200
2631.6,1200
2631.7,1200
2631.8,1200
2631.9,1200
2632,1200
2632.1,1200
2632.2,1200
2632.3,1200
2632.4,1200
2632.5,1200
2632.6,1200
2632.7,1200
2632.8,1200
2632.9,1200
2633,1200
2633.1,1200
2633.2,1200
2633.3,1200
2633.4,1200
2633.5,1200
2633.6,1200
2633.7,1200
2633.8,1200
2633.9,1200
2634,1200
2634.1,1200
2634.2,1200
2634.3,1200
2634.4,1200
2634.5,1200
2634.6,1200
2634.7,1200
2634.8,1200
2634.9,1200
2635,1200
2635.1,1200
2635.2,1200
2635.3,1200
2635.4,1200
2635.5,1200
2635.6,1200
2635.7,1200
2635.8,1200
2635.9,1200
2636,1200
2636.1,1200
2636.2,1200
2636.3,1200
2636.4,1200
2636.5,1200
2636.6,1200
2636.7,1200
2636.8,1200
2636.9,1200
2637,1200
2637.1,1200
2637.2,1200
2637.3,1200
2637.4,1200
2637.5,1200
2637.6,1200
2637.7,1200
2637.8,1200
2637.9,1200
2638,1200
2638.1,1200
2638.2,1200
2638.3,1200
2638.4,1200
2638.5,1200
2638.6,1200
2638.7,1200
2638.8,1200
2638.9,1200
2639,1200
2639.1,1200
2639.2,1200
2639.3,1200
2639.4,1200
2639.5,1200
2639.6,1200
2639.7,1200
2639.8,1200
2639.9,1200
2640,1200
2640.1,1200
2640.2,1200
2640.3,1200
2640.4,1200
2640.5,1200
2640.6,1200
2640.7,1200
2640.8,1200
2640.9,1200
2641,1200
2641.1,1200
2641.2,1200
2641.3,1200
2641.4,1200
2641.5,1200
2641.6,1200
2641.7,1200
2641.8,1200
2641.9,1200
2642,1200
2642.1,1200
2642.2,1200
2642.3,1200
2642.4,1200
2642.5,1200
2642.6,1200
2642.7,1200
2642.8,1200
2642.9,1200
2643,1200
2643.1,1200
2643.2,1200
2643.3,1200
2643.4,1200
2643.5,1200
2643.6,1200
2643.7,1200
2643.8,1200
2643.9,1200
2644,1200
2644.1,1200
2644.2,1200
2644.3,1200
2644.4,1200
2644.5,1200
2644.6,1200
2644.7,1200
2644.8,1200
2644.9,1200
2645,1200
2645.1,1200
2645.2,1200
2645.3,1200
2645.4,1200
2645.5,1200
2645.6,1200
2645.7,1200
2645.8,1200
2645.9,1200
2646,1200
2646.1,1200
2646.2,1200
2646.3,1200
2646.4,1200
2646.5,1200
2646.6,1200
2646.7,1200
2646.8,1200
2646.9,1200
2647,1200
2647.1,1200
2647.2,1200
2647.3,1200
2647.4,1200
2647.5,1200
2647.6,1200
2647.7,1200
2647.8,1200
2647.9,1200
2648,1200
2648.1,1200
2648.2,1200
2648.3,1200
2648.4,1200
2648.5,1200
2648.6,1200
2648.7,1200
2648.8,1200
2648.9,1200
2649,1200
2649.1,1200
2649.2,1200
2649.3,1200
2649.4,1200
2649.5,1200
2649.6,1200
2649.7,1200
2649.8,1200
2649.9,1200
2650,1200
2650.1,1200
2650.2,1200
2650.3,1200
2650.4,1200
2650.5,1200
2650.6,1200
2650.7,1200
2650.8,1200
2650.9,1200
2651,1200
2651.1,1200
2651.2,1200
2651.3,1200
2651.4,1200
2651.5,1200
2651.6,1200
2651.7,1200
2651.8,1200
2651.9,1200
2652,1200
2652.1,1200
2652.2,1200
2652.3,1200
2652.4,1200
2652.5,1200
2652.6,1200
2652.7,1200
2652.8,1200
2652.9,1200
2653,1200
2653.1,1200
2653.2,1200
2653.3,1200
2653.4,1200
2653.5,1200
2653.6,1200
2653.7,1200
2653.8,1200
2653.9,1200
2654,1200
2654.1,1200
2654.2,1200
2654.3,1200
2654.4,1200
2654.5,1200
2654.6,1200
2654.7,1200
2654.8,1200
2654.9,1200
2655,1200
2655.1,1200
2655.2,1200
2655.3,1200
2655.4,1200
2655.5,1200
2655.6,1200
2655.7,1200
2655.8,1200
2655.9,1200
2656,1200
2656.1,1200
2656.2,1200
2656.3,1200
2656.4,1200
2656.5,1200
2656.6,1200
2656.7,1200
2656.8,1200
2656.9,1200
2657,1200
2657.1,1200
2657.2,1200
2657.3,1200
2657.4,1200
2657.5,1200
2657.6,1200
2657.7,1200
2657.8,1200
2657.9,1200
2658,1200
2658.1,1200
2658.2,1200
2658.3,1200
2658.4,1200
2658.5,1200
2658.6,1200
2658.7,1200
2658.8,1200
2658.9,1200
2659,1200
2659.1,1200
2659.2,1200
2659.3,1200
2659.4,1200
2659.5,1200
2659.6,1200
2659.7,1200
2659.8,1200
2659.9,1200
2660,1200
2660.1,1200
2660.2,1200
2660.3,1200
2660.4,1200
2660.5,1200
2660.6,1200
2660.7,1200
2660.8,1200
2660.9,1200
2661,1200
2661.1,1200
2661.2,1200
2661.3,1200
2661.4,1200
2661.5,1200
2661.6,1200
2661.7,1200
2661.8,1200
2661.9,1200
2662,1200
2662.1,1200
2662.2,1200
2662.3,1200
2662.4,1200
2662.5,1200
2662.6,1200
2662.7,1200
2662.8,1200
2662.9,1200
2663,1200
2663.1,1200
2663.2,1200
2663.3,1200
2663.4,1200
2663.5,1200
2663.6,1200
2663.7,1200
2663.8,1200
2663.9,1200
2664,1200
2664.1,1200
2664.2,1200
2664.3,1200
2664.4,1200
2664.5,1200
2664.6,1200
2664.7,1200
2664.8,1200
2664.9,1200
2665,1200
2665.1,1200
2665.2,1200
2665.3,1200
2665.4,1200
2665.5,1200
2665.6,1200
2665.7,1200
2665.8,1200
2665.9,1200
2666,1200
2666.1,1200
2666.2,1200
2666.3,1200
2666.4,1200
2666.5,1200
2666.6,1200
2666.7,1200
2666.8,1200
2666.9,1200
2667,1200
2667.1,1200
2667.2,1200
2667.3,1200
2667.4,1200
2667.5,1200
2667.6,1200
2667.7,1200
2667.8,1200
2667.9,1200
2668,1200
2668.1,1200
2668.2,1200
2668.3,1200
2668.4,1200
2668.5,1200
2668.6,1200
2668.7,1200
2668.8,1200
2668.9,1200
2669,1200
2669.1,1200
2669.2,1200
2669.3,1200
2669.4,1200
2669.5,1200
2669.6,1200
2669.7,1200
2669.8,1200
2669.9,1200
2670,1200
2670.1,1200
2670.2,1200
2670.3,1200
2670.4,1200
2670.5,1200
2670.6,1200
2670.7,1200
2670.8,1200
2670.9,1200
2671,1200
2671.1,1200
2671.2,1200
2671.3,1200
2671.4,1200
2671.5,1200
2671.6,1200
2671.7,1200
2671.8,1200
2671.9,1200
2672,1200
2672.1,1200
2672.2,1200
2672.3,1200
2672.4,1200
2672.5,1200
2672.6,1200
2672.7,1200
2672.8,1200
2672.9,1200
2673,1200
2673.1,1200
2673.2,1200
2673.3,1200
2673.4,1200
2673.5,1200
2673.6,1200
2673.7,1200
2673.8,1200
2673.9,1200
2674,1200
2674.1,1200
2674.2,1200
2674.3,1200
2674.4,1200
2674.5,1200
2674.6,1200
2674.7,1200
2674.8,1200
2674.9,1200
2675,1200
2675.1,1200
2675.2,1200
2675.3,1200
2675.4,1200
2675.5,1200
2675.6,1200
2675.7,1200
2675.8,1200
2675.9,1200
2676,1200
2676.1,1200
2676.2,1200
2676.3,1200
2676.4,1200
2676.5,1200
2676.6,1200
2676.7,1200
2676.8,1200
2676.9,1200
2677,1200
2677.1,1200
2677.2,1200
2677.3,1200
2677.4,1200
2677.5,1200
2677.6,1200
2677.7,1200
2677.8,1200
2677.9,1200
2678,1200
2678.1,1200
2678.2,1200
2678.3,1200
2678.4,1200
2678.5,1200
2678.6,1200
2678.7,1200
2678.8,1200
2678.9,1200
2679,1200
2679.1,1200
2679.2,1200
2679.3,1200
2679.4,1200
2679.5,1200
2679.6,1200
2679.7,1200
2679.8,1200
2679.9,1200
2680,1200
2680.1,1200
2680.2,1200
2680.3,1200
2680.4,1200
2680.5,1200
2680.6,1200
2680.7,1200
2680.8,1200
2680.9,1200
2681,1200
2681.1,1200
2681.2,1200
2681.3,1200
2681.4,1200
2681.5,1200
2681.6,1200
2681.7,1200
2681.8,1200
2681.9,1200
2682,1200
2682.1,1200
2682.2,1200
2682.3,1200
2682.4,1200
2682.5,1200
2682.6,1200
2682.7,1200
2682.8,1200
2682.9,1200
2683,1200
2683.1,1200
2683.2,1200
2683.3,1200
2683.4,1200
2683.5,1200
2683.6,1200
2683.7,1200
2683.8,1200
2683.9,1200
2684,1200
2684.1,1200
2684.2,1200
2684.3,1200
2684.4,1200
2684.5,1200
2684.6,1200
2684.7,1200
2684.8,1200
2684.9,1200
2685,1200
2685.1,1200
2685.2,1200
2685.3,1200
2685.4,1200
2685.5,1200
2685.6,1200
2685.7,1200
2685.8,1200
2685.9,1200
2686,1200
2686.1,1200
2686.2,1200
2686.3,1200
2686.4,1200
2686.5,1200
2686.6,1200
2686.7,1200
2686.8,1200
2686.9,1200
2687,1200
2687.1,1200
2687.2,1200
2687.3,1200
2687.4,1200
2687.5,1200
2687.6,1200
2687.7,1200
2687.8,1200
2687.9,1200
2688,1200
2688.1,1200
2688.2,1200
2688.3,1200
2688.4,1200
2688.5,1200
2688.6,1200
2688.7,1200
2688.8,1200
2688.9,1200
2689,1200
2689.1,1200
2689.2,1200
2689.3,1200
2689.4,1200
2689.5,1200
2689.6,1200
2689.7,1200
2689.8,1200
2689.9,1200
2690,1200
2690.1,1200
2690.2,1200
2690.3,1200
2690.4,1200
2690.5,1200
2690.6,1200
2690.7,1200
2690.8,1200
2690.9,1200
2691,1200
2691.1,1200
2691.2,1200
2691.3,1200
2691.4,1200
2691.5,1200
2691.6,1200
2691.7,1200
2691.8,1200
2691.9,1200
2692,1200
2692.1,1200
2692.2,1200
2692.3,1200
2692.4,1200
2692.5,1200
2692.6,1200
2692.7,1200
2692.8,1200
2692.9,1200
2693,1200
2693.1,1200
2693.2,1200
2693.3,1200
2693.4,1200
2693.5,1200
2693.6,1200
2693.7,1200
2693.8,1200
2693.9,1200
2694,1200
2694.1,1200
2694.2,1200
2694.3,1200
2694.4,1200
2694.5,1200
2694.6,1200
2694.7,1200
2694.8,1200
2694.9,1200
2695,1200
2695.1,1200
2695.2,1200
2695.3,1200
2695.4,1200
2695.5,1200
2695.6,1200
2695.7,1200
2695.8,1200
2695.9,1200
2696,1200
2696.1,1200
2696.2,1200
2696.3,1200
2696.4,1200
2696.5,1200
2696.6,1200
2696.7,1200
2696.8,1200
2696.9,1200
2697,1200
2697.1,1200
2697.2,1200
2697.3,1200
2697.4,1200
2697.5,1200
2697.6,1200
2697.7,1200
2697.8,1200
2697.9,1200
2698,1200
2698.1,1200
2698.2,1200
2698.3,1200
2698.4,1200
2698.5,1200
2698.6,1200
2698.7,1200
2698.8,1200
2698.9,1200
2699,1200
2699.1,1200
2699.2,1200
2699.3,1200
2699.4,1200
2699.5,1200
2699.6,1200
2699.7,1200
2699.8,1200
2699.9,1200
2700,1200
2700.1,1200
2700.2,1200
2700.3,1200
2700.4,1200
2700.5,1200
2700.6,1200
2700.7,1200
2700.8,1200
2700.9,1200
2701,1200
2701.1,1200
2701.2,1200
2701.3,1200
2701.4,1200
2701.5,1200
2701.6,1200
2701.7,1200
2701.8,1200
2701.9,1200
2702,1200
2702.1,1200
2702.2,1200
2702.3,1200
2702.4,1200
2702.5,1200
2702.6,1200
2702.7,1200
2702.8,1200
2702.9,1200
2703,1200
2703.1,1200
2703.2,1200
2703.3,1200
2703.4,1200
2703.5,1200
2703.6,1200
2703.7,1200
2703.8,1200
2703.9,1200
2704,1200
2704.1,1200
2704.2,1200
2704.3,1200
2704.4,1200
2704.5,1200
2704.6,1200
2704.7,1200
2704.8,1200
2704.9,1200
2705,1200
2705.1,1200
2705.2,1200
2705.3,1200
2705.4,1200
2705.5,1200
2705.6,1200
2705.7,1200
2705.8,1200
2705.9,1200
2706,1200
2706.1,1200
2706.2,1200
2706.3,1200
2706.4,1200
2706.5,1200
2706.6,1200
2706.7,1200
2706.8,1200
2706.9,1200
2707,1200
2707.1,1200
2707.2,1200
2707.3,1200
2707.4,1200
2707.5,1200
2707.6,1200
2707.7,1200
2707.8,1200
2707.9,1200
2708,1200
2708.1,1200
2708.2,1200
2708.3,1200
2708.4,1200
2708.5,1200
2708.6,1200
2708.7,1200
2708.8,1200
2708.9,1200
2709,1200
2709.1,1200
2709.2,1200
2709.3,1200
2709.4,1200
2709.5,1200
2709.6,1200
2709.7,1200
2709.8,1200
2709.9,1200
2710,1200
2710.1,1200
2710.2,1200
2710.3,1200
2710.4,1200
2710.5,1200
2710.6,1200
2710.7,1200
2710.8,1200
2710.9,1200
2711,1200
2711.1,1200
2711.2,1200
2711.3,1200
2711.4,1200
2711.5,1200
2711.6,1200
2711.7,1200
2711.8,1200
2711.9,1200
2712,1200
2712.1,1200
2712.2,1200
2712.3,1200
2712.4,1200
2712.5,1200
2712.6,1200
2712.7,1200
2712.8,1200
2712.9,1200
2713,1200
2713.1,1200
2713.2,1200
2713.3,1200
2713.4,1200
2713.5,1200
2713.6,1200
2713.7,1200
2713.8,1200
2713.9,1200
2714,1200
2714.1,1200
2714.2,1200
2714.3,1200
2714.4,1200
2714.5,1200
2714.6,1200
2714.7,1200
2714.8,1200
2714.9,1200
2715,1200
2715.1,1200
2715.2,1200
2715.3,1200
2715.4,1200
2715.5,1200
2715.6,1200
2715.7,1200
2715.8,1200
2715.9,1200
2716,1200
2716.1,1200
2716.2,1200
2716.3,1200
2716.4,1200
2716.5,1200
2716.6,1200
2716.7,1200
2716.8,1200
2716.9,1200
2717,1200
2717.1,1200
2717.2,1200
2717.3,1200
2717.4,1200
2717.5,1200
2717.6,1200
2717.7,1200
2717.8,1200
2717.9,1200
2718,1200
2718.1,1200
2718.2,1200
2718.3,1200
2718.4,1200
2718.5,1200
2718.6,1200
2718.7,1200
2718.8,1200
2718.9,1200
2719,1200
2719.1,1200
2719.2,1200
2719.3,1200
2719.4,1200
2719.5,1200
2719.6,1200
2719.7,1200
2719.8,1200
2719.9,1200
2720,1200
2720.1,1200
2720.2,1200
2720.3,1200
2720.4,1200
2720.5,1200
2720.6,1200
2720.7,1200
2720.8,1200
2720.9,1200
2721,1200
2721.1,1200
2721.2,1200
2721.3,1200
2721.4,1200
2721.5,1200
2721.6,1200
2721.7,1200
2721.8,1200
2721.9,1200
2722,1200
2722.1,1200
2722.2,1200
2722.3,1200
2722.4,1200
2722.5,1200
2722.6,1200
2722.7,1200
2722.8,1200
2722.9,1200
2723,1200
2723.1,1200
2723.2,1200
2723.3,1200
2723.4,1200
2723.5,1200
2723.6,1200
2723.7,1200
2723.8,1200
2723.9,1200
2724,1200
2724.1,1200
2724.2,1200
2724.3,1200
2724.4,1200
2724.5,1200
2724.6,1200
2724.7,1200
2724.8,1200
2724.9,1200
2725,1200
2725.1,1200
2725.2,1200
2725.3,1200
2725.4,1200
2725.5,1200
2725.6,1200
2725.7,1200
2725.8,1200
2725.9,1200
2726,1200
2726.1,1200
2726.2,1200
2726.3,1200
2726.4,1200
2726.5,1200
2726.6,1200
2726.7,1200
2726.8,1200
2726.9,1200
2727,1200
2727.1,1200
2727.2,1200
2727.3,1200
2727.4,1200
2727.5,1200
2727.6,1200
2727.7,1200
2727.8,1200
2727.9,1200
2728,1200
2728.1,1200
2728.2,1200
2728.3,1200
2728.4,1200
2728.5,1200
2728.6,1200
2728.7,1200
2728.8,1200
2728.9,1200
2729,1200
2729.1,1200
2729.2,1200
2729.3,1200
2729.4,1200
2729.5,1200
2729.6,1200
2729.7,1200
2729.8,1200
2729.9,1200
2730,1200
2730.1,1200
2730.2,1200
2730.3,1200
2730.4,1200
2730.5,1200
2730.6,1200
2730.7,1200
2730.8,1200
2730.9,1200
2731,1200
2731.1,1200
2731.2,1200
2731.3,1200
2731.4,1200
2731.5,1200
2731.6,1200
2731.7,1200
2731.8,1200
2731.9,1200
2732,1200
2732.1,1200
2732.2,1200
2732.3,1200
2732.4,1200
2732.5,1200
2732.6,1200
2732.7,1200
2732.8,1200
2732.9,1200
2733,1200
2733.1,1200
2733.2,1200
2733.3,1200
2733.4,1200
2733.5,1200
2733.6,1200
2733.7,1200
2733.8,1200
2733.9,1200
2734,1200
2734.1,1200
2734.2,1200
2734.3,1200
2734.4,1200
2734.5,1200
2734.6,1200
2734.7,1200
2734.8,1200
2734.9,1200
2735,1200
2735.1,1200
2735.2,1200
2735.3,1200
2735.4,1200
2735.5,1200
2735.6,1200
2735.7,1200
2735.8,1200
2735.9,1200
2736,1200
2736.1,1200
2736.2,1200
2736.3,1200
2736.4,1200
2736.5,1200
2736.6,1200
2736.7,1200
2736.8,1200
2736.9,1200
2737,1200
2737.1,1200
2737.2,1200
2737.3,1200
2737.4,1200
2737.5,1200
2737.6,1200
2737.7,1200
2737.8,1200
2737.9,1200
2738,1200
2738.1,1200
2738.2,1200
2738.3,1200
2738.4,1200
2738.5,1200
2738.6,1200
2738.7,1200
2738.8,1200
2738.9,1200
2739,1200
2739.1,1200
2739.2,1200
2739.3,1200
2739.4,1200
2739.5,1200
2739.6,1200
2739.7,1200
2739.8,1200
2739.9,1200
2740,1200
2740.1,1200
2740.2,1200
2740.3,1200
2740.4,1200
2740.5,1200
2740.6,1200
2740.7,1200
2740.8,1200
2740.9,1200
2741,1200
2741.1,1200
2741.2,1200
2741.3,1200
2741.4,1200
2741.5,1200
2741.6,1200
2741.7,1200
2741.8,1200
2741.9,1200
2742,1200
2742.1,1200
2742.2,1200
2742.3,1200
2742.4,1200
2742.5,1200
2742.6,1200
2742.7,1200
2742.8,1200
2742.9,1200
2743,1200
2743.1,1200
2743.2,1200
2743.3,1200
2743.4,1200
2743.5,1200
2743.6,1200
2743.7,1200
2743.8,1200
2743.9,1200
2744,1200
2744.1,1200
2744.2,1200
2744.3,1200
2744.4,1200
2744.5,1200
2744.6,1200
2744.7,1200
2744.8,1200
2744.9,1200
2745,1200
2745.1,1200
2745.2,1200
2745.3,1200
2745.4,1200
2745.5,1200
2745.6,1200
2745.7,1200
2745.8,1200
2745.9,1200
2746,1200
2746.1,1200
2746.2,1200
2746.3,1200
2746.4,1200
2746.5,1200
2746.6,1200
2746.7,1200
2746.8,1200
2746.9,1200
2747,1200
2747.1,1200
2747.2,1200
2747.3,1200
2747.4,1200
2747.5,1200
2747.6,1200
2747.7,1200
2747.8,1200
2747.9,1200
2748,1200
2748.1,1200
2748.2,1200
2748.3,1200
2748.4,1200
2748.5,1200
2748.6,1200
2748.7,1200
2748.8,1200
2748.9,1200
2749,1200
2749.1,1200
2749.2,1200
2749.3,1200
2749.4,1200
2749.5,1200
2749.6,1200
2749.7,1200
2749.8,1200
2749.9,1200
2750,1200
2750.1,1200
2750.2,1200
2750.3,1200
2750.4,1200
2750.5,1200
2750.6,1200
2750.7,1200
2750.8,1200
2750.9,1200
2751,1200
2751.1,1200
2751.2,1200
2751.3,1200
2751.4,1200
2751.5,1200
2751.6,1200
2751.7,1200
2751.8,1200
2751.9,1200
2752,1200
2752.1,1200
2752.2,1200
2752.3,1200
2752.4,1200
2752.5,1200
2752.6,1200
2752.7,1200
2752.8,1200
2752.9,1200
2753,1200
2753.1,1200
2753.2,1200
2753.3,1200
2753.4,1200
2753.5,1200
2753.6,1200
2753.7,1200
2753.8,1200
2753.9,1200
2754,1200
2754.1,1200
2754.2,1200
2754.3,1200
2754.4,1200
2754.5,1200
2754.6,1200
2754.7,1200
2754.8,1200
2754.9,1200
2755,1200
2755.1,1200
2755.2,1200
2755.3,1200
2755.4,1200
2755.5,1200
2755.6,1200
2755.7,1200
2755.8,1200
2755.9,1200
2756,1200
2756.1,1200
2756.2,1200
2756.3,1200
2756.4,1200
2756.5,1200
2756.6,1200
2756.7,1200
2756.8,1200
2756.9,1200
2757,1200
2757.1,1200
2757.2,1200
2757.3,1200
2757.4,1200
2757.5,1200
2757.6,1200
2757.7,1200
2757.8,1200
2757.9,1200
2758,1200
2758.1,1200
2758.2,1200
2758.3,1200
2758.4,1200
2758.5,1200
2758.6,1200
2758.7,1200
2758.8,1200
2758.9,1200
2759,1200
2759.1,1200
2759.2,1200
2759.3,1200
2759.4,1200
2759.5,1200
2759.6,1200
2759.7,1200
2759.8,1200
2759.9,1200
2760,1200
2760.1,1200
2760.2,1200
2760.3,1200
2760.4,1200
2760.5,1200
2760.6,1200
2760.7,1200
2760.8,1200
2760.9,1200
2761,1200
2761.1,1200
2761.2,1200
2761.3,1200
2761.4,1200
2761.5,1200
2761.6,1200
2761.7,1200
2761.8,1200
2761.9,1200
2762,1200
2762.1,1200
2762.2,1200
2762.3,1200
2762.4,1200
2762.5,1200
2762.6,1200
2762.7,1200
2762.8,1200
2762.9,1200
2763,1200
2763.1,1200
2763.2,1200
2763.3,1200
2763.4,1200
2763.5,1200
2763.6,1200
2763.7,1200
2763.8,1200
2763.9,1200
2764,1200
2764.1,1200
2764.2,1200
2764.3,1200
2764.4,1200
2764.5,1200
2764.6,1200
2764.7,1200
2764.8,1200
2764.9,1200
2765,1200
2765.1,1200
2765.2,1200
2765.3,1200
2765.4,1200
2765.5,1200
2765.6,1200
2765.7,1200
2765.8,1200
2765.9,1200
2766,1200
2766.1,1200
2766.2,1200
2766.3,1200
2766.4,1200
2766.5,1200
2766.6,1200
2766.7,1200
2766.8,1200
2766.9,1200
2767,1200
2767.1,1200
2767.2,1200
2767.3,1200
2767.4,1200
2767.5,1200
2767.6,1200
2767.7,1200
2767.8,1200
2767.9,1200
2768,1200
2768.1,1200
2768.2,1200
2768.3,1200
2768.4,1200
2768.5,1200
2768.6,1200
2768.7,1200
2768.8,1200
2768.9,1200
2769,1200
2769.1,1200
2769.2,1200
2769.3,1200
2769.4,1200
2769.5,1200
2769.6,1200
2769.7,1200
2769.8,1200
2769.9,1200
2770,1200
2770.1,1200
2770.2,1200
2770.3,1200
2770.4,1200
2770.5,1200
2770.6,1200
2770.7,1200
2770.8,1200
2770.9,1200
2771,1200
2771.1,1200
2771.2,1200
2771.3,1200
2771.4,1200
2771.5,1200
2771.6,1200
2771.7,1200
2771.8,1200
2771.9,1200
2772,1200
2772.1,1200
2772.2,1200
2772.3,1200
2772.4,1200
2772.5,1200
2772.6,1200
2772.7,1200
2772.8,1200
2772.9,1200
2773,1200
2773.1,1200
2773.2,1200
2773.3,1200
2773.4,1200
2773.5,1200
2773.6,1200
2773.7,1200
2773.8,1200
2773.9,1200
2774,1200
2774.1,1200
2774.2,1200
2774.3,1200
2774.4,1200
2774.5,1200
2774.6,1200
2774.7,1200
2774.8,1200
2774.9,1200
2775,1200
2775.1,1200
2775.2,1200
2775.3,1200
2775.4,1200
2775.5,1200
2775.6,1200
2775.7,1200
2775.8,1200
2775.9,1200
2776,1200
2776.1,1200
2776.2,1200
2776.3,1200
2776.4,1200
2776.5,1200
2776.6,1200
2776.7,1200
2776.8,1200
2776.9,1200
2777,1200
2777.1,1200
2777.2,1200
2777.3,1200
2777.4,1200
2777.5,1200
2777.6,1200
2777.7,1200
2777.8,1200
2777.9,1200
2778,1200
2778.1,1200
2778.2,1200
2778.3,1200
2778.4,1200
2778.5,1200
2778.6,1200
2778.7,1200
2778.8,1200
2778.9,1200
2779,1200
2779.1,1200
2779.2,1200
2779.3,1200
2779.4,1200
2779.5,1200
2779.6,1200
2779.7,1200
2779.8,1200
2779.9,1200
2780,1200
2780.1,1200
2780.2,1200
2780.3,1200
2780.4,1200
2780.5,1200
2780.6,1200
2780.7,1200
2780.8,1200
2780.9,1200
2781,1200
2781.1,1200
2781.2,1200
2781.3,1200
2781.4,1200
2781.5,1200
2781.6,1200
2781.7,1200
2781.8,1200
2781.9,1200
2782,1200
2782.1,1200
2782.2,1200
2782.3,1200
2782.4,1200
2782.5,1200
2782.6,1200
2782.7,1200
2782.8,1200
2782.9,1200
2783,1200
2783.1,1200
2783.2,1200
2783.3,1200
2783.4,1200
2783.5,1200
2783.6,1200
2783.7,1200
2783.8,1200
2783.9,1200
2784,1200
2784.1,1200
2784.2,1200
2784.3,1200
2784.4,1200
2784.5,1200
2784.6,1200
2784.7,1200
2784.8,1200
2784.9,1200
2785,1200
2785.1,1200
2785.2,1200
2785.3,1200
2785.4,1200
2785.5,1200
2785.6,1200
2785.7,1200
2785.8,1200
2785.9,1200
2786,1200
2786.1,1200
2786.2,1200
2786.3,1200
2786.4,1200
2786.5,1200
2786.6,1200
2786.7,1200
2786.8,1200
2786.9,1200
2787,1200
2787.1,1200
2787.2,1200
2787.3,1200
2787.4,1200
2787.5,1200
2787.6,1200
2787.7,1200
2787.8,1200
2787.9,1200
2788,1200
2788.1,1200
2788.2,1200
2788.3,1200
2788.4,1200
2788.5,1200
2788.6,1200
2788.7,1200
2788.8,1200
2788.9,1200
2789,1200
2789.1,1200
2789.2,1200
2789.3,1200
2789.4,1200
2789.5,1200
2789.6,1200
2789.7,1200
2789.8,1200
2789.9,1200
2790,1200
2790.1,1200
2790.2,1200
2790.3,1200
2790.4,1200
2790.5,1200
2790.6,1200
2790.7,1200
2790.8,1200
2790.9,1200
2791,1200
2791.1,1200
2791.2,1200
2791.3,1200
2791.4,1200
2791.5,1200
2791.6,1200
2791.7,1200
2791.8,1200
2791.9,1200
2792,1200
2792.1,1200
2792.2,1200
2792.3,1200
2792.4,1200
2792.5,1200
2792.6,1200
2792.7,1200
2792.8,1200
2792.9,1200
2793,1200
2793.1,1200
2793.2,1200
2793.3,1200
2793.4,1200
2793.5,1200
2793.6,1200
2793.7,1200
2793.8,1200
2793.9,1200
2794,1200
2794.1,1200
2794.2,1200
2794.3,1200
2794.4,1200
2794.5,1200
2794.6,1200
2794.7,1200
2794.8,1200
2794.9,1200
2795,1200
2795.1,1200
2795.2,1200
2795.3,1200
2795.4,1200
2795.5,1200
2795.6,1200
2795.7,1200
2795.8,1200
2795.9,1200
2796,1200
2796.1,1200
2796.2,1200
2796.3,1200
2796.4,1200
2796.5,1200
2796.6,1200
2796.7,1200
2796.8,1200
2796.9,1200
2797,1200
2797.1,1200
2797.2,1200
2797.3,1200
2797.4,1200
2797.5,1200
2797.6,1200
2797.7,1200
2797.8,1200
2797.9,1200
2798,1200
2798.1,1200
2798.2,1200
2798.3,1200
2798.4,1200
2798.5,1200
2798.6,1200
2798.7,1200
2798.8,1200
2798.9,1200
2799,1200
2799.1,1200
2799.2,1200
2799.3,1200
2799.4,1200
2799.5,1200
2799.6,1200
2799.7,1200
2799.8,1200
2799.9,1200
2800,1200
2800.1,1200
2800.2,1200
2800.3,1200
2800.4,1200
2800.5,1200
2800.6,1200
2800.7,1200
2800.8,1200
2800.9,1200
2801,1200
2801.1,1200
2801.2,1200
2801.3,1200
2801.4,1200
2801.5,1200
2801.6,1200
2801.7,1200
2801.8,1200
2801.9,1200
2802,1200
2802.1,1200
2802.2,1200
2802.3,1200
2802.4,1200
2802.5,1200
2802.6,1200
2802.7,1200
2802.8,1200
2802.9,1200
2803,1200
2803.1,1200
2803.2,1200
2803.3,1200
2803.4,1200
2803.5,1200
2803.6,1200
2803.7,1200
2803.8,1200
2803.9,1200
2804,1200
2804.1,1200
2804.2,1200
2804.3,1200
2804.4,1200
2804.5,1200
2804.6,1200
2804.7,1200
2804.8,1200
2804.9,1200
2805,1200
2805.1,1200
2805.2,1200
2805.3,1200
2805.4,1200
2805.5,1200
2805.6,1200
2805.7,1200
2805.8,1200
2805.9,1200
2806,1200
2806.1,1200
2806.2,1200
2806.3,1200
2806.4,1200
2806.5,1200
2806.6,1200
2806.7,1200
2806.8,1200
2806.9,1200
2807,1200
2807.1,1200
2807.2,1200
2807.3,1200
2807.4,1200
2807.5,1200
2807.6,1200
2807.7,1200
2807.8,1200
2807.9,1200
2808,1200
2808.1,1200
2808.2,1200
2808.3,1200
2808.4,1200
2808.5,1200
2808.6,1200
2808.7,1200
2808.8,1200
2808.9,1200
2809,1200
2809.1,1200
2809.2,1200
2809.3,1200
2809.4,1200
2809.5,1200
2809.6,1200
2809.7,1200
2809.8,1200
2809.9,1200
2810,1200
2810.1,1200
2810.2,1200
2810.3,1200
2810.4,1200
2810.5,1200
2810.6,1200
2810.7,1200
2810.8,1200
2810.9,1200
2811,1200
2811.1,1200
2811.2,1200
2811.3,1200
2811.4,1200
2811.5,1200
2811.6,1200
2811.7,1200
2811.8,1200
2811.9,1200
2812,1200
2812.1,1200
2812.2,1200
2812.3,1200
2812.4,1200
2812.5,1200
2812.6,1200
2812.7,1200
2812.8,1200
2812.9,1200
2813,1200
2813.1,1200
2813.2,1200
2813.3,1200
2813.4,1200
2813.5,1200
2813.6,1200
2813.7,1200
2813.8,1200
2813.9,1200
2814,1200
2814.1,1200
2814.2,1200
2814.3,1200
2814.4,1200
2814.5,1200
2814.6,1200
2814.7,1200
2814.8,1200
2814.9,1200
2815,1200
2815.1,1200
2815.2,1200
2815.3,1200
2815.4,1200
2815.5,1200
2815.6,1200
2815.7,1200
2815.8,1200
2815.9,1200
2816,1200
2816.1,1200
2816.2,1200
2816.3,1200
2816.4,1200
2816.5,1200
2816.6,1200
2816.7,1200
2816.8,1200
2816.9,1200
2817,1200
2817.1,1200
2817.2,1200
2817.3,1200
2817.4,1200
2817.5,1200
2817.6,1200
2817.7,1200
2817.8,1200
2817.9,1200
2818,1200
2818.1,1200
2818.2,1200
2818.3,1200
2818.4,1200
2818.5,1200
2818.6,1200
2818.7,1200
2818.8,1200
2818.9,1200
2819,1200
2819.1,1200
2819.2,1200
2819.3,1200
2819.4,1200
2819.5,1200
2819.6,1200
2819.7,1200
2819.8,1200
2819.9,1200
2820,1200
2820.1,1200
2820.2,1200
2820.3,1200
2820.4,1200
2820.5,1200
2820.6,1200
2820.7,1200
2820.8,1200
2820.9,1200
2821,1200
2821.1,1200
2821.2,1200
2821.3,1200
2821.4,1200
2821.5,1200
2821.6,1200
2821.7,1200
2821.8,1200
2821.9,1200
2822,1200
2822.1,1200
2822.2,1200
2822.3,1200
2822.4,1200
2822.5,1200
2822.6,1200
2822.7,1200
2822.8,1200
2822.9,1200
2823,1200
2823.1,1200
2823.2,1200
2823.3,1200
2823.4,1200
2823.5,1200
2823.6,1200
2823.7,1200
2823.8,1200
2823.9,1200
2824,1200
2824.1,1200
2824.2,1200
2824.3,1200
2824.4,1200
2824.5,1200
2824.6,1200
2824.7,1200
2824.8,1200
2824.9,1200
2825,1200
2825.1,1200
2825.2,1200
2825.3,1200
2825.4,1200
2825.5,1200
2825.6,1200
2825.7,1200
2825.8,1200
2825.9,1200
2826,1200
2826.1,1200
2826.2,1200
2826.3,1200
2826.4,1200
2826.5,1200
2826.6,1200
2826.7,1200
2826.8,1200
2826.9,1200
2827,1200
2827.1,1200
2827.2,1200
2827.3,1200
2827.4,1200
2827.5,1200
2827.6,1200
2827.7,1200
2827.8,1200
2827.9,1200
2828,1200
2828.1,1200
2828.2,1200
2828.3,1200
2828.4,1200
2828.5,1200
2828.6,1200
2828.7,1200
2828.8,1200
2828.9,1200
2829,1200
2829.1,1200
2829.2,1200
2829.3,1200
2829.4,1200
2829.5,1200
2829.6,1200
2829.7,1200
2829.8,1200
2829.9,1200
2830,1200
2830.1,1200
2830.2,1200
2830.3,1200
2830.4,1200
2830.5,1200
2830.6,1200
2830.7,1200
2830.8,1200
2830.9,1200
2831,1200
2831.1,1200
2831.2,1200
2831.3,1200
2831.4,1200
2831.5,1200
2831.6,1200
2831.7,1200
2831.8,1200
2831.9,1200
2832,1200
2832.1,1200
2832.2,1200
2832.3,1200
2832.4,1200
2832.5,1200
2832.6,1200
2832.7,1200
2832.8,1200
2832.9,1200
2833,1200
2833.1,1200
2833.2,1200
2833.3,1200
2833.4,1200
2833.5,1200
2833.6,1200
2833.7,1200
2833.8,1200
2833.9,1200
2834,1200
2834.1,1200
2834.2,1200
2834.3,1200
2834.4,1200
2834.5,1200
2834.6,1200
2834.7,1200
2834.8,1200
2834.9,1200
2835,1200
2835.1,1200
2835.2,1200
2835.3,1200
2835.4,1200
2835.5,1200
2835.6,1200
2835.7,1200
2835.8,1200
2835.9,1200
2836,1200
2836.1,1200
2836.2,1200
2836.3,1200
2836.4,1200
2836.5,1200
2836.6,1200
2836.7,1200
2836.8,1200
2836.9,1200
2837,1200
2837.1,1200
2837.2,1200
2837.3,1200
2837.4,1200
2837.5,1200
2837.6,1200
2837.7,1200
2837.8,1200
2837.9,1200
2838,1200
2838.1,1200
2838.2,1200
2838.3,1200
2838.4,1200
2838.5,1200
2838.6,1200
2838.7,1200
2838.8,1200
2838.9,1200
2839,1200
2839.1,1200
2839.2,1200
2839.3,1200
2839.4,1200
2839.5,1200
2839.6,1200
2839.7,1200
2839.8,1200
2839.9,1200
2840,1200
2840.1,1200
2840.2,1200
2840.3,1200
2840.4,1200
2840.5,1200
2840.6,1200
2840.7,1200
2840.8,1200
2840.9,1200
2841,1200
2841.1,1200
2841.2,1200
2841.3,1200
2841.4,1200
2841.5,1200
2841.6,1200
2841.7,1200
2841.8,1200
2841.9,1200
2842,1200
2842.1,1200
2842.2,1200
2842.3,1200
2842.4,1200
2842.5,1200
2842.6,1200
2842.7,1200
2842.8,1200
2842.9,1200
2843,1200
2843.1,1200
2843.2,1200
2843.3,1200
2843.4,1200
2843.5,1200
2843.6,1200
2843.7,1200
2843.8,1200
2843.9,1200
2844,1200
2844.1,1200
2844.2,1200
2844.3,1200
2844.4,1200
2844.5,1200
2844.6,1200
2844.7,1200
2844.8,1200
2844.9,1200
2845,1200
2845.1,1200
2845.2,1200
2845.3,1200
2845.4,1200
2845.5,1200
2845.6,1200
2845.7,1200
2845.8,1200
2845.9,1200
2846,1200
2846.1,1200
2846.2,1200
2846.3,1200
2846.4,1200
2846.5,1200
2846.6,1200
2846.7,1200
2846.8,1200
2846.9,1200
2847,1200
2847.1,1200
2847.2,1200
2847.3,1200
2847.4,1200
2847.5,1200
2847.6,1200
2847.7,1200
2847.8,1200
2847.9,1200
2848,1200
2848.1,1200
2848.2,1200
2848.3,1200
2848.4,1200
2848.5,1200
2848.6,1200
2848.7,1200
2848.8,1200
2848.9,1200
2849,1200
2849.1,1200
2849.2,1200
2849.3,1200
2849.4,1200
2849.5,1200
2849.6,1200
2849.7,1200
2849.8,1200
2849.9,1200
2850,1200
2850.1,1200
2850.2,1200
2850.3,1200
2850.4,1200
2850.5,1200
2850.6,1200
2850.7,1200
2850.8,1200
2850.9,1200
2851,1200
2851.1,1200
2851.2,1200
2851.3,1200
2851.4,1200
2851.5,1200
2851.6,1200
2851.7,1200
2851.8,1200
2851.9,1200
2852,1200
2852.1,1200
2852.2,1200
2852.3,1200
2852.4,1200
2852.5,1200
2852.6,1200
2852.7,1200
2852.8,1200
2852.9,1200
2853,1200
2853.1,1200
2853.2,1200
2853.3,1200
2853.4,1200
2853.5,1200
2853.6,1200
2853.7,1200
2853.8,1200
2853.9,1200
2854,1200
2854.1,1200
2854.2,1200
2854.3,1200
2854.4,1200
2854.5,1200
2854.6,1200
2854.7,1200
2854.8,1200
2854.9,1200
2855,1200
2855.1,1200
2855.2,1200
2855.3,1200
2855.4,1200
2855.5,1200
2855.6,1200
2855.7,1200
2855.8,1200
2855.9,1200
2856,1200
2856.1,1200
2856.2,1200
2856.3,1200
2856.4,1200
2856.5,1200
2856.6,1200
2856.7,1200
2856.8,1200
2856.9,1200
2857,1200
2857.1,1200
2857.2,1200
2857.3,1200
2857.4,1200
2857.5,1200
2857.6,1200
2857.7,1200
2857.8,1200
2857.9,1200
2858,1200
2858.1,1200
2858.2,1200
2858.3,1200
2858.4,1200
2858.5,1200
2858.6,1200
2858.7,1200
2858.8,1200
2858.9,1200
2859,1200
2859.1,1200
2859.2,1200
2859.3,1200
2859.4,1200
2859.5,1200
2859.6,1200
2859.7,1200
2859.8,1200
2859.9,1200
2860,1200
2860.1,1200
2860.2,1200
2860.3,1200
2860.4,1200
2860.5,1200
2860.6,1200
2860.7,1200
2860.8,1200
2860.9,1200
2861,1200
2861.1,1200
2861.2,1200
2861.3,1200
2861.4,1200
2861.5,1200
2861.6,1200
2861.7,1200
2861.8,1200
2861.9,1200
2862,1200
2862.1,1200
2862.2,1200
2862.3,1200
2862.4,1200
2862.5,1200
2862.6,1200
2862.7,1200
2862.8,1200
2862.9,1200
2863,1200
2863.1,1200
2863.2,1200
2863.3,1200
2863.4,1200
2863.5,1200
2863.6,1200
2863.7,1200
2863.8,1200
2863.9,1200
2864,1200
2864.1,1200
2864.2,1200
2864.3,1200
2864.4,1200
2864.5,1200
2864.6,1200
2864.7,1200
2864.8,1200
2864.9,1200
2865,1200
2865.1,1200
2865.2,1200
2865.3,1200
2865.4,1200
2865.5,1200
2865.6,1200
2865.7,1200
2865.8,1200
2865.9,1200
2866,1200
2866.1,1200
2866.2,1200
2866.3,1200
2866.4,1200
2866.5,1200
2866.6,1200
2866.7,1200
2866.8,1200
2866.9,1200
2867,1200
2867.1,1200
2867.2,1200
2867.3,1200
2867.4,1200
2867.5,1200
2867.6,1200
2867.7,1200
2867.8,1200
2867.9,1200
2868,1200
2868.1,1200
2868.2,1200
2868.3,1200
2868.4,1200
2868.5,1200
2868.6,1200
2868.7,1200
2868.8,1200
2868.9,1200
2869,1200
2869.1,1200
2869.2,1200
2869.3,1200
2869.4,1200
2869.5,1200
2869.6,1200
2869.7,1200
2869.8,1200
2869.9,1200
2870,1200
2870.1,1200
2870.2,1200
2870.3,1200
2870.4,1200
2870.5,1200
2870.6,1200
2870.7,1200
2870.8,1200
2870.9,1200
2871,1200
2871.1,1200
2871.2,1200
2871.3,1200
2871.4,1200
2871.5,1200
2871.6,1200
2871.7,1200
2871.8,1200
2871.9,1200
2872,1200
2872.1,1200
2872.2,1200
2872.3,1200
2872.4,1200
2872.5,1200
2872.6,1200
2872.7,1200
2872.8,1200
2872.9,1200
2873,1200
2873.1,1200
2873.2,1200
2873.3,1200
2873.4,1200
2873.5,1200
2873.6,1200
2873.7,1200
2873.8,1200
2873.9,1200
2874,1200
2874.1,1200
2874.2,1200
2874.3,1200
2874.4,1200
2874.5,1200
2874.6,1200
2874.7,1200
2874.8,1200
2874.9,1200
2875,1200
2875.1,1200
2875.2,1200
2875.3,1200
2875.4,1200
2875.5,1200
2875.6,1200
2875.7,1200
2875.8,1200
2875.9,1200
2876,1200
2876.1,1200
2876.2,1200
2876.3,1200
2876.4,1200
2876.5,1200
2876.6,1200
2876.7,1200
2876.8,1200
2876.9,1200
2877,1200
2877.1,1200
2877.2,1200
2877.3,1200
2877.4,1200
2877.5,1200
2877.6,1200
2877.7,1200
2877.8,1200
2877.9,1200
2878,1200
2878.1,1200
2878.2,1200
2878.3,1200
2878.4,1200
2878.5,1200
2878.6,1200
2878.7,1200
2878.8,1200
2878.9,1200
2879,1200
2879.1,1200
2879.2,1200
2879.3,1200
2879.4,1200
2879.5,1200
2879.6,1200
2879.7,1200
2879.8,1200
2879.9,1200
2880,1200
2880.1,1200
2880.2,1200
2880.3,1200
2880.4,1200
2880.5,1200
2880.6,1200
2880.7,1200
2880.8,1200
2880.9,1200
2881,1200
2881.1,1200
2881.2,1200
2881.3,1200
2881.4,1200
2881.5,1200
2881.6,1200
2881.7,1200
2881.8,1200
2881.9,1200
2882,1200
2882.1,1200
2882.2,1200
2882.3,1200
2882.4,1200
2882.5,1200
2882.6,1200
2882.7,1200
2882.8,1200
2882.9,1200
2883,1200
2883.1,1200
2883.2,1200
2883.3,1200
2883.4,1200
2883.5,1200
2883.6,1200
2883.7,1200
2883.8,1200
2883.9,1200
2884,1200
2884.1,1200
2884.2,1200
2884.3,1200
2884.4,1200
2884.5,1200
2884.6,1200
2884.7,1200
2884.8,1200
2884.9,1200
2885,1200
2885.1,1200
2885.2,1200
2885.3,1200
2885.4,1200
2885.5,1200
2885.6,1200
2885.7,1200
2885.8,1200
2885.9,1200
2886,1200
2886.1,1200
2886.2,1200
2886.3,1200
2886.4,1200
2886.5,1200
2886.6,1200
2886.7,1200
2886.8,1200
2886.9,1200
2887,1200
2887.1,1200
2887.2,1200
2887.3,1200
2887.4,1200
2887.5,1200
2887.6,1200
2887.7,1200
2887.8,1200
2887.9,1200
2888,1200
2888.1,1200
2888.2,1200
2888.3,1200
2888.4,1200
2888.5,1200
2888.6,1200
2888.7,1200
2888.8,1200
2888.9,1200
2889,1200
2889.1,1200
2889.2,1200
2889.3,1200
2889.4,1200
2889.5,1200
2889.6,1200
2889.7,1200
2889.8,1200
2889.9,1200
2890,1200
2890.1,1200
2890.2,1200
2890.3,1200
2890.4,1200
2890.5,1200
2890.6,1200
2890.7,1200
2890.8,1200
2890.9,1200
2891,1200
2891.1,1200
2891.2,1200
2891.3,1200
2891.4,1200
2891.5,1200
2891.6,1200
2891.7,1200
2891.8,1200
2891.9,1200
2892,1200
2892.1,1200
2892.2,1200
2892.3,1200
2892.4,1200
2892.5,1200
2892.6,1200
2892.7,1200
2892.8,1200
2892.9,1200
2893,1200
2893.1,1200
2893.2,1200
2893.3,1200
2893.4,1200
2893.5,1200
2893.6,1200
2893.7,1200
2893.8,1200
2893.9,1200
2894,1200
2894.1,1200
2894.2,1200
2894.3,1200
2894.4,1200
2894.5,1200
2894.6,1200
2894.7,1200
2894.8,1200
2894.9,1200
2895,1200
2895.1,1200
2895.2,1200
2895.3,1200
2895.4,1200
2895.5,1200
2895.6,1200
2895.7,1200
2895.8,1200
2895.9,1200
2896,1200
2896.1,1200
2896.2,1200
2896.3,1200
2896.4,1200
2896.5,1200
2896.6,1200
2896.7,1200
2896.8,1200
2896.9,1200
2897,1200
2897.1,1200
2897.2,1200
2897.3,1200
2897.4,1200
2897.5,1200
2897.6,1200
2897.7,1200
2897.8,1200
2897.9,1200
2898,1200
2898.1,1200
2898.2,1200
2898.3,1200
2898.4,1200
2898.5,1200
2898.6,1200
2898.7,1200
2898.8,1200
2898.9,1200
2899,1200
2899.1,1200
2899.2,1200
2899.3,1200
2899.4,1200
2899.5,1200
2899.6,1200
2899.7,1200
2899.8,1200
2899.9,1200
2900,1200
2900.1,1200
2900.2,1200
2900.3,1200
2900.4,1200
2900.5,1200
2900.6,1200
2900.7,1200
2900.8,1200
2900.9,1200
2901,1200
2901.1,1200
2901.2,1200
2901.3,1200
2901.4,1200
2901.5,1200
2901.6,1200
2901.7,1200
2901.8,1200
2901.9,1200
2902,1200
2902.1,1200
2902.2,1200
2902.3,1200
2902.4,1200
2902.5,1200
2902.6,1200
2902.7,1200
2902.8,1200
2902.9,1200
2903,1200
2903.1,1200
2903.2,1200
2903.3,1200
2903.4,1200
2903.5,1200
2903.6,1200
2903.7,1200
2903.8,1200
2903.9,1200
2904,1200
2904.1,1200
2904.2,1200
2904.3,1200
2904.4,1200
2904.5,1200
2904.6,1200
2904.7,1200
2904.8,1200
2904.9,1200
2905,1200
2905.1,1200
2905.2,1200
2905.3,1200
2905.4,1200
2905.5,1200
2905.6,1200
2905.7,1200
2905.8,1200
2905.9,1200
2906,1200
2906.1,1200
2906.2,1200
2906.3,1200
2906.4,1200
2906.5,1200
2906.6,1200
2906.7,1200
2906.8,1200
2906.9,1200
2907,1200
2907.1,1200
2907.2,1200
2907.3,1200
2907.4,1200
2907.5,1200
2907.6,1200
2907.7,1200
2907.8,1200
2907.9,1200
2908,1200
2908.1,1200
2908.2,1200
2908.3,1200
2908.4,1200
2908.5,1200
2908.6,1200
2908.7,1200
2908.8,1200
2908.9,1200
2909,1200
2909.1,1200
2909.2,1200
2909.3,1200
2909.4,1200
2909.5,1200
2909.6,1200
2909.7,1200
2909.8,1200
2909.9,1200
2910,1200
2910.1,1200
2910.2,1200
2910.3,1200
2910.4,1200
2910.5,1200
2910.6,1200
2910.7,1200
2910.8,1200
2910.9,1200
2911,1200
2911.1,1200
2911.2,1200
2911.3,1200
2911.4,1200
2911.5,1200
2911.6,1200
2911.7,1200
2911.8,1200
2911.9,1200
2912,1200
2912.1,1200
2912.2,1200
2912.3,1200
2912.4,1200
2912.5,1200
2912.6,1200
2912.7,1200
2912.8,1200
2912.9,1200
2913,1200
2913.1,1200
2913.2,1200
2913.3,1200
2913.4,1200
2913.5,1200
2913.6,1200
2913.7,1200
2913.8,1200
2913.9,1200
2914,1200
2914.1,1200
2914.2,1200
2914.3,1200
2914.4,1200
2914.5,1200
2914.6,1200
2914.7,1200
2914.8,1200
2914.9,1200
2915,1200
2915.1,1200
2915.2,1200
2915.3,1200
2915.4,1200
2915.5,1200
2915.6,1200
2915.7,1200
2915.8,1200
2915.9,1200
2916,1200
2916.1,1200
2916.2,1200
2916.3,1200
2916.4,1200
2916.5,1200
2916.6,1200
2916.7,1200
2916.8,1200
2916.9,1200
2917,1200
2917.1,1200
2917.2,1200
2917.3,1200
2917.4,1200
2917.5,1200
2917.6,1200
2917.7,1200
2917.8,1200
2917.9,1200
2918,1200
2918.1,1200
2918.2,1200
2918.3,1200
2918.4,1200
2918.5,1200
2918.6,1200
2918.7,1200
2918.8,1200
2918.9,1200
2919,1200
2919.1,1200
2919.2,1200
2919.3,1200
2919.4,1200
2919.5,1200
2919.6,1200
2919.7,1200
2919.8,1200
2919.9,1200
2920,1200
2920.1,1200
2920.2,1200
2920.3,1200
2920.4,1200
2920.5,1200
2920.6,1200
2920.7,1200
2920.8,1200
2920.9,1200
2921,1200
2921.1,1200
2921.2,1200
2921.3,1200
2921.4,1200
2921.5,1200
2921.6,1200
2921.7,1200
2921.8,1200
2921.9,1200
2922,1200
2922.1,1200
2922.2,1200
2922.3,1200
2922.4,1200
2922.5,1200
2922.6,1200
2922.7,1200
2922.8,1200
2922.9,1200
2923,1200
2923.1,1200
2923.2,1200
2923.3,1200
2923.4,1200
2923.5,1200
2923.6,1200
2923.7,1200
2923.8,1200
2923.9,1200
2924,1200
2924.1,1200
2924.2,1200
2924.3,1200
2924.4,1200
2924.5,1200
2924.6,1200
2924.7,1200
2924.8,1200
2924.9,1200
2925,1200
2925.1,1200
2925.2,1200
2925.3,1200
2925.4,1200
2925.5,1200
2925.6,1200
2925.7,1200
2925.8,1200
2925.9,1200
2926,1200
2926.1,1200
2926.2,1200
2926.3,1200
2926.4,1200
2926.5,1200
2926.6,1200
2926.7,1200
2926.8,1200
2926.9,1200
2927,1200
2927.1,1200
2927.2,1200
2927.3,1200
2927.4,1200
2927.5,1200
2927.6,1200
2927.7,1200
2927.8,1200
2927.9,1200
2928,1200
2928.1,1200
2928.2,1200
2928.3,1200
2928.4,1200
2928.5,1200
2928.6,1200
2928.7,1200
2928.8,1200
2928.9,1200
2929,1200
2929.1,1200
2929.2,1200
2929.3,1200
2929.4,1200
2929.5,1200
2929.6,1200
2929.7,1200
2929.8,1200
2929.9,1200
2930,1200
2930.1,1200
2930.2,1200
2930.3,1200
2930.4,1200
2930.5,1200
2930.6,1200
2930.7,1200
2930.8,1200
2930.9,1200
2931,1200
2931.1,1200
2931.2,1200
2931.3,1200
2931.4,1200
2931.5,1200
2931.6,1200
2931.7,1200
2931.8,1200
2931.9,1200
2932,1200
2932.1,1200
2932.2,1200
2932.3,1200
2932.4,1200
2932.5,1200
2932.6,1200
2932.7,1200
2932.8,1200
2932.9,1200
2933,1200
2933.1,1200
2933.2,1200
2933.3,1200
2933.4,1200
2933.5,1200
2933.6,1200
2933.7,1200
2933.8,1200
2933.9,1200
2934,1200
2934.1,1200
2934.2,1200
2934.3,1200
2934.4,1200
2934.5,1200
2934.6,1200
2934.7,1200
2934.8,1200
2934.9,1200
2935,1200
2935.1,1200
2935.2,1200
2935.3,1200
2935.4,1200
2935.5,1200
2935.6,1200
2935.7,1200
2935.8,1200
2935.9,1200
2936,1200
2936.1,1200
2936.2,1200
2936.3,1200
2936.4,1200
2936.5,1200
2936.6,1200
2936.7,1200
2936.8,1200
2936.9,1200
2937,1200
2937.1,1200
2937.2,1200
2937.3,1200
2937.4,1200
2937.5,1200
2937.6,1200
2937.7,1200
2937.8,1200
2937.9,1200
2938,1200
2938.1,1200
2938.2,1200
2938.3,1200
2938.4,1200
2938.5,1200
2938.6,1200
2938.7,1200
2938.8,1200
2938.9,1200
2939,1200
2939.1,1200
2939.2,1200
2939.3,1200
2939.4,1200
2939.5,1200
2939.6,1200
2939.7,1200
2939.8,1200
2939.9,1200
2940,1200
2940.1,1200
2940.2,1200
2940.3,1200
2940.4,1200
2940.5,1200
2940.6,1200
2940.7,1200
2940.8,1200
2940.9,1200
2941,1200
2941.1,1200
2941.2,1200
2941.3,1200
2941.4,1200
2941.5,1200
2941.6,1200
2941.7,1200
2941.8,1200
2941.9,1200
2942,1200
2942.1,1200
2942.2,1200
2942.3,1200
2942.4,1200
2942.5,1200
2942.6,1200
2942.7,1200
2942.8,1200
2942.9,1200
2943,1200
2943.1,1200
2943.2,1200
2943.3,1200
2943.4,1200
2943.5,1200
2943.6,1200
2943.7,1200
2943.8,1200
2943.9,1200
2944,1200
2944.1,1200
2944.2,1200
2944.3,1200
2944.4,1200
2944.5,1200
2944.6,1200
2944.7,1200
2944.8,1200
2944.9,1200
2945,1200
2945.1,1200
2945.2,1200
2945.3,1200
2945.4,1200
2945.5,1200
2945.6,1200
2945.7,1200
2945.8,1200
2945.9,1200
2946,1200
2946.1,1200
2946.2,1200
2946.3,1200
2946.4,1200
2946.5,1200
2946.6,1200
2946.7,1200
2946.8,1200
2946.9,1200
2947,1200
2947.1,1200
2947.2,1200
2947.3,1200
2947.4,1200
2947.5,1200
2947.6,1200
2947.7,1200
2947.8,1200
2947.9,1200
2948,1200
2948.1,1200
2948.2,1200
2948.3,1200
2948.4,1200
2948.5,1200
2948.6,1200
2948.7,1200
2948.8,1200
2948.9,1200
2949,1200
2949.1,1200
2949.2,1200
2949.3,1200
2949.4,1200
2949.5,1200
2949.6,1200
2949.7,1200
2949.8,1200
2949.9,1200
2950,1200
2950.1,1200
2950.2,1200
2950.3,1200
2950.4,1200
2950.5,1200
2950.6,1200
2950.7,1200
2950.8,1200
2950.9,1200
2951,1200
2951.1,1200
2951.2,1200
2951.3,1200
2951.4,1200
2951.5,1200
2951.6,1200
2951.7,1200
2951.8,1200
2951.9,1200
2952,1200
2952.1,1200
2952.2,1200
2952.3,1200
2952.4,1200
2952.5,1200
2952.6,1200
2952.7,1200
2952.8,1200
2952.9,1200
2953,1200
2953.1,1200
2953.2,1200
2953.3,1200
2953.4,1200
2953.5,1200
2953.6,1200
2953.7,1200
2953.8,1200
2953.9,1200
2954,1200
2954.1,1200
2954.2,1200
2954.3,1200
2954.4,1200
2954.5,1200
2954.6,1200
2954.7,1200
2954.8,1200
2954.9,1200
2955,1200
2955.1,1200
2955.2,1200
2955.3,1200
2955.4,1200
2955.5,1200
2955.6,1200
2955.7,1200
2955.8,1200
2955.9,1200
2956,1200
2956.1,1200
2956.2,1200
2956.3,1200
2956.4,1200
2956.5,1200
2956.6,1200
2956.7,1200
2956.8,1200
2956.9,1200
2957,1200
2957.1,1200
2957.2,1200
2957.3,1200
2957.4,1200
2957.5,1200
2957.6,1200
2957.7,1200
2957.8,1200
2957.9,1200
2958,1200
2958.1,1200
2958.2,1200
2958.3,1200
2958.4,1200
2958.5,1200
2958.6,1200
2958.7,1200
2958.8,1200
2958.9,1200
2959,1200
2959.1,1200
2959.2,1200
2959.3,1200
2959.4,1200
2959.5,1200
2959.6,1200
2959.7,1200
2959.8,1200
2959.9,1200
2960,1200
2960.1,1200
2960.2,1200
2960.3,1200
2960.4,1200
2960.5,1200
2960.6,1200
2960.7,1200
2960.8,1200
2960.9,1200
2961,1200
2961.1,1200
2961.2,1200
2961.3,1200
2961.4,1200
2961.5,1200
2961.6,1200
2961.7,1200
2961.8,1200
2961.9,1200
2962,1200
2962.1,1200
2962.2,1200
2962.3,1200
2962.4,1200
2962.5,1200
2962.6,1200
2962.7,1200
2962.8,1200
2962.9,1200
2963,1200
2963.1,1200
2963.2,1200
2963.3,1200
2963.4,1200
2963.5,1200
2963.6,1200
2963.7,1200
2963.8,1200
2963.9,1200
2964,1200
2964.1,1200
2964.2,1200
2964.3,1200
2964.4,1200
2964.5,1200
2964.6,1200
2964.7,1200
2964.8,1200
2964.9,1200
2965,1200
2965.1,1200
2965.2,1200
2965.3,1200
2965.4,1200
2965.5,1200
2965.6,1200
2965.7,1200
2965.8,1200
2965.9,1200
2966,1200
2966.1,1200
2966.2,1200
2966.3,1200
2966.4,1200
2966.5,1200
2966.6,1200
2966.7,1200
2966.8,1200
2966.9,1200
2967,1200
2967.1,1200
2967.2,1200
2967.3,1200
2967.4,1200
2967.5,1200
2967.6,1200
2967.7,1200
2967.8,1200
2967.9,1200
2968,1200
2968.1,1200
2968.2,1200
2968.3,1200
2968.4,1200
2968.5,1200
2968.6,1200
2968.7,1200
2968.8,1200
2968.9,1200
2969,1200
2969.1,1200
2969.2,1200
2969.3,1200
2969.4,1200
2969.5,1200
2969.6,1200
2969.7,1200
2969.8,1200
2969.9,1200
2970,1200
2970.1,1200
2970.2,1200
2970.3,1200
2970.4,1200
2970.5,1200
2970.6,1200
2970.7,1200
2970.8,1200
2970.9,1200
2971,1200
2971.1,1200
2971.2,1200
2971.3,1200
2971.4,1200
2971.5,1200
2971.6,1200
2971.7,1200
2971.8,1200
2971.9,1200
2972,1200
2972.1,1200
2972.2,1200
2972.3,1200
2972.4,1200
2972.5,1200
2972.6,1200
2972.7,1200
2972.8,1200
2972.9,1200
2973,1200
2973.1,1200
2973.2,1200
2973.3,1200
2973.4,1200
2973.5,1200
2973.6,1200
2973.7,1200
2973.8,1200
2973.9,1200
2974,1200
2974.1,1200
2974.2,1200
2974.3,1200
2974.4,1200
2974.5,1200
2974.6,1200
2974.7,1200
2974.8,1200
2974.9,1200
2975,1200
2975.1,1200
2975.2,1200
2975.3,1200
2975.4,1200
2975.5,1200
2975.6,1200
2975.7,1200
2975.8,1200
2975.9,1200
2976,1200
2976.1,1200
2976.2,1200
2976.3,1200
2976.4,1200
2976.5,1200
2976.6,1200
2976.7,1200
2976.8,1200
2976.9,1200
2977,1200
2977.1,1200
2977.2,1200
2977.3,1200
2977.4,1200
2977.5,1200
2977.6,1200
2977.7,1200
2977.8,1200
2977.9,1200
2978,1200
2978.1,1200
2978.2,1200
2978.3,1200
2978.4,1200
2978.5,1200
2978.6,1200
2978.7,1200
2978.8,1200
2978.9,1200
2979,1200
2979.1,1200
2979.2,1200
2979.3,1200
2979.4,1200
2979.5,1200
2979.6,1200
2979.7,1200
2979.8,1200
2979.9,1200
2980,1200
2980.1,1200
2980.2,1200
2980.3,1200
2980.4,1200
2980.5,1200
2980.6,1200
2980.7,1200
2980.8,1200
2980.9,1200
2981,1200
2981.1,1200
2981.2,1200
2981.3,1200
2981.4,1200
2981.5,1200
2981.6,1200
2981.7,1200
2981.8,1200
2981.9,1200
2982,1200
2982.1,1200
2982.2,1200
2982.3,1200
2982.4,1200
2982.5,1200
2982.6,1200
2982.7,1200
2982.8,1200
2982.9,1200
2983,1200
2983.1,1200
2983.2,1200
2983.3,1200
2983.4,1200
2983.5,1200
2983.6,1200
2983.7,1200
2983.8,1200
2983.9,1200
2984,1200
2984.1,1200
2984.2,1200
2984.3,1200
2984.4,1200
2984.5,1200
2984.6,1200
2984.7,1200
2984.8,1200
2984.9,1200
2985,1200
2985.1,1200
2985.2,1200
2985.3,1200
2985.4,1200
2985.5,1200
2985.6,1200
2985.7,1200
2985.8,1200
2985.9,1200
2986,1200
2986.1,1200
2986.2,1200
2986.3,1200
2986.4,1200
2986.5,1200
2986.6,1200
2986.7,1200
2986.8,1200
2986.9,1200
2987,1200
2987.1,1200
2987.2,1200
2987.3,1200
2987.4,1200
2987.5,1200
2987.6,1200
2987.7,1200
2987.8,1200
2987.9,1200
2988,1200
2988.1,1200
2988.2,1200
2988.3,1200
2988.4,1200
2988.5,1200
2988.6,1200
2988.7,1200
2988.8,1200
2988.9,1200
2989,1200
2989.1,1200
2989.2,1200
2989.3,1200
2989.4,1200
2989.5,1200
2989.6,1200
2989.7,1200
2989.8,1200
2989.9,1200
2990,1200
2990.1,1200
2990.2,1200
2990.3,1200
2990.4,1200
2990.5,1200
2990.6,1200
2990.7,1200
2990.8,1200
2990.9,1200
2991,1200
2991.1,1200
2991.2,1200
2991.3,1200
2991.4,1200
2991.5,1200
2991.6,1200
2991.7,1200
2991.8,1200
2991.9,1200
2992,1200
2992.1,1200
2992.2,1200
2992.3,1200
2992.4,1200
2992.5,1200
2992.6,1200
2992.7,1200
2992.8,1200
2992.9,1200
2993,1200
2993.1,1200
2993.2,1200
2993.3,1200
2993.4,1200
2993.5,1200
2993.6,1200
2993.7,1200
2993.8,1200
2993.9,1200
2994,1200
2994.1,1200
2994.2,1200
2994.3,1200
2994.4,1200
2994.5,1200
2994.6,1200
2994.7,1200
2994.8,1200
2994.9,1200
2995,1200
2995.1,1200
2995.2,1200
2995.3,1200
2995.4,1200
2995.5,1200
2995.6,1200
2995.7,1200
2995.8,1200
2995.9,1200
2996,1200
2996.1,1200
2996.2,1200
2996.3,1200
2996.4,1200
2996.5,1200
2996.6,1200
2996.7,1200
2996.8,1200
2996.9,1200
2997,1200
2997.1,1200
2997.2,1200
2997.3,1200
2997.4,1200
2997.5,1200
2997.6,1200
2997.7,1200
2997.8,1200
2997.9,1200
2998,1200
2998.1,1200
2998.2,1200
2998.3,1200
2998.4,1200
2998.5,1200
2998.6,1200
2998.7,1200
2998.8,1200
2998.9,1200
2999,1200
2999.1,1200
2999.2,1200
2999.3,1200
2999.4,1200
2999.5,1200
2999.6,1200
2999.7,1200
2999.8,1200
2999.9,1200
3000,1200
3000.1,1200
3000.2,1200
3000.3,1200
3000.4,1200
3000.5,1200
3000.6,1200
3000.7,1200
3000.8,1200
3000.9,1200
3001,1200
3001.1,1200
3001.2,1200
3001.3,1200
3001.4,1200
3001.5,1200
3001.6,1200
3001.7,1200
3001.8,1200
3001.9,1200
3002,1200
3002.1,1200
3002.2,1200
3002.3,1200
3002.4,1200
3002.5,1200
3002.6,1200
3002.7,1200
3002.8,1200
3002.9,1200
3003,1200
3003.1,1200
3003.2,1200
3003.3,1200
3003.4,1200
3003.5,1200
3003.6,1200
3003.7,1200
3003.8,1200
3003.9,1200
3004,1200
3004.1,1200
3004.2,1200
3004.3,1200
3004.4,1200
3004.5,1200
3004.6,1200
3004.7,1200
3004.8,1200
3004.9,1200
3005,1200
3005.1,1200
3005.2,1200
3005.3,1200
3005.4,1200
3005.5,1200
3005.6,1200
3005.7,1200
3005.8,1200
3005.9,1200
3006,1200
3006.1,1200
3006.2,1200
3006.3,1200
3006.4,1200
3006.5,1200
3006.6,1200
3006.7,1200
3006.8,1200
3006.9,1200
3007,1200
3007.1,1200
3007.2,1200
3007.3,1200
3007.4,1200
3007.5,1200
3007.6,1200
3007.7,1200
3007.8,1200
3007.9,1200
3008,1200
3008.1,1200
3008.2,1200
3008.3,1200
3008.4,1200
3008.5,1200
3008.6,1200
3008.7,1200
3008.8,1200
3008.9,1200
3009,1200
3009.1,1200
3009.2,1200
3009.3,1200
3009.4,1200
3009.5,1200
3009.6,1200
3009.7,1200
3009.8,1200
3009.9,1200
3010,1200
3010.1,1200
3010.2,1200
3010.3,1200
3010.4,1200
3010.5,1200
3010.6,1200
3010.7,1200
3010.8,1200
3010.9,1200
3011,1200
3011.1,1200
3011.2,1200
3011.3,1200
3011.4,1200
3011.5,1200
3011.6,1200
3011.7,1200
3011.8,1200
3011.9,1200
3012,1200
3012.1,1200
3012.2,1200
3012.3,1200
3012.4,1200
3012.5,1200
3012.6,1200
3012.7,1200
3012.8,1200
3012.9,1200
3013,1200
3013.1,1200
3013.2,1200
3013.3,1200
3013.4,1200
3013.5,1200
3013.6,1200
3013.7,1200
3013.8,1200
3013.9,1200
3014,1200
3014.1,1200
3014.2,1200
3014.3,1200
3014.4,1200
3014.5,1200
3014.6,1200
3014.7,1200
3014.8,1200
3014.9,1200
3015,1200
3015.1,1200
3015.2,1200
3015.3,1200
3015.4,1200
3015.5,1200
3015.6,1200
3015.7,1200
3015.8,1200
3015.9,1200
3016,1200
3016.1,1200
3016.2,1200
3016.3,1200
3016.4,1200
3016.5,1200
3016.6,1200
3016.7,1200
3016.8,1200
3016.9,1200
3017,1200
3017.1,1200
3017.2,1200
3017.3,1200
3017.4,1200
3017.5,1200
3017.6,1200
3017.7,1200
3017.8,1200
3017.9,1200
3018,1200
3018.1,1200
3018.2,1200
3018.3,1200
3018.4,1200
3018.5,1200
3018.6,1200
3018.7,1200
3018.8,1200
3018.9,1200
3019,1200
3019.1,1200
3019.2,1200
3019.3,1200
3019.4,1200
3019.5,1200
3019.6,1200
3019.7,1200
3019.8,1200
3019.9,1200
3020,1200
3020.1,1200
3020.2,1200
3020.3,1200
3020.4,1200
3020.5,1200
3020.6,1200
3020.7,1200
3020.8,1200
3020.9,1200
3021,1200
3021.1,1200
3021.2,1200
3021.3,1200
3021.4,1200
3021.5,1200
3021.6,1200
3021.7,1200
3021.8,1200
3021.9,1200
3022,1200
3022.1,1200
3022.2,1200
3022.3,1200
3022.4,1200
3022.5,1200
3022.6,1200
3022.7,1200
3022.8,1200
3022.9,1200
3023,1200
3023.1,1200
3023.2,1200
3023.3,1200
3023.4,1200
3023.5,1200
3023.6,1200
3023.7,1200
3023.8,1200
3023.9,1200
3024,1200
3024.1,1200
3024.2,1200
3024.3,1200
3024.4,1200
3024.5,1200
3024.6,1200
3024.7,1200
3024.8,1200
3024.9,1200
3025,1200
3025.1,1200
3025.2,1200
3025.3,1200
3025.4,1200
3025.5,1200
3025.6,1200
3025.7,1200
3025.8,1200
3025.9,1200
3026,1200
3026.1,1200
3026.2,1200
3026.3,1200
3026.4,1200
3026.5,1200
3026.6,1200
3026.7,1200
3026.8,1200
3026.9,1200
3027,1200
3027.1,1200
3027.2,1200
3027.3,1200
3027.4,1200
3027.5,1200
3027.6,1200
3027.7,1200
3027.8,1200
3027.9,1200
3028,1200
3028.1,1200
3028.2,1200
3028.3,1200
3028.4,1200
3028.5,1200
3028.6,1200
3028.7,1200
3028.8,1200
3028.9,1200
3029,1200
3029.1,1200
3029.2,1200
3029.3,1200
3029.4,1200
3029.5,1200
3029.6,1200
3029.7,1200
3029.8,1200
3029.9,1200
3030,1200
3030.1,1200
3030.2,1200
3030.3,1200
3030.4,1200
3030.5,1200
3030.6,1200
3030.7,1200
3030.8,1200
3030.9,1200
3031,1200
3031.1,1200
3031.2,1200
3031.3,1200
3031.4,1200
3031.5,1200
3031.6,1200
3031.7,1200
3031.8,1200
3031.9,1200
3032,1200
3032.1,1200
3032.2,1200
3032.3,1200
3032.4,1200
3032.5,1200
3032.6,1200
3032.7,1200
3032.8,1200
3032.9,1200
3033,1200
3033.1,1200
3033.2,1200
3033.3,1200
3033.4,1200
3033.5,1200
3033.6,1200
3033.7,1200
3033.8,1200
3033.9,1200
3034,1200
3034.1,1200
3034.2,1200
3034.3,1200
3034.4,1200
3034.5,1200
3034.6,1200
3034.7,1200
3034.8,1200
3034.9,1200
3035,1200
3035.1,1200
3035.2,1200
3035.3,1200
3035.4,1200
3035.5,1200
3035.6,1200
3035.7,1200
3035.8,1200
3035.9,1200
3036,1200
3036.1,1200
3036.2,1200
3036.3,1200
3036.4,1200
3036.5,1200
3036.6,1200
3036.7,1200
3036.8,1200
3036.9,1200
3037,1200
3037.1,1200
3037.2,1200
3037.3,1200
3037.4,1200
3037.5,1200
3037.6,1200
3037.7,1200
3037.8,1200
3037.9,1200
3038,1200
3038.1,1200
3038.2,1200
3038.3,1200
3038.4,1200
3038.5,1200
3038.6,1200
3038.7,1200
3038.8,1200
3038.9,1200
3039,1200
3039.1,1200
3039.2,1200
3039.3,1200
3039.4,1200
3039.5,1200
3039.6,1200
3039.7,1200
3039.8,1200
3039.9,1200
3040,1200
3040.1,1200
3040.2,1200
3040.3,1200
3040.4,1200
3040.5,1200
3040.6,1200
3040.7,1200
3040.8,1200
3040.9,1200
3041,1200
3041.1,1200
3041.2,1200
3041.3,1200
3041.4,1200
3041.5,1200
3041.6,1200
3041.7,1200
3041.8,1200
3041.9,1200
3042,1200
3042.1,1200
3042.2,1200
3042.3,1200
3042.4,1200
3042.5,1200
3042.6,1200
3042.7,1200
3042.8,1200
3042.9,1200
3043,1200
3043.1,1200
3043.2,1200
3043.3,1200
3043.4,1200
3043.5,1200
3043.6,1200
3043.7,1200
3043.8,1200
3043.9,1200
3044,1200
3044.1,1200
3044.2,1200
3044.3,1200
3044.4,1200
3044.5,1200
3044.6,1200
3044.7,1200
3044.8,1200
3044.9,1200
3045,1200
3045.1,1200
3045.2,1200
3045.3,1200
3045.4,1200
3045.5,1200
3045.6,1200
3045.7,1200
3045.8,1200
3045.9,1200
3046,1200
3046.1,1200
3046.2,1200
3046.3,1200
3046.4,1200
3046.5,1200
3046.6,1200
3046.7,1200
3046.8,1200
3046.9,1200
3047,1200
3047.1,1200
3047.2,1200
3047.3,1200
3047.4,1200
3047.5,1200
3047.6,1200
3047.7,1200
3047.8,1200
3047.9,1200
3048,1200
3048.1,1200
3048.2,1200
3048.3,1200
3048.4,1200
3048.5,1200
3048.6,1200
3048.7,1200
3048.8,1200
3048.9,1200
3049,1200
3049.1,1200
3049.2,1200
3049.3,1200
3049.4,1200
3049.5,1200
3049.6,1200
3049.7,1200
3049.8,1200
3049.9,1200
3050,1200
3050.1,1200
3050.2,1200
3050.3,1200
3050.4,1200
3050.5,1200
3050.6,1200
3050.7,1200
3050.8,1200
3050.9,1200
3051,1200
3051.1,1200
3051.2,1200
3051.3,1200
3051.4,1200
3051.5,1200
3051.6,1200
3051.7,1200
3051.8,1200
3051.9,1200
3052,1200
3052.1,1200
3052.2,1200
3052.3,1200
3052.4,1200
3052.5,1200
3052.6,1200
3052.7,1200
3052.8,1200
3052.9,1200
3053,1200
3053.1,1200
3053.2,1200
3053.3,1200
3053.4,1200
3053.5,1200
3053.6,1200
3053.7,1200
3053.8,1200
3053.9,1200
3054,1200
3054.1,1200
3054.2,1200
3054.3,1200
3054.4,1200
3054.5,1200
3054.6,1200
3054.7,1200
3054.8,1200
3054.9,1200
3055,1200
3055.1,1200
3055.2,1200
3055.3,1200
3055.4,1200
3055.5,1200
3055.6,1200
3055.7,1200
3055.8,1200
3055.9,1200
3056,1200
3056.1,1200
3056.2,1200
3056.3,1200
3056.4,1200
3056.5,1200
3056.6,1200
3056.7,1200
3056.8,1200
3056.9,1200
3057,1200
3057.1,1200
3057.2,1200
3057.3,1200
3057.4,1200
3057.5,1200
3057.6,1200
3057.7,1200
3057.8,1200
3057.9,1200
3058,1200
3058.1,1200
3058.2,1200
3058.3,1200
3058.4,1200
3058.5,1200
3058.6,1200
3058.7,1200
3058.8,1200
3058.9,1200
3059,1200
3059.1,1200
3059.2,1200
3059.3,1200
3059.4,1200
3059.5,1200
3059.6,1200
3059.7,1200
3059.8,1200
3059.9,1200
3060,1200
3060.1,1200
3060.2,1200
3060.3,1200
3060.4,1200
3060.5,1200
3060.6,1200
3060.7,1200
3060.8,1200
3060.9,1200
3061,1200
3061.1,1200
3061.2,1200
3061.3,1200
3061.4,1200
3061.5,1200
3061.6,1200
3061.7,1200
3061.8,1200
3061.9,1200
3062,1200
3062.1,1200
3062.2,1200
3062.3,1200
3062.4,1200
3062.5,1200
3062.6,1200
3062.7,1200
3062.8,1200
3062.9,1200
3063,1200
3063.1,1200
3063.2,1200
3063.3,1200
3063.4,1200
3063.5,1200
3063.6,1200
3063.7,1200
3063.8,1200
3063.9,1200
3064,1200
3064.1,1200
3064.2,1200
3064.3,1200
3064.4,1200
3064.5,1200
3064.6,1200
3064.7,1200
3064.8,1200
3064.9,1200
3065,1200
3065.1,1200
3065.2,1200
3065.3,1200
3065.4,1200
3065.5,1200
3065.6,1200
3065.7,1200
3065.8,1200
3065.9,1200
3066,1200
3066.1,1200
3066.2,1200
3066.3,1200
3066.4,1200
3066.5,1200
3066.6,1200
3066.7,1200
3066.8,1200
3066.9,1200
3067,1200
3067.1,1200
3067.2,1200
3067.3,1200
3067.4,1200
3067.5,1200
3067.6,1200
3067.7,1200
3067.8,1200
3067.9,1200
3068,1200
3068.1,1200
3068.2,1200
3068.3,1200
3068.4,1200
3068.5,1200
3068.6,1200
3068.7,1200
3068.8,1200
3068.9,1200
3069,1200
3069.1,1200
3069.2,1200
3069.3,1200
3069.4,1200
3069.5,1200
3069.6,1200
3069.7,1200
3069.8,1200
3069.9,1200
3070,1200
3070.1,1200
3070.2,1200
3070.3,1200
3070.4,1200
3070.5,1200
3070.6,1200
3070.7,1200
3070.8,1200
3070.9,1200
3071,1200
3071.1,1200
3071.2,1200
3071.3,1200
3071.4,1200
3071.5,1200
3071.6,1200
3071.7,1200
3071.8,1200
3071.9,1200
3072,1200
3072.1,1200
3072.2,1200
3072.3,1200
3072.4,1200
3072.5,1200
3072.6,1200
3072.7,1200
3072.8,1200
3072.9,1200
3073,1200
3073.1,1200
3073.2,1200
3073.3,1200
3073.4,1200
3073.5,1200
3073.6,1200
3073.7,1200
3073.8,1200
3073.9,1200
3074,1200
3074.1,1200
3074.2,1200
3074.3,1200
3074.4,1200
3074.5,1200
3074.6,1200
3074.7,1200
3074.8,1200
3074.9,1200
3075,1200
3075.1,1200
3075.2,1200
3075.3,1200
3075.4,1200
3075.5,1200
3075.6,1200
3075.7,1200
3075.8,1200
3075.9,1200
3076,1200
3076.1,1200
3076.2,1200
3076.3,1200
3076.4,1200
3076.5,1200
3076.6,1200
3076.7,1200
3076.8,1200
3076.9,1200
3077,1200
3077.1,1200
3077.2,1200
3077.3,1200
3077.4,1200
3077.5,1200
3077.6,1200
3077.7,1200
3077.8,1200
3077.9,1200
3078,1200
3078.1,1200
3078.2,1200
3078.3,1200
3078.4,1200
3078.5,1200
3078.6,1200
3078.7,1200
3078.8,1200
3078.9,1200
3079,1200
3079.1,1200
3079.2,1200
3079.3,1200
3079.4,1200
3079.5,1200
3079.6,1200
3079.7,1200
3079.8,1200
3079.9,1200
3080,1200
3080.1,1200
3080.2,1200
3080.3,1200
3080.4,1200
3080.5,1200
3080.6,1200
3080.7,1200
3080.8,1200
3080.9,1200
3081,1200
3081.1,1200
3081.2,1200
3081.3,1200
3081.4,1200
3081.5,1200
3081.6,1200
3081.7,1200
3081.8,1200
3081.9,1200
3082,1200
3082.1,1200
3082.2,1200
3082.3,1200
3082.4,1200
3082.5,1200
3082.6,1200
3082.7,1200
3082.8,1200
3082.9,1200
3083,1200
3083.1,1200
3083.2,1200
3083.3,1200
3083.4,1200
3083.5,1200
3083.6,1200
3083.7,1200
3083.8,1200
3083.9,1200
3084,1200
3084.1,1200
3084.2,1200
3084.3,1200
3084.4,1200
3084.5,1200
3084.6,1200
3084.7,1200
3084.8,1200
3084.9,1200
3085,1200
3085.1,1200
3085.2,1200
3085.3,1200
3085.4,1200
3085.5,1200
3085.6,1200
3085.7,1200
3085.8,1200
3085.9,1200
3086,1200
3086.1,1200
3086.2,1200
3086.3,1200
3086.4,1200
3086.5,1200
3086.6,1200
3086.7,1200
3086.8,1200
3086.9,1200
3087,1200
3087.1,1200
3087.2,1200
3087.3,1200
3087.4,1200
3087.5,1200
3087.6,1200
3087.7,1200
3087.8,1200
3087.9,1200
3088,1200
3088.1,1200
3088.2,1200
3088.3,1200
3088.4,1200
3088.5,1200
3088.6,1200
3088.7,1200
3088.8,1200
3088.9,1200
3089,1200
3089.1,1200
3089.2,1200
3089.3,1200
3089.4,1200
3089.5,1200
3089.6,1200
3089.7,1200
3089.8,1200
3089.9,1200
3090,1200
3090.1,1200
3090.2,1200
3090.3,1200
3090.4,1200
3090.5,1200
3090.6,1200
3090.7,1200
3090.8,1200
3090.9,1200
3091,1200
3091.1,1200
3091.2,1200
3091.3,1200
3091.4,1200
3091.5,1200
3091.6,1200
3091.7,1200
3091.8,1200
3091.9,1200
3092,1200
3092.1,1200
3092.2,1200
3092.3,1200
3092.4,1200
3092.5,1200
3092.6,1200
3092.7,1200
3092.8,1200
3092.9,1200
3093,1200
3093.1,1200
3093.2,1200
3093.3,1200
3093.4,1200
3093.5,1200
3093.6,1200
3093.7,1200
3093.8,1200
3093.9,1200
3094,1200
3094.1,1200
3094.2,1200
3094.3,1200
3094.4,1200
3094.5,1200
3094.6,1200
3094.7,1200
3094.8,1200
3094.9,1200
3095,1200
3095.1,1200
3095.2,1200
3095.3,1200
3095.4,1200
3095.5,1200
3095.6,1200
3095.7,1200
3095.8,1200
3095.9,1200
3096,1200
3096.1,1200
3096.2,1200
3096.3,1200
3096.4,1200
3096.5,1200
3096.6,1200
3096.7,1200
3096.8,1200
3096.9,1200
3097,1200
3097.1,1200
3097.2,1200
3097.3,1200
3097.4,1200
3097.5,1200
3097.6,1200
3097.7,1200
3097.8,1200
3097.9,1200
3098,1200
3098.1,1200
3098.2,1200
3098.3,1200
3098.4,1200
3098.5,1200
3098.6,1200
3098.7,1200
3098.8,1200
3098.9,1200
3099,1200
3099.1,1200
3099.2,1200
3099.3,1200
3099.4,1200
3099.5,1200
3099.6,1200
3099.7,1200
3099.8,1200
3099.9,1200
3100,1200
3100.1,1200
3100.2,1200
3100.3,1200
3100.4,1200
3100.5,1200
3100.6,1200
3100.7,1200
3100.8,1200
3100.9,1200
3101,1200
3101.1,1200
3101.2,1200
3101.3,1200
3101.4,1200
3101.5,1200
3101.6,1200
3101.7,1200
3101.8,1200
3101.9,1200
3102,1200
3102.1,1200
3102.2,1200
3102.3,1200
3102.4,1200
3102.5,1200
3102.6,1200
3102.7,1200
3102.8,1200
3102.9,1200
3103,1200
3103.1,1200
3103.2,1200
3103.3,1200
3103.4,1200
3103.5,1200
3103.6,1200
3103.7,1200
3103.8,1200
3103.9,1200
3104,1200
3104.1,1200
3104.2,1200
3104.3,1200
3104.4,1200
3104.5,1200
3104.6,1200
3104.7,1200
3104.8,1200
3104.9,1200
3105,1200
3105.1,1200
3105.2,1200
3105.3,1200
3105.4,1200
3105.5,1200
3105.6,1200
3105.7,1200
3105.8,1200
3105.9,1200
3106,1200
3106.1,1200
3106.2,1200
3106.3,1200
3106.4,1200
3106.5,1200
3106.6,1200
3106.7,1200
3106.8,1200
3106.9,1200
3107,1200
3107.1,1200
3107.2,1200
3107.3,1200
3107.4,1200
3107.5,1200
3107.6,1200
3107.7,1200
3107.8,1200
3107.9,1200
3108,1200
3108.1,1200
3108.2,1200
3108.3,1200
3108.4,1200
3108.5,1200
3108.6,1200
3108.7,1200
3108.8,1200
3108.9,1200
3109,1200
3109.1,1200
3109.2,1200
3109.3,1200
3109.4,1200
3109.5,1200
3109.6,1200
3109.7,1200
3109.8,1200
3109.9,1200
3110,1200
3110.1,1200
3110.2,1200
3110.3,1200
3110.4,1200
3110.5,1200
3110.6,1200
3110.7,1200
3110.8,1200
3110.9,1200
3111,1200
3111.1,1200
3111.2,1200
3111.3,1200
3111.4,1200
3111.5,1200
3111.6,1200
3111.7,1200
3111.8,1200
3111.9,1200
3112,1200
3112.1,1200
3112.2,1200
3112.3,1200
3112.4,1200
3112.5,1200
3112.6,1200
3112.7,1200
3112.8,1200
3112.9,1200
3113,1200
3113.1,1200
3113.2,1200
3113.3,1200
3113.4,1200
3113.5,1200
3113.6,1200
3113.7,1200
3113.8,1200
3113.9,1200
3114,1200
3114.1,1200
3114.2,1200
3114.3,1200
3114.4,1200
3114.5,1200
3114.6,1200
3114.7,1200
3114.8,1200
3114.9,1200
3115,1200
3115.1,1200
3115.2,1200
3115.3,1200
3115.4,1200
3115.5,1200
3115.6,1200
3115.7,1200
3115.8,1200
3115.9,1200
3116,1200
3116.1,1200
3116.2,1200
3116.3,1200
3116.4,1200
3116.5,1200
3116.6,1200
3116.7,1200
3116.8,1200
3116.9,1200
3117,1200
3117.1,1200
3117.2,1200
3117.3,1200
3117.4,1200
3117.5,1200
3117.6,1200
3117.7,1200
3117.8,1200
3117.9,1200
3118,1200
3118.1,1200
3118.2,1200
3118.3,1200
3118.4,1200
3118.5,1200
3118.6,1200
3118.7,1200
3118.8,1200
3118.9,1200
3119,1200
3119.1,1200
3119.2,1200
3119.3,1200
3119.4,1200
3119.5,1200
3119.6,1200
3119.7,1200
3119.8,1200
3119.9,1200
3120,1200
3120.1,1200
3120.2,1200
3120.3,1200
3120.4,1200
3120.5,1200
3120.6,1200
3120.7,1200
3120.8,1200
3120.9,1200
3121,1200
3121.1,1200
3121.2,1200
3121.3,1200
3121.4,1200
3121.5,1200
3121.6,1200
3121.7,1200
3121.8,1200
3121.9,1200
3122,1200
3122.1,1200
3122.2,1200
3122.3,1200
3122.4,1200
3122.5,1200
3122.6,1200
3122.7,1200
3122.8,1200
3122.9,1200
3123,1200
3123.1,1200
3123.2,1200
3123.3,1200
3123.4,1200
3123.5,1200
3123.6,1200
3123.7,1200
3123.8,1200
3123.9,1200
3124,1200
3124.1,1200
3124.2,1200
3124.3,1200
3124.4,1200
3124.5,1200
3124.6,1200
3124.7,1200
3124.8,1200
3124.9,1200
3125,1200
3125.1,1200
3125.2,1200
3125.3,1200
3125.4,1200
3125.5,1200
3125.6,1200
3125.7,1200
3125.8,1200
3125.9,1200
3126,1200
3126.1,1200
3126.2,1200
3126.3,1200
3126.4,1200
3126.5,1200
3126.6,1200
3126.7,1200
3126.8,1200
3126.9,1200
3127,1200
3127.1,1200
3127.2,1200
3127.3,1200
3127.4,1200
3127.5,1200
3127.6,1200
3127.7,1200
3127.8,1200
3127.9,1200
3128,1200
3128.1,1200
3128.2,1200
3128.3,1200
3128.4,1200
3128.5,1200
3128.6,1200
3128.7,1200
3128.8,1200
3128.9,1200
3129,1200
3129.1,1200
3129.2,1200
3129.3,1200
3129.4,1200
3129.5,1200
3129.6,1200
3129.7,1200
3129.8,1200
3129.9,1200
3130,1200
3130.1,1200
3130.2,1200
3130.3,1200
3130.4,1200
3130.5,1200
3130.6,1200
3130.7,1200
3130.8,1200
3130.9,1200
3131,1200
3131.1,1200
3131.2,1200
3131.3,1200
3131.4,1200
3131.5,1200
3131.6,1200
3131.7,1200
3131.8,1200
3131.9,1200
3132,1200
3132.1,1200
3132.2,1200
3132.3,1200
3132.4,1200
3132.5,1200
3132.6,1200
3132.7,1200
3132.8,1200
3132.9,1200
3133,1200
3133.1,1200
3133.2,1200
3133.3,1200
3133.4,1200
3133.5,1200
3133.6,1200
3133.7,1200
3133.8,1200
3133.9,1200
3134,1200
3134.1,1200
3134.2,1200
3134.3,1200
3134.4,1200
3134.5,1200
3134.6,1200
3134.7,1200
3134.8,1200
3134.9,1200
3135,1200
3135.1,1200
3135.2,1200
3135.3,1200
3135.4,1200
3135.5,1200
3135.6,1200
3135.7,1200
3135.8,1200
3135.9,1200
3136,1200
3136.1,1200
3136.2,1200
3136.3,1200
3136.4,1200
3136.5,1200
3136.6,1200
3136.7,1200
3136.8,1200
3136.9,1200
3137,1200
3137.1,1200
3137.2,1200
3137.3,1200
3137.4,1200
3137.5,1200
3137.6,1200
3137.7,1200
3137.8,1200
3137.9,1200
3138,1200
3138.1,1200
3138.2,1200
3138.3,1200
3138.4,1200
3138.5,1200
3138.6,1200
3138.7,1200
3138.8,1200
3138.9,1200
3139,1200
3139.1,1200
3139.2,1200
3139.3,1200
3139.4,1200
3139.5,1200
3139.6,1200
3139.7,1200
3139.8,1200
3139.9,1200
3140,1200
3140.1,1200
3140.2,1200
3140.3,1200
3140.4,1200
3140.5,1200
3140.6,1200
3140.7,1200
3140.8,1200
3140.9,1200
3141,1200
3141.1,1200
3141.2,1200
3141.3,1200
3141.4,1200
3141.5,1200
3141.6,1200
3141.7,1200
3141.8,1200
3141.9,1200
3142,1200
3142.1,1200
3142.2,1200
3142.3,1200
3142.4,1200
3142.5,1200
3142.6,1200
3142.7,1200
3142.8,1200
3142.9,1200
3143,1200
3143.1,1200
3143.2,1200
3143.3,1200
3143.4,1200
3143.5,1200
3143.6,1200
3143.7,1200
3143.8,1200
3143.9,1200
3144,1200
3144.1,1200
3144.2,1200
3144.3,1200
3144.4,1200
3144.5,1200
3144.6,1200
3144.7,1200
3144.8,1200
3144.9,1200
3145,1200
3145.1,1200
3145.2,1200
3145.3,1200
3145.4,1200
3145.5,1200
3145.6,1200
3145.7,1200
3145.8,1200
3145.9,1200
3146,1200
3146.1,1200
3146.2,1200
3146.3,1200
3146.4,1200
3146.5,1200
3146.6,1200
3146.7,1200
3146.8,1200
3146.9,1200
3147,1200
3147.1,1200
3147.2,1200
3147.3,1200
3147.4,1200
3147.5,1200
3147.6,1200
3147.7,1200
3147.8,1200
3147.9,1200
3148,1200
3148.1,1200
3148.2,1200
3148.3,1200
3148.4,1200
3148.5,1200
3148.6,1200
3148.7,1200
3148.8,1200
3148.9,1200
3149,1200
3149.1,1200
3149.2,1200
3149.3,1200
3149.4,1200
3149.5,1200
3149.6,1200
3149.7,1200
3149.8,1200
3149.9,1200
3150,1200
3150.1,1200
3150.2,1200
3150.3,1200
3150.4,1200
3150.5,1200
3150.6,1200
3150.7,1200
3150.8,1200
3150.9,1200
3151,1200
3151.1,1200
3151.2,1200
3151.3,1200
3151.4,1200
3151.5,1200
3151.6,1200
3151.7,1200
3151.8,1200
3151.9,1200
3152,1200
3152.1,1200
3152.2,1200
3152.3,1200
3152.4,1200
3152.5,1200
3152.6,1200
3152.7,1200
3152.8,1200
3152.9,1200
3153,1200
3153.1,1200
3153.2,1200
3153.3,1200
3153.4,1200
3153.5,1200
3153.6,1200
3153.7,1200
3153.8,1200
3153.9,1200
3154,1200
3154.1,1200
3154.2,1200
3154.3,1200
3154.4,1200
3154.5,1200
3154.6,1200
3154.7,1200
3154.8,1200
3154.9,1200
3155,1200
3155.1,1200
3155.2,1200
3155.3,1200
3155.4,1200
3155.5,1200
3155.6,1200
3155.7,1200
3155.8,1200
3155.9,1200
3156,1200
3156.1,1200
3156.2,1200
3156.3,1200
3156.4,1200
3156.5,1200
3156.6,1200
3156.7,1200
3156.8,1200
3156.9,1200
3157,1200
3157.1,1200
3157.2,1200
3157.3,1200
3157.4,1200
3157.5,1200
3157.6,1200
3157.7,1200
3157.8,1200
3157.9,1200
3158,1200
3158.1,1200
3158.2,1200
3158.3,1200
3158.4,1200
3158.5,1200
3158.6,1200
3158.7,1200
3158.8,1200
3158.9,1200
3159,1200
3159.1,1200
3159.2,1200
3159.3,1200
3159.4,1200
3159.5,1200
3159.6,1200
3159.7,1200
3159.8,1200
3159.9,1200
3160,1200
3160.1,1200
3160.2,1200
3160.3,1200
3160.4,1200
3160.5,1200
3160.6,1200
3160.7,1200
3160.8,1200
3160.9,1200
3161,1200
3161.1,1200
3161.2,1200
3161.3,1200
3161.4,1200
3161.5,1200
3161.6,1200
3161.7,1200
3161.8,1200
3161.9,1200
3162,1200
3162.1,1200
3162.2,1200
3162.3,1200
3162.4,1200
3162.5,1200
3162.6,1200
3162.7,1200
3162.8,1200
3162.9,1200
3163,1200
3163.1,1200
3163.2,1200
3163.3,1200
3163.4,1200
3163.5,1200
3163.6,1200
3163.7,1200
3163.8,1200
3163.9,1200
3164,1200
3164.1,1200
3164.2,1200
3164.3,1200
3164.4,1200
3164.5,1200
3164.6,1200
3164.7,1200
3164.8,1200
3164.9,1200
3165,1200
3165.1,1200
3165.2,1200
3165.3,1200
3165.4,1200
3165.5,1200
3165.6,1200
3165.7,1200
3165.8,1200
3165.9,1200
3166,1200
3166.1,1200
3166.2,1200
3166.3,1200
3166.4,1200
3166.5,1200
3166.6,1200
3166.7,1200
3166.8,1200
3166.9,1200
3167,1200
3167.1,1200
3167.2,1200
3167.3,1200
3167.4,1200
3167.5,1200
3167.6,1200
3167.7,1200
3167.8,1200
3167.9,1200
3168,1200
3168.1,1200
3168.2,1200
3168.3,1200
3168.4,1200
3168.5,1200
3168.6,1200
3168.7,1200
3168.8,1200
3168.9,1200
3169,1200
3169.1,1200
3169.2,1200
3169.3,1200
3169.4,1200
3169.5,1200
3169.6,1200
3169.7,1200
3169.8,1200
3169.9,1200
3170,1200
3170.1,1200
3170.2,1200
3170.3,1200
3170.4,1200
3170.5,1200
3170.6,1200
3170.7,1200
3170.8,1200
3170.9,1200
3171,1200
3171.1,1200
3171.2,1200
3171.3,1200
3171.4,1200
3171.5,1200
3171.6,1200
3171.7,1200
3171.8,1200
3171.9,1200
3172,1200
3172.1,1200
3172.2,1200
3172.3,1200
3172.4,1200
3172.5,1200
3172.6,1200
3172.7,1200
3172.8,1200
3172.9,1200
3173,1200
3173.1,1200
3173.2,1200
3173.3,1200
3173.4,1200
3173.5,1200
3173.6,1200
3173.7,1200
3173.8,1200
3173.9,1200
3174,1200
3174.1,1200
3174.2,1200
3174.3,1200
3174.4,1200
3174.5,1200
3174.6,1200
3174.7,1200
3174.8,1200
3174.9,1200
3175,1200
3175.1,1200
3175.2,1200
3175.3,1200
3175.4,1200
3175.5,1200
3175.6,1200
3175.7,1200
3175.8,1200
3175.9,1200
3176,1200
3176.1,1200
3176.2,1200
3176.3,1200
3176.4,1200
3176.5,1200
3176.6,1200
3176.7,1200
3176.8,1200
3176.9,1200
3177,1200
3177.1,1200
3177.2,1200
3177.3,1200
3177.4,1200
3177.5,1200
3177.6,1200
3177.7,1200
3177.8,1200
3177.9,1200
3178,1200
3178.1,1200
3178.2,1200
3178.3,1200
3178.4,1200
3178.5,1200
3178.6,1200
3178.7,1200
3178.8,1200
3178.9,1200
3179,1200
3179.1,1200
3179.2,1200
3179.3,1200
3179.4,1200
3179.5,1200
3179.6,1200
3179.7,1200
3179.8,1200
3179.9,1200
3180,1200
3180.1,1200
3180.2,1200
3180.3,1200
3180.4,1200
3180.5,1200
3180.6,1200
3180.7,1200
3180.8,1200
3180.9,1200
3181,1200
3181.1,1200
3181.2,1200
3181.3,1200
3181.4,1200
3181.5,1200
3181.6,1200
3181.7,1200
3181.8,1200
3181.9,1200
3182,1200
3182.1,1200
3182.2,1200
3182.3,1200
3182.4,1200
3182.5,1200
3182.6,1200
3182.7,1200
3182.8,1200
3182.9,1200
3183,1200
3183.1,1200
3183.2,1200
3183.3,1200
3183.4,1200
3183.5,1200
3183.6,1200
3183.7,1200
3183.8,1200
3183.9,1200
3184,1200
3184.1,1200
3184.2,1200
3184.3,1200
3184.4,1200
3184.5,1200
3184.6,1200
3184.7,1200
3184.8,1200
3184.9,1200
3185,1200
3185.1,1200
3185.2,1200
3185.3,1200
3185.4,1200
3185.5,1200
3185.6,1200
3185.7,1200
3185.8,1200
3185.9,1200
3186,1200
3186.1,1200
3186.2,1200
3186.3,1200
3186.4,1200
3186.5,1200
3186.6,1200
3186.7,1200
3186.8,1200
3186.9,1200
3187,1200
3187.1,1200
3187.2,1200
3187.3,1200
3187.4,1200
3187.5,1200
3187.6,1200
3187.7,1200
3187.8,1200
3187.9,1200
3188,1200
3188.1,1200
3188.2,1200
3188.3,1200
3188.4,1200
3188.5,1200
3188.6,1200
3188.7,1200
3188.8,1200
3188.9,1200
3189,1200
3189.1,1200
3189.2,1200
3189.3,1200
3189.4,1200
3189.5,1200
3189.6,1200
3189.7,1200
3189.8,1200
3189.9,1200
3190,1200
3190.1,1200
3190.2,1200
3190.3,1200
3190.4,1200
3190.5,1200
3190.6,1200
3190.7,1200
3190.8,1200
3190.9,1200
3191,1200
3191.1,1200
3191.2,1200
3191.3,1200
3191.4,1200
3191.5,1200
3191.6,1200
3191.7,1200
3191.8,1200
3191.9,1200
3192,1200
3192.1,1200
3192.2,1200
3192.3,1200
3192.4,1200
3192.5,1200
3192.6,1200
3192.7,1200
3192.8,1200
3192.9,1200
3193,1200
3193.1,1200
3193.2,1200
3193.3,1200
3193.4,1200
3193.5,1200
3193.6,1200
3193.7,1200
3193.8,1200
3193.9,1200
3194,1200
3194.1,1200
3194.2,1200
3194.3,1200
3194.4,1200
3194.5,1200
3194.6,1200
3194.7,1200
3194.8,1200
3194.9,1200
3195,1200
3195.1,1200
3195.2,1200
3195.3,1200
3195.4,1200
3195.5,1200
3195.6,1200
3195.7,1200
3195.8,1200
3195.9,1200
3196,1200
3196.1,1200
3196.2,1200
3196.3,1200
3196.4,1200
3196.5,1200
3196.6,1200
3196.7,1200
3196.8,1200
3196.9,1200
3197,1200
3197.1,1200
3197.2,1200
3197.3,1200
3197.4,1200
3197.5,1200
3197.6,1200
3197.7,1200
3197.8,1200
3197.9,1200
3198,1200
3198.1,1200
3198.2,1200
3198.3,1200
3198.4,1200
3198.5,1200
3198.6,1200
3198.7,1200
3198.8,1200
3198.9,1200
3199,1200
3199.1,1200
3199.2,1200
3199.3,1200
3199.4,1200
3199.5,1200
3199.6,1200
3199.7,1200
3199.8,1200
3199.9,1200
3200,1200
3200.1,1200
3200.2,1200
3200.3,1200
3200.4,1200
3200.5,1200
3200.6,1200
3200.7,1200
3200.8,1200
3200.9,1200
3201,1200
3201.1,1200
3201.2,1200
3201.3,1200
3201.4,1200
3201.5,1200
3201.6,1200
3201.7,1200
3201.8,1200
3201.9,1200
3202,1200
3202.1,1200
3202.2,1200
3202.3,1200
3202.4,1200
3202.5,1200
3202.6,1200
3202.7,1200
3202.8,1200
3202.9,1200
3203,1200
3203.1,1200
3203.2,1200
3203.3,1200
3203.4,1200
3203.5,1200
3203.6,1200
3203.7,1200
3203.8,1200
3203.9,1200
3204,1200
3204.1,1200
3204.2,1200
3204.3,1200
3204.4,1200
3204.5,1200
3204.6,1200
3204.7,1200
3204.8,1200
3204.9,1200
3205,1200
3205.1,1200
3205.2,1200
3205.3,1200
3205.4,1200
3205.5,1200
3205.6,1200
3205.7,1200
3205.8,1200
3205.9,1200
3206,1200
3206.1,1200
3206.2,1200
3206.3,1200
3206.4,1200
3206.5,1200
3206.6,1200
3206.7,1200
3206.8,1200
3206.9,1200
3207,1200
3207.1,1200
3207.2,1200
3207.3,1200
3207.4,1200
3207.5,1200
3207.6,1200
3207.7,1200
3207.8,1200
3207.9,1200
3208,1200
3208.1,1200
3208.2,1200
3208.3,1200
3208.4,1200
3208.5,1200
3208.6,1200
3208.7,1200
3208.8,1200
3208.9,1200
3209,1200
3209.1,1200
3209.2,1200
3209.3,1200
3209.4,1200
3209.5,1200
3209.6,1200
3209.7,1200
3209.8,1200
3209.9,1200
3210,1200
3210.1,1200
3210.2,1200
3210.3,1200
3210.4,1200
3210.5,1200
3210.6,1200
3210.7,1200
3210.8,1200
3210.9,1200
3211,1200
3211.1,1200
3211.2,1200
3211.3,1200
3211.4,1200
3211.5,1200
3211.6,1200
3211.7,1200
3211.8,1200
3211.9,1200
3212,1200
3212.1,1200
3212.2,1200
3212.3,1200
3212.4,1200
3212.5,1200
3212.6,1200
3212.7,1200
3212.8,1200
3212.9,1200
3213,1200
3213.1,1200
3213.2,1200
3213.3,1200
3213.4,1200
3213.5,1200
3213.6,1200
3213.7,1200
3213.8,1200
3213.9,1200
3214,1200
3214.1,1200
3214.2,1200
3214.3,1200
3214.4,1200
3214.5,1200
3214.6,1200
3214.7,1200
3214.8,1200
3214.9,1200
3215,1200
3215.1,1200
3215.2,1200
3215.3,1200
3215.4,1200
3215.5,1200
3215.6,1200
3215.7,1200
3215.8,1200
3215.9,1200
3216,1200
3216.1,1200
3216.2,1200
3216.3,1200
3216.4,1200
3216.5,1200
3216.6,1200
3216.7,1200
3216.8,1200
3216.9,1200
3217,1200
3217.1,1200
3217.2,1200
3217.3,1200
3217.4,1200
3217.5,1200
3217.6,1200
3217.7,1200
3217.8,1200
3217.9,1200
3218,1200
3218.1,1200
3218.2,1200
3218.3,1200
3218.4,1200
3218.5,1200
3218.6,1200
3218.7,1200
3218.8,1200
3218.9,1200
3219,1200
3219.1,1200
3219.2,1200
3219.3,1200
3219.4,1200
3219.5,1200
3219.6,1200
3219.7,1200
3219.8,1200
3219.9,1200
3220,1200
3220.1,1200
3220.2,1200
3220.3,1200
3220.4,1200
3220.5,1200
3220.6,1200
3220.7,1200
3220.8,1200
3220.9,1200
3221,1200
3221.1,1200
3221.2,1200
3221.3,1200
3221.4,1200
3221.5,1200
3221.6,1200
3221.7,1200
3221.8,1200
3221.9,1200
3222,1200
3222.1,1200
3222.2,1200
3222.3,1200
3222.4,1200
3222.5,1200
3222.6,1200
3222.7,1200
3222.8,1200
3222.9,1200
3223,1200
3223.1,1200
3223.2,1200
3223.3,1200
3223.4,1200
3223.5,1200
3223.6,1200
3223.7,1200
3223.8,1200
3223.9,1200
3224,1200
3224.1,1200
3224.2,1200
3224.3,1200
3224.4,1200
3224.5,1200
3224.6,1200
3224.7,1200
3224.8,1200
3224.9,1200
3225,1200
3225.1,1200
3225.2,1200
3225.3,1200
3225.4,1200
3225.5,1200
3225.6,1200
3225.7,1200
3225.8,1200
3225.9,1200
3226,1200
3226.1,1200
3226.2,1200
3226.3,1200
3226.4,1200
3226.5,1200
3226.6,1200
3226.7,1200
3226.8,1200
3226.9,1200
3227,1200
3227.1,1200
3227.2,1200
3227.3,1200
3227.4,1200
3227.5,1200
3227.6,1200
3227.7,1200
3227.8,1200
3227.9,1200
3228,1200
3228.1,1200
3228.2,1200
3228.3,1200
3228.4,1200
3228.5,1200
3228.6,1200
3228.7,1200
3228.8,1200
3228.9,1200
3229,1200
3229.1,1200
3229.2,1200
3229.3,1200
3229.4,1200
3229.5,1200
3229.6,1200
3229.7,1200
3229.8,1200
3229.9,1200
3230,1200
3230.1,1200
3230.2,1200
3230.3,1200
3230.4,1200
3230.5,1200
3230.6,1200
3230.7,1200
3230.8,1200
3230.9,1200
3231,1200
3231.1,1200
3231.2,1200
3231.3,1200
3231.4,1200
3231.5,1200
3231.6,1200
3231.7,1200
3231.8,1200
3231.9,1200
3232,1200
3232.1,1200
3232.2,1200
3232.3,1200
3232.4,1200
3232.5,1200
3232.6,1200
3232.7,1200
3232.8,1200
3232.9,1200
3233,1200
3233.1,1200
3233.2,1200
3233.3,1200
3233.4,1200
3233.5,1200
3233.6,1200
3233.7,1200
3233.8,1200
3233.9,1200
3234,1200
3234.1,1200
3234.2,1200
3234.3,1200
3234.4,1200
3234.5,1200
3234.6,1200
3234.7,1200
3234.8,1200
3234.9,1200
3235,1200
3235.1,1200
3235.2,1200
3235.3,1200
3235.4,1200
3235.5,1200
3235.6,1200
3235.7,1200
3235.8,1200
3235.9,1200
3236,1200
3236.1,1200
3236.2,1200
3236.3,1200
3236.4,1200
3236.5,1200
3236.6,1200
3236.7,1200
3236.8,1200
3236.9,1200
3237,1200
3237.1,1200
3237.2,1200
3237.3,1200
3237.4,1200
3237.5,1200
3237.6,1200
3237.7,1200
3237.8,1200
3237.9,1200
3238,1200
3238.1,1200
3238.2,1200
3238.3,1200
3238.4,1200
3238.5,1200
3238.6,1200
3238.7,1200
3238.8,1200
3238.9,1200
3239,1200
3239.1,1200
3239.2,1200
3239.3,1200
3239.4,1200
3239.5,1200
3239.6,1200
3239.7,1200
3239.8,1200
3239.9,1200
3240,1200
3240.1,1200
3240.2,1200
3240.3,1200
3240.4,1200
3240.5,1200
3240.6,1200
3240.7,1200
3240.8,1200
3240.9,1200
3241,1200
3241.1,1200
3241.2,1200
3241.3,1200
3241.4,1200
3241.5,1200
3241.6,1200
3241.7,1200
3241.8,1200
3241.9,1200
3242,1200
3242.1,1200
3242.2,1200
3242.3,1200
3242.4,1200
3242.5,1200
3242.6,1200
3242.7,1200
3242.8,1200
3242.9,1200
3243,1200
3243.1,1200
3243.2,1200
3243.3,1200
3243.4,1200
3243.5,1200
3243.6,1200
3243.7,1200
3243.8,1200
3243.9,1200
3244,1200
3244.1,1200
3244.2,1200
3244.3,1200
3244.4,1200
3244.5,1200
3244.6,1200
3244.7,1200
3244.8,1200
3244.9,1200
3245,1200
3245.1,1200
3245.2,1200
3245.3,1200
3245.4,1200
3245.5,1200
3245.6,1200
3245.7,1200
3245.8,1200
3245.9,1200
3246,1200
3246.1,1200
3246.2,1200
3246.3,1200
3246.4,1200
3246.5,1200
3246.6,1200
3246.7,1200
3246.8,1200
3246.9,1200
3247,1200
3247.1,1200
3247.2,1200
3247.3,1200
3247.4,1200
3247.5,1200
3247.6,1200
3247.7,1200
3247.8,1200
3247.9,1200
3248,1200
3248.1,1200
3248.2,1200
3248.3,1200
3248.4,1200
3248.5,1200
3248.6,1200
3248.7,1200
3248.8,1200
3248.9,1200
3249,1200
3249.1,1200
3249.2,1200
3249.3,1200
3249.4,1200
3249.5,1200
3249.6,1200
3249.7,1200
3249.8,1200
3249.9,1200
3250,1200
3250.1,1200
3250.2,1200
3250.3,1200
3250.4,1200
3250.5,1200
3250.6,1200
3250.7,1200
3250.8,1200
3250.9,1200
3251,1200
3251.1,1200
3251.2,1200
3251.3,1200
3251.4,1200
3251.5,1200
3251.6,1200
3251.7,1200
3251.8,1200
3251.9,1200
3252,1200
3252.1,1200
3252.2,1200
3252.3,1200
3252.4,1200
3252.5,1200
3252.6,1200
3252.7,1200
3252.8,1200
3252.9,1200
3253,1200
3253.1,1200
3253.2,1200
3253.3,1200
3253.4,1200
3253.5,1200
3253.6,1200
3253.7,1200
3253.8,1200
3253.9,1200
3254,1200
3254.1,1200
3254.2,1200
3254.3,1200
3254.4,1200
3254.5,1200
3254.6,1200
3254.7,1200
3254.8,1200
3254.9,1200
3255,1200
3255.1,1200
3255.2,1200
3255.3,1200
3255.4,1200
3255.5,1200
3255.6,1200
3255.7,1200
3255.8,1200
3255.9,1200
3256,1200
3256.1,1200
3256.2,1200
3256.3,1200
3256.4,1200
3256.5,1200
3256.6,1200
3256.7,1200
3256.8,1200
3256.9,1200
3257,1200
3257.1,1200
3257.2,1200
3257.3,1200
3257.4,1200
3257.5,1200
3257.6,1200
3257.7,1200
3257.8,1200
3257.9,1200
3258,1200
3258.1,1200
3258.2,1200
3258.3,1200
3258.4,1200
3258.5,1200
3258.6,1200
3258.7,1200
3258.8,1200
3258.9,1200
3259,1200
3259.1,1200
3259.2,1200
3259.3,1200
3259.4,1200
3259.5,1200
3259.6,1200
3259.7,1200
3259.8,1200
3259.9,1200
3260,1200
3260.1,1200
3260.2,1200
3260.3,1200
3260.4,1200
3260.5,1200
3260.6,1200
3260.7,1200
3260.8,1200
3260.9,1200
3261,1200
3261.1,1200
3261.2,1200
3261.3,1200
3261.4,1200
3261.5,1200
3261.6,1200
3261.7,1200
3261.8,1200
3261.9,1200
3262,1200
3262.1,1200
3262.2,1200
3262.3,1200
3262.4,1200
3262.5,1200
3262.6,1200
3262.7,1200
3262.8,1200
3262.9,1200
3263,1200
3263.1,1200
3263.2,1200
3263.3,1200
3263.4,1200
3263.5,1200
3263.6,1200
3263.7,1200
3263.8,1200
3263.9,1200
3264,1200
3264.1,1200
3264.2,1200
3264.3,1200
3264.4,1200
3264.5,1200
3264.6,1200
3264.7,1200
3264.8,1200
3264.9,1200
3265,1200
3265.1,1200
3265.2,1200
3265.3,1200
3265.4,1200
3265.5,1200
3265.6,1200
3265.7,1200
3265.8,1200
3265.9,1200
3266,1200
3266.1,1200
3266.2,1200
3266.3,1200
3266.4,1200
3266.5,1200
3266.6,1200
3266.7,1200
3266.8,1200
3266.9,1200
3267,1200
3267.1,1200
3267.2,1200
3267.3,1200
3267.4,1200
3267.5,1200
3267.6,1200
3267.7,1200
3267.8,1200
3267.9,1200
3268,1200
3268.1,1200
3268.2,1200
3268.3,1200
3268.4,1200
3268.5,1200
3268.6,1200
3268.7,1200
3268.8,1200
3268.9,1200
3269,1200
3269.1,1200
3269.2,1200
3269.3,1200
3269.4,1200
3269.5,1200
3269.6,1200
3269.7,1200
3269.8,1200
3269.9,1200
3270,1200
3270.1,1200
3270.2,1200
3270.3,1200
3270.4,1200
3270.5,1200
3270.6,1200
3270.7,1200
3270.8,1200
3270.9,1200
3271,1200
3271.1,1200
3271.2,1200
3271.3,1200
3271.4,1200
3271.5,1200
3271.6,1200
3271.7,1200
3271.8,1200
3271.9,1200
3272,1200
3272.1,1200
3272.2,1200
3272.3,1200
3272.4,1200
3272.5,1200
3272.6,1200
3272.7,1200
3272.8,1200
3272.9,1200
3273,1200
3273.1,1200
3273.2,1200
3273.3,1200
3273.4,1200
3273.5,1200
3273.6,1200
3273.7,1200
3273.8,1200
3273.9,1200
3274,1200
3274.1,1200
3274.2,1200
3274.3,1200
3274.4,1200
3274.5,1200
3274.6,1200
3274.7,1200
3274.8,1200
3274.9,1200
3275,1200
3275.1,1200
3275.2,1200
3275.3,1200
3275.4,1200
3275.5,1200
3275.6,1200
3275.7,1200
3275.8,1200
3275.9,1200
3276,1200
3276.1,1200
3276.2,1200
3276.3,1200
3276.4,1200
3276.5,1200
3276.6,1200
3276.7,1200
3276.8,1200
3276.9,1200
3277,1200
3277.1,1200
3277.2,1200
3277.3,1200
3277.4,1200
3277.5,1200
3277.6,1200
3277.7,1200
3277.8,1200
3277.9,1200
3278,1200
3278.1,1200
3278.2,1200
3278.3,1200
3278.4,1200
3278.5,1200
3278.6,1200
3278.7,1200
3278.8,1200
3278.9,1200
3279,1200
3279.1,1200
3279.2,1200
3279.3,1200
3279.4,1200
3279.5,1200
3279.6,1200
3279.7,1200
3279.8,1200
3279.9,1200
3280,1200
3280.1,1200
3280.2,1200
3280.3,1200
3280.4,1200
3280.5,1200
3280.6,1200
3280.7,1200
3280.8,1200
3280.9,1200
3281,1200
3281.1,1200
3281.2,1200
3281.3,1200
3281.4,1200
3281.5,1200
3281.6,1200
3281.7,1200
3281.8,1200
3281.9,1200
3282,1200
3282.1,1200
3282.2,1200
3282.3,1200
3282.4,1200
3282.5,1200
3282.6,1200
3282.7,1200
3282.8,1200
3282.9,1200
3283,1200
3283.1,1200
3283.2,1200
3283.3,1200
3283.4,1200
3283.5,1200
3283.6,1200
3283.7,1200
3283.8,1200
3283.9,1200
3284,1200
3284.1,1200
3284.2,1200
3284.3,1200
3284.4,1200
3284.5,1200
3284.6,1200
3284.7,1200
3284.8,1200
3284.9,1200
3285,1200
3285.1,1200
3285.2,1200
3285.3,1200
3285.4,1200
3285.5,1200
3285.6,1200
3285.7,1200
3285.8,1200
3285.9,1200
3286,1200
3286.1,1200
3286.2,1200
3286.3,1200
3286.4,1200
3286.5,1200
3286.6,1200
3286.7,1200
3286.8,1200
3286.9,1200
3287,1200
3287.1,1200
3287.2,1200
3287.3,1200
3287.4,1200
3287.5,1200
3287.6,1200
3287.7,1200
3287.8,1200
3287.9,1200
3288,1200
3288.1,1200
3288.2,1200
3288.3,1200
3288.4,1200
3288.5,1200
3288.6,1200
3288.7,1200
3288.8,1200
3288.9,1200
3289,1200
3289.1,1200
3289.2,1200
3289.3,1200
3289.4,1200
3289.5,1200
3289.6,1200
3289.7,1200
3289.8,1200
3289.9,1200
3290,1200
3290.1,1200
3290.2,1200
3290.3,1200
3290.4,1200
3290.5,1200
3290.6,1200
3290.7,1200
3290.8,1200
3290.9,1200
3291,1200
3291.1,1200
3291.2,1200
3291.3,1200
3291.4,1200
3291.5,1200
3291.6,1200
3291.7,1200
3291.8,1200
3291.9,1200
3292,1200
3292.1,1200
3292.2,1200
3292.3,1200
3292.4,1200
3292.5,1200
3292.6,1200
3292.7,1200
3292.8,1200
3292.9,1200
3293,1200
3293.1,1200
3293.2,1200
3293.3,1200
3293.4,1200
3293.5,1200
3293.6,1200
3293.7,1200
3293.8,1200
3293.9,1200
3294,1200
3294.1,1200
3294.2,1200
3294.3,1200
3294.4,1200
3294.5,1200
3294.6,1200
3294.7,1200
3294.8,1200
3294.9,1200
3295,1200
3295.1,1200
3295.2,1200
3295.3,1200
3295.4,1200
3295.5,1200
3295.6,1200
3295.7,1200
3295.8,1200
3295.9,1200
3296,1200
3296.1,1200
3296.2,1200
3296.3,1200
3296.4,1200
3296.5,1200
3296.6,1200
3296.7,1200
3296.8,1200
3296.9,1200
3297,1200
3297.1,1200
3297.2,1200
3297.3,1200
3297.4,1200
3297.5,1200
3297.6,1200
3297.7,1200
3297.8,1200
3297.9,1200
3298,1200
3298.1,1200
3298.2,1200
3298.3,1200
3298.4,1200
3298.5,1200
3298.6,1200
3298.7,1200
3298.8,1200
3298.9,1200
3299,1200
3299.1,1200
3299.2,1200
3299.3,1200
3299.4,1200
3299.5,1200
3299.6,1200
3299.7,1200
3299.8,1200
3299.9,1200
3300,1200
3300.1,1200
3300.2,1200
3300.3,1200
3300.4,1200
3300.5,1200
3300.6,1200
3300.7,1200
3300.8,1200
3300.9,1200
3301,1200
3301.1,1200
3301.2,1200
3301.3,1200
3301.4,1200
3301.5,1200
3301.6,1200
3301.7,1200
3301.8,1200
3301.9,1200
3302,1200
3302.1,1200
3302.2,1200
3302.3,1200
3302.4,1200
3302.5,1200
3302.6,1200
3302.7,1200
3302.8,1200
3302.9,1200
3303,1200
3303.1,1200
3303.2,1200
3303.3,1200
3303.4,1200
3303.5,1200
3303.6,1200
3303.7,1200
3303.8,1200
3303.9,1200
3304,1200
3304.1,1200
3304.2,1200
3304.3,1200
3304.4,1200
3304.5,1200
3304.6,1200
3304.7,1200
3304.8,1200
3304.9,1200
3305,1200
3305.1,1200
3305.2,1200
3305.3,1200
3305.4,1200
3305.5,1200
3305.6,1200
3305.7,1200
3305.8,1200
3305.9,1200
3306,1200
3306.1,1200
3306.2,1200
3306.3,1200
3306.4,1200
3306.5,1200
3306.6,1200
3306.7,1200
3306.8,1200
3306.9,1200
3307,1200
3307.1,1200
3307.2,1200
3307.3,1200
3307.4,1200
3307.5,1200
3307.6,1200
3307.7,1200
3307.8,1200
3307.9,1200
3308,1200
3308.1,1200
3308.2,1200
3308.3,1200
3308.4,1200
3308.5,1200
3308.6,1200
3308.7,1200
3308.8,1200
3308.9,1200
3309,1200
3309.1,1200
3309.2,1200
3309.3,1200
3309.4,1200
3309.5,1200
3309.6,1200
3309.7,1200
3309.8,1200
3309.9,1200
3310,1200
3310.1,1200
3310.2,1200
3310.3,1200
3310.4,1200
3310.5,1200
3310.6,1200
3310.7,1200
3310.8,1200
3310.9,1200
3311,1200
3311.1,1200
3311.2,1200
3311.3,1200
3311.4,1200
3311.5,1200
3311.6,1200
3311.7,1200
3311.8,1200
3311.9,1200
3312,1200
3312.1,1200
3312.2,1200
3312.3,1200
3312.4,1200
3312.5,1200
3312.6,1200
3312.7,1200
3312.8,1200
3312.9,1200
3313,1200
3313.1,1200
3313.2,1200
3313.3,1200
3313.4,1200
3313.5,1200
3313.6,1200
3313.7,1200
3313.8,1200
3313.9,1200
3314,1200
3314.1,1200
3314.2,1200
3314.3,1200
3314.4,1200
3314.5,1200
3314.6,1200
3314.7,1200
3314.8,1200
3314.9,1200
3315,1200
3315.1,1200
3315.2,1200
3315.3,1200
3315.4,1200
3315.5,1200
3315.6,1200
3315.7,1200
3315.8,1200
3315.9,1200
3316,1200
3316.1,1200
3316.2,1200
3316.3,1200
3316.4,1200
3316.5,1200
3316.6,1200
3316.7,1200
3316.8,1200
3316.9,1200
3317,1200
3317.1,1200
3317.2,1200
3317.3,1200
3317.4,1200
3317.5,1200
3317.6,1200
3317.7,1200
3317.8,1200
3317.9,1200
3318,1200
3318.1,1200
3318.2,1200
3318.3,1200
3318.4,1200
3318.5,1200
3318.6,1200
3318.7,1200
3318.8,1200
3318.9,1200
3319,1200
3319.1,1200
3319.2,1200
3319.3,1200
3319.4,1200
3319.5,1200
3319.6,1200
3319.7,1200
3319.8,1200
3319.9,1200
3320,1200
3320.1,1200
3320.2,1200
3320.3,1200
3320.4,1200
3320.5,1200
3320.6,1200
3320.7,1200
3320.8,1200
3320.9,1200
3321,1200
3321.1,1200
3321.2,1200
3321.3,1200
3321.4,1200
3321.5,1200
3321.6,1200
3321.7,1200
3321.8,1200
3321.9,1200
3322,1200
3322.1,1200
3322.2,1200
3322.3,1200
3322.4,1200
3322.5,1200
3322.6,1200
3322.7,1200
3322.8,1200
3322.9,1200
3323,1200
3323.1,1200
3323.2,1200
3323.3,1200
3323.4,1200
3323.5,1200
3323.6,1200
3323.7,1200
3323.8,1200
3323.9,1200
3324,1200
3324.1,1200
3324.2,1200
3324.3,1200
3324.4,1200
3324.5,1200
3324.6,1200
3324.7,1200
3324.8,1200
3324.9,1200
3325,1200
3325.1,1200
3325.2,1200
3325.3,1200
3325.4,1200
3325.5,1200
3325.6,1200
3325.7,1200
3325.8,1200
3325.9,1200
3326,1200
3326.1,1200
3326.2,1200
3326.3,1200
3326.4,1200
3326.5,1200
3326.6,1200
3326.7,1200
3326.8,1200
3326.9,1200
3327,1200
3327.1,1200
3327.2,1200
3327.3,1200
3327.4,1200
3327.5,1200
3327.6,1200
3327.7,1200
3327.8,1200
3327.9,1200
3328,1200
3328.1,1200
3328.2,1200
3328.3,1200
3328.4,1200
3328.5,1200
3328.6,1200
3328.7,1200
3328.8,1200
3328.9,1200
3329,1200
3329.1,1200
3329.2,1200
3329.3,1200
3329.4,1200
3329.5,1200
3329.6,1200
3329.7,1200
3329.8,1200
3329.9,1200
3330,1200
3330.1,1200
3330.2,1200
3330.3,1200
3330.4,1200
3330.5,1200
3330.6,1200
3330.7,1200
3330.8,1200
3330.9,1200
3331,1200
3331.1,1200
3331.2,1200
3331.3,1200
3331.4,1200
3331.5,1200
3331.6,1200
3331.7,1200
3331.8,1200
3331.9,1200
3332,1200
3332.1,1200
3332.2,1200
3332.3,1200
3332.4,1200
3332.5,1200
3332.6,1200
3332.7,1200
3332.8,1200
3332.9,1200
3333,1200
3333.1,1200
3333.2,1200
3333.3,1200
3333.4,1200
3333.5,1200
3333.6,1200
3333.7,1200
3333.8,1200
3333.9,1200
3334,1200
3334.1,1200
3334.2,1200
3334.3,1200
3334.4,1200
3334.5,1200
3334.6,1200
3334.7,1200
3334.8,1200
3334.9,1200
3335,1200
3335.1,1200
3335.2,1200
3335.3,1200
3335.4,1200
3335.5,1200
3335.6,1200
3335.7,1200
3335.8,1200
3335.9,1200
3336,1200
3336.1,1200
3336.2,1200
3336.3,1200
3336.4,1200
3336.5,1200
3336.6,1200
3336.7,1200
3336.8,1200
3336.9,1200
3337,1200
3337.1,1200
3337.2,1200
3337.3,1200
3337.4,1200
3337.5,1200
3337.6,1200
3337.7,1200
3337.8,1200
3337.9,1200
3338,1200
3338.1,1200
3338.2,1200
3338.3,1200
3338.4,1200
3338.5,1200
3338.6,1200
3338.7,1200
3338.8,1200
3338.9,1200
3339,1200
3339.1,1200
3339.2,1200
3339.3,1200
3339.4,1200
3339.5,1200
3339.6,1200
3339.7,1200
3339.8,1200
3339.9,1200
3340,1200
3340.1,1200
3340.2,1200
3340.3,1200
3340.4,1200
3340.5,1200
3340.6,1200
3340.7,1200
3340.8,1200
3340.9,1200
3341,1200
3341.1,1200
3341.2,1200
3341.3,1200
3341.4,1200
3341.5,1200
3341.6,1200
3341.7,1200
3341.8,1200
3341.9,1200
3342,1200
3342.1,1200
3342.2,1200
3342.3,1200
3342.4,1200
3342.5,1200
3342.6,1200
3342.7,1200
3342.8,1200
3342.9,1200
3343,1200
3343.1,1200
3343.2,1200
3343.3,1200
3343.4,1200
3343.5,1200
3343.6,1200
3343.7,1200
3343.8,1200
3343.9,1200
3344,1200
3344.1,1200
3344.2,1200
3344.3,1200
3344.4,1200
3344.5,1200
3344.6,1200
3344.7,1200
3344.8,1200
3344.9,1200
3345,1200
3345.1,1200
3345.2,1200
3345.3,1200
3345.4,1200
3345.5,1200
3345.6,1200
3345.7,1200
3345.8,1200
3345.9,1200
3346,1200
3346.1,1200
3346.2,1200
3346.3,1200
3346.4,1200
3346.5,1200
3346.6,1200
3346.7,1200
3346.8,1200
3346.9,1200
3347,1200
3347.1,1200
3347.2,1200
3347.3,1200
3347.4,1200
3347.5,1200
3347.6,1200
3347.7,1200
3347.8,1200
3347.9,1200
3348,1200
3348.1,1200
3348.2,1200
3348.3,1200
3348.4,1200
3348.5,1200
3348.6,1200
3348.7,1200
3348.8,1200
3348.9,1200
3349,1200
3349.1,1200
3349.2,1200
3349.3,1200
3349.4,1200
3349.5,1200
3349.6,1200
3349.7,1200
3349.8,1200
3349.9,1200
3350,1200
3350.1,1200
3350.2,1200
3350.3,1200
3350.4,1200
3350.5,1200
3350.6,1200
3350.7,1200
3350.8,1200
3350.9,1200
3351,1200
3351.1,1200
3351.2,1200
3351.3,1200
3351.4,1200
3351.5,1200
3351.6,1200
3351.7,1200
3351.8,1200
3351.9,1200
3352,1200
3352.1,1200
3352.2,1200
3352.3,1200
3352.4,1200
3352.5,1200
3352.6,1200
3352.7,1200
3352.8,1200
3352.9,1200
3353,1200
3353.1,1200
3353.2,1200
3353.3,1200
3353.4,1200
3353.5,1200
3353.6,1200
3353.7,1200
3353.8,1200
3353.9,1200
3354,1200
3354.1,1200
3354.2,1200
3354.3,1200
3354.4,1200
3354.5,1200
3354.6,1200
3354.7,1200
3354.8,1200
3354.9,1200
3355,1200
3355.1,1200
3355.2,1200
3355.3,1200
3355.4,1200
3355.5,1200
3355.6,1200
3355.7,1200
3355.8,1200
3355.9,1200
3356,1200
3356.1,1200
3356.2,1200
3356.3,1200
3356.4,1200
3356.5,1200
3356.6,1200
3356.7,1200
3356.8,1200
3356.9,1200
3357,1200
3357.1,1200
3357.2,1200
3357.3,1200
3357.4,1200
3357.5,1200
3357.6,1200
3357.7,1200
3357.8,1200
3357.9,1200
3358,1200
3358.1,1200
3358.2,1200
3358.3,1200
3358.4,1200
3358.5,1200
3358.6,1200
3358.7,1200
3358.8,1200
3358.9,1200
3359,1200
3359.1,1200
3359.2,1200
3359.3,1200
3359.4,1200
3359.5,1200
3359.6,1200
3359.7,1200
3359.8,1200
3359.9,1200
3360,1200
3360.1,1200
3360.2,1200
3360.3,1200
3360.4,1200
3360.5,1200
3360.6,1200
3360.7,1200
3360.8,1200
3360.9,1200
3361,1200
3361.1,1200
3361.2,1200
3361.3,1200
3361.4,1200
3361.5,1200
3361.6,1200
3361.7,1200
3361.8,1200
3361.9,1200
3362,1200
3362.1,1200
3362.2,1200
3362.3,1200
3362.4,1200
3362.5,1200
3362.6,1200
3362.7,1200
3362.8,1200
3362.9,1200
3363,1200
3363.1,1200
3363.2,1200
3363.3,1200
3363.4,1200
3363.5,1200
3363.6,1200
3363.7,1200
3363.8,1200
3363.9,1200
3364,1200
3364.1,1200
3364.2,1200
3364.3,1200
3364.4,1200
3364.5,1200
3364.6,1200
3364.7,1200
3364.8,1200
3364.9,1200
3365,1200
3365.1,1200
3365.2,1200
3365.3,1200
3365.4,1200
3365.5,1200
3365.6,1200
3365.7,1200
3365.8,1200
3365.9,1200
3366,1200
3366.1,1200
3366.2,1200
3366.3,1200
3366.4,1200
3366.5,1200
3366.6,1200
3366.7,1200
3366.8,1200
3366.9,1200
3367,1200
3367.1,1200
3367.2,1200
3367.3,1200
3367.4,1200
3367.5,1200
3367.6,1200
3367.7,1200
3367.8,1200
3367.9,1200
3368,1200
3368.1,1200
3368.2,1200
3368.3,1200
3368.4,1200
3368.5,1200
3368.6,1200
3368.7,1200
3368.8,1200
3368.9,1200
3369,1200
3369.1,1200
3369.2,1200
3369.3,1200
3369.4,1200
3369.5,1200
3369.6,1200
3369.7,1200
3369.8,1200
3369.9,1200
3370,1200
3370.1,1200
3370.2,1200
3370.3,1200
3370.4,1200
3370.5,1200
3370.6,1200
3370.7,1200
3370.8,1200
3370.9,1200
3371,1200
3371.1,1200
3371.2,1200
3371.3,1200
3371.4,1200
3371.5,1200
3371.6,1200
3371.7,1200
3371.8,1200
3371.9,1200
3372,1200
3372.1,1200
3372.2,1200
3372.3,1200
3372.4,1200
3372.5,1200
3372.6,1200
3372.7,1200
3372.8,1200
3372.9,1200
3373,1200
3373.1,1200
3373.2,1200
3373.3,1200
3373.4,1200
3373.5,1200
3373.6,1200
3373.7,1200
3373.8,1200
3373.9,1200
3374,1200
3374.1,1200
3374.2,1200
3374.3,1200
3374.4,1200
3374.5,1200
3374.6,1200
3374.7,1200
3374.8,1200
3374.9,1200
3375,1200
3375.1,1200
3375.2,1200
3375.3,1200
3375.4,1200
3375.5,1200
3375.6,1200
3375.7,1200
3375.8,1200
3375.9,1200
3376,1200
3376.1,1200
3376.2,1200
3376.3,1200
3376.4,1200
3376.5,1200
3376.6,1200
3376.7,1200
3376.8,1200
3376.9,1200
3377,1200
3377.1,1200
3377.2,1200
3377.3,1200
3377.4,1200
3377.5,1200
3377.6,1200
3377.7,1200
3377.8,1200
3377.9,1200
3378,1200
3378.1,1200
3378.2,1200
3378.3,1200
3378.4,1200
3378.5,1200
3378.6,1200
3378.7,1200
3378.8,1200
3378.9,1200
3379,1200
3379.1,1200
3379.2,1200
3379.3,1200
3379.4,1200
3379.5,1200
3379.6,1200
3379.7,1200
3379.8,1200
3379.9,1200
3380,1200
3380.1,1200
3380.2,1200
3380.3,1200
3380.4,1200
3380.5,1200
3380.6,1200
3380.7,1200
3380.8,1200
3380.9,1200
3381,1200
3381.1,1200
3381.2,1200
3381.3,1200
3381.4,1200
3381.5,1200
3381.6,1200
3381.7,1200
3381.8,1200
3381.9,1200
3382,1200
3382.1,1200
3382.2,1200
3382.3,1200
3382.4,1200
3382.5,1200
3382.6,1200
3382.7,1200
3382.8,1200
3382.9,1200
3383,1200
3383.1,1200
3383.2,1200
3383.3,1200
3383.4,1200
3383.5,1200
3383.6,1200
3383.7,1200
3383.8,1200
3383.9,1200
3384,1200
3384.1,1200
3384.2,1200
3384.3,1200
3384.4,1200
3384.5,1200
3384.6,1200
3384.7,1200
3384.8,1200
3384.9,1200
3385,1200
3385.1,1200
3385.2,1200
3385.3,1200
3385.4,1200
3385.5,1200
3385.6,1200
3385.7,1200
3385.8,1200
3385.9,1200
3386,1200
3386.1,1200
3386.2,1200
3386.3,1200
3386.4,1200
3386.5,1200
3386.6,1200
3386.7,1200
3386.8,1200
3386.9,1200
3387,1200
3387.1,1200
3387.2,1200
3387.3,1200
3387.4,1200
3387.5,1200
3387.6,1200
3387.7,1200
3387.8,1200
3387.9,1200
3388,1200
3388.1,1200
3388.2,1200
3388.3,1200
3388.4,1200
3388.5,1200
3388.6,1200
3388.7,1200
3388.8,1200
3388.9,1200
3389,1200
3389.1,1200
3389.2,1200
3389.3,1200
3389.4,1200
3389.5,1200
3389.6,1200
3389.7,1200
3389.8,1200
3389.9,1200
3390,1200
3390.1,1200
3390.2,1200
3390.3,1200
3390.4,1200
3390.5,1200
3390.6,1200
3390.7,1200
3390.8,1200
3390.9,1200
3391,1200
3391.1,1200
3391.2,1200
3391.3,1200
3391.4,1200
3391.5,1200
3391.6,1200
3391.7,1200
3391.8,1200
3391.9,1200
3392,1200
3392.1,1200
3392.2,1200
3392.3,1200
3392.4,1200
3392.5,1200
3392.6,1200
3392.7,1200
3392.8,1200
3392.9,1200
3393,1200
3393.1,1200
3393.2,1200
3393.3,1200
3393.4,1200
3393.5,1200
3393.6,1200
3393.7,1200
3393.8,1200
3393.9,1200
3394,1200
3394.1,1200
3394.2,1200
3394.3,1200
3394.4,1200
3394.5,1200
3394.6,1200
3394.7,1200
3394.8,1200
3394.9,1200
3395,1200
3395.1,1200
3395.2,1200
3395.3,1200
3395.4,1200
3395.5,1200
3395.6,1200
3395.7,1200
3395.8,1200
3395.9,1200
3396,1200
3396.1,1200
3396.2,1200
3396.3,1200
3396.4,1200
3396.5,1200
3396.6,1200
3396.7,1200
3396.8,1200
3396.9,1200
3397,1200
3397.1,1200
3397.2,1200
3397.3,1200
3397.4,1200
3397.5,1200
3397.6,1200
3397.7,1200
3397.8,1200
3397.9,1200
3398,1200
3398.1,1200
3398.2,1200
3398.3,1200
3398.4,1200
3398.5,1200
3398.6,1200
3398.7,1200
3398.8,1200
3398.9,1200
3399,1200
3399.1,1200
3399.2,1200
3399.3,1200
3399.4,1200
3399.5,1200
3399.6,1200
3399.7,1200
3399.8,1200
3399.9,1200
3400,1200
3400.1,1200
3400.2,1200
3400.3,1200
3400.4,1200
3400.5,1200
3400.6,1200
3400.7,1200
3400.8,1200
3400.9,1200
3401,1200
3401.1,1200
3401.2,1200
3401.3,1200
3401.4,1200
3401.5,1200
3401.6,1200
3401.7,1200
3401.8,1200
3401.9,1200
3402,1200
3402.1,1200
3402.2,1200
3402.3,1200
3402.4,1200
3402.5,1200
3402.6,1200
3402.7,1200
3402.8,1200
3402.9,1200
3403,1200
3403.1,1200
3403.2,1200
3403.3,1200
3403.4,1200
3403.5,1200
3403.6,1200
3403.7,1200
3403.8,1200
3403.9,1200
3404,1200
3404.1,1200
3404.2,1200
3404.3,1200
3404.4,1200
3404.5,1200
3404.6,1200
3404.7,1200
3404.8,1200
3404.9,1200
3405,1200
3405.1,1200
3405.2,1200
3405.3,1200
3405.4,1200
3405.5,1200
3405.6,1200
3405.7,1200
3405.8,1200
3405.9,1200
3406,1200
3406.1,1200
3406.2,1200
3406.3,1200
3406.4,1200
3406.5,1200
3406.6,1200
3406.7,1200
3406.8,1200
3406.9,1200
3407,1200
3407.1,1200
3407.2,1200
3407.3,1200
3407.4,1200
3407.5,1200
3407.6,1200
3407.7,1200
3407.8,1200
3407.9,1200
3408,1200
3408.1,1200
3408.2,1200
3408.3,1200
3408.4,1200
3408.5,1200
3408.6,1200
3408.7,1200
3408.8,1200
3408.9,1200
3409,1200
3409.1,1200
3409.2,1200
3409.3,1200
3409.4,1200
3409.5,1200
3409.6,1200
3409.7,1200
3409.8,1200
3409.9,1200
3410,1200
3410.1,1200
3410.2,1200
3410.3,1200
3410.4,1200
3410.5,1200
3410.6,1200
3410.7,1200
3410.8,1200
3410.9,1200
3411,1200
3411.1,1200
3411.2,1200
3411.3,1200
3411.4,1200
3411.5,1200
3411.6,1200
3411.7,1200
3411.8,1200
3411.9,1200
3412,1200
3412.1,1200
3412.2,1200
3412.3,1200
3412.4,1200
3412.5,1200
3412.6,1200
3412.7,1200
3412.8,1200
3412.9,1200
3413,1200
3413.1,1200
3413.2,1200
3413.3,1200
3413.4,1200
3413.5,1200
3413.6,1200
3413.7,1200
3413.8,1200
3413.9,1200
3414,1200
3414.1,1200
3414.2,1200
3414.3,1200
3414.4,1200
3414.5,1200
3414.6,1200
3414.7,1200
3414.8,1200
3414.9,1200
3415,1200
3415.1,1200
3415.2,1200
3415.3,1200
3415.4,1200
3415.5,1200
3415.6,1200
3415.7,1200
3415.8,1200
3415.9,1200
3416,1200
3416.1,1200
3416.2,1200
3416.3,1200
3416.4,1200
3416.5,1200
3416.6,1200
3416.7,1200
3416.8,1200
3416.9,1200
3417,1200
3417.1,1200
3417.2,1200
3417.3,1200
3417.4,1200
3417.5,1200
3417.6,1200
3417.7,1200
3417.8,1200
3417.9,1200
3418,1200
3418.1,1200
3418.2,1200
3418.3,1200
3418.4,1200
3418.5,1200
3418.6,1200
3418.7,1200
3418.8,1200
3418.9,1200
3419,1200
3419.1,1200
3419.2,1200
3419.3,1200
3419.4,1200
3419.5,1200
3419.6,1200
3419.7,1200
3419.8,1200
3419.9,1200
3420,1200
3420.1,1200
3420.2,1200
3420.3,1200
3420.4,1200
3420.5,1200
3420.6,1200
3420.7,1200
3420.8,1200
3420.9,1200
3421,1200
3421.1,1200
3421.2,1200
3421.3,1200
3421.4,1200
3421.5,1200
3421.6,1200
3421.7,1200
3421.8,1200
3421.9,1200
3422,1200
3422.1,1200
3422.2,1200
3422.3,1200
3422.4,1200
3422.5,1200
3422.6,1200
3422.7,1200
3422.8,1200
3422.9,1200
3423,1200
3423.1,1200
3423.2,1200
3423.3,1200
3423.4,1200
3423.5,1200
3423.6,1200
3423.7,1200
3423.8,1200
3423.9,1200
3424,1200
3424.1,1200
3424.2,1200
3424.3,1200
3424.4,1200
3424.5,1200
3424.6,1200
3424.7,1200
3424.8,1200
3424.9,1200
3425,1200
3425.1,1200
3425.2,1200
3425.3,1200
3425.4,1200
3425.5,1200
3425.6,1200
3425.7,1200
3425.8,1200
3425.9,1200
3426,1200
3426.1,1200
3426.2,1200
3426.3,1200
3426.4,1200
3426.5,1200
3426.6,1200
3426.7,1200
3426.8,1200
3426.9,1200
3427,1200
3427.1,1200
3427.2,1200
3427.3,1200
3427.4,1200
3427.5,1200
3427.6,1200
3427.7,1200
3427.8,1200
3427.9,1200
3428,1200
3428.1,1200
3428.2,1200
3428.3,1200
3428.4,1200
3428.5,1200
3428.6,1200
3428.7,1200
3428.8,1200
3428.9,1200
3429,1200
3429.1,1200
3429.2,1200
3429.3,1200
3429.4,1200
3429.5,1200
3429.6,1200
3429.7,1200
3429.8,1200
3429.9,1200
3430,1200
3430.1,1200
3430.2,1200
3430.3,1200
3430.4,1200
3430.5,1200
3430.6,1200
3430.7,1200
3430.8,1200
3430.9,1200
3431,1200
3431.1,1200
3431.2,1200
3431.3,1200
3431.4,1200
3431.5,1200
3431.6,1200
3431.7,1200
3431.8,1200
3431.9,1200
3432,1200
3432.1,1200
3432.2,1200
3432.3,1200
3432.4,1200
3432.5,1200
3432.6,1200
3432.7,1200
3432.8,1200
3432.9,1200
3433,1200
3433.1,1200
3433.2,1200
3433.3,1200
3433.4,1200
3433.5,1200
3433.6,1200
3433.7,1200
3433.8,1200
3433.9,1200
3434,1200
3434.1,1200
3434.2,1200
3434.3,1200
3434.4,1200
3434.5,1200
3434.6,1200
3434.7,1200
3434.8,1200
3434.9,1200
3435,1200
3435.1,1200
3435.2,1200
3435.3,1200
3435.4,1200
3435.5,1200
3435.6,1200
3435.7,1200
3435.8,1200
3435.9,1200
3436,1200
3436.1,1200
3436.2,1200
3436.3,1200
3436.4,1200
3436.5,1200
3436.6,1200
3436.7,1200
3436.8,1200
3436.9,1200
3437,1200
3437.1,1200
3437.2,1200
3437.3,1200
3437.4,1200
3437.5,1200
3437.6,1200
3437.7,1200
3437.8,1200
3437.9,1200
3438,1200
3438.1,1200
3438.2,1200
3438.3,1200
3438.4,1200
3438.5,1200
3438.6,1200
3438.7,1200
3438.8,1200
3438.9,1200
3439,1200
3439.1,1200
3439.2,1200
3439.3,1200
3439.4,1200
3439.5,1200
3439.6,1200
3439.7,1200
3439.8,1200
3439.9,1200
3440,1200
3440.1,1200
3440.2,1200
3440.3,1200
3440.4,1200
3440.5,1200
3440.6,1200
3440.7,1200
3440.8,1200
3440.9,1200
3441,1200
3441.1,1200
3441.2,1200
3441.3,1200
3441.4,1200
3441.5,1200
3441.6,1200
3441.7,1200
3441.8,1200
3441.9,1200
3442,1200
3442.1,1200
3442.2,1200
3442.3,1200
3442.4,1200
3442.5,1200
3442.6,1200
3442.7,1200
3442.8,1200
3442.9,1200
3443,1200
3443.1,1200
3443.2,1200
3443.3,1200
3443.4,1200
3443.5,1200
3443.6,1200
3443.7,1200
3443.8,1200
3443.9,1200
3444,1200
3444.1,1200
3444.2,1200
3444.3,1200
3444.4,1200
3444.5,1200
3444.6,1200
3444.7,1200
3444.8,1200
3444.9,1200
3445,1200
3445.1,1200
3445.2,1200
3445.3,1200
3445.4,1200
3445.5,1200
3445.6,1200
3445.7,1200
3445.8,1200
3445.9,1200
3446,1200
3446.1,1200
3446.2,1200
3446.3,1200
3446.4,1200
3446.5,1200
3446.6,1200
3446.7,1200
3446.8,1200
3446.9,1200
3447,1200
3447.1,1200
3447.2,1200
3447.3,1200
3447.4,1200
3447.5,1200
3447.6,1200
3447.7,1200
3447.8,1200
3447.9,1200
3448,1200
3448.1,1200
3448.2,1200
3448.3,1200
3448.4,1200
3448.5,1200
3448.6,1200
3448.7,1200
3448.8,1200
3448.9,1200
3449,1200
3449.1,1200
3449.2,1200
3449.3,1200
3449.4,1200
3449.5,1200
3449.6,1200
3449.7,1200
3449.8,1200
3449.9,1200
3450,1200
3450.1,1200
3450.2,1200
3450.3,1200
3450.4,1200
3450.5,1200
3450.6,1200
3450.7,1200
3450.8,1200
3450.9,1200
3451,1200
3451.1,1200
3451.2,1200
3451.3,1200
3451.4,1200
3451.5,1200
3451.6,1200
3451.7,1200
3451.8,1200
3451.9,1200
3452,1200
3452.1,1200
3452.2,1200
3452.3,1200
3452.4,1200
3452.5,1200
3452.6,1200
3452.7,1200
3452.8,1200
3452.9,1200
3453,1200
3453.1,1200
3453.2,1200
3453.3,1200
3453.4,1200
3453.5,1200
3453.6,1200
3453.7,1200
3453.8,1200
3453.9,1200
3454,1200
3454.1,1200
3454.2,1200
3454.3,1200
3454.4,1200
3454.5,1200
3454.6,1200
3454.7,1200
3454.8,1200
3454.9,1200
3455,1200
3455.1,1200
3455.2,1200
3455.3,1200
3455.4,1200
3455.5,1200
3455.6,1200
3455.7,1200
3455.8,1200
3455.9,1200
3456,1200
3456.1,1200
3456.2,1200
3456.3,1200
3456.4,1200
3456.5,1200
3456.6,1200
3456.7,1200
3456.8,1200
3456.9,1200
3457,1200
3457.1,1200
3457.2,1200
3457.3,1200
3457.4,1200
3457.5,1200
3457.6,1200
3457.7,1200
3457.8,1200
3457.9,1200
3458,1200
3458.1,1200
3458.2,1200
3458.3,1200
3458.4,1200
3458.5,1200
3458.6,1200
3458.7,1200
3458.8,1200
3458.9,1200
3459,1200
3459.1,1200
3459.2,1200
3459.3,1200
3459.4,1200
3459.5,1200
3459.6,1200
3459.7,1200
3459.8,1200
3459.9,1200
3460,1200
3460.1,1200
3460.2,1200
3460.3,1200
3460.4,1200
3460.5,1200
3460.6,1200
3460.7,1200
3460.8,1200
3460.9,1200
3461,1200
3461.1,1200
3461.2,1200
3461.3,1200
3461.4,1200
3461.5,1200
3461.6,1200
3461.7,1200
3461.8,1200
3461.9,1200
3462,1200
3462.1,1200
3462.2,1200
3462.3,1200
3462.4,1200
3462.5,1200
3462.6,1200
3462.7,1200
3462.8,1200
3462.9,1200
3463,1200
3463.1,1200
3463.2,1200
3463.3,1200
3463.4,1200
3463.5,1200
3463.6,1200
3463.7,1200
3463.8,1200
3463.9,1200
3464,1200
3464.1,1200
3464.2,1200
3464.3,1200
3464.4,1200
3464.5,1200
3464.6,1200
3464.7,1200
3464.8,1200
3464.9,1200
3465,1200
3465.1,1200
3465.2,1200
3465.3,1200
3465.4,1200
3465.5,1200
3465.6,1200
3465.7,1200
3465.8,1200
3465.9,1200
3466,1200
3466.1,1200
3466.2,1200
3466.3,1200
3466.4,1200
3466.5,1200
3466.6,1200
3466.7,1200
3466.8,1200
3466.9,1200
3467,1200
3467.1,1200
3467.2,1200
3467.3,1200
3467.4,1200
3467.5,1200
3467.6,1200
3467.7,1200
3467.8,1200
3467.9,1200
3468,1200
3468.1,1200
3468.2,1200
3468.3,1200
3468.4,1200
3468.5,1200
3468.6,1200
3468.7,1200
3468.8,1200
3468.9,1200
3469,1200
3469.1,1200
3469.2,1200
3469.3,1200
3469.4,1200
3469.5,1200
3469.6,1200
3469.7,1200
3469.8,1200
3469.9,1200
3470,1200
3470.1,1200
3470.2,1200
3470.3,1200
3470.4,1200
3470.5,1200
3470.6,1200
3470.7,1200
3470.8,1200
3470.9,1200
3471,1200
3471.1,1200
3471.2,1200
3471.3,1200
3471.4,1200
3471.5,1200
3471.6,1200
3471.7,1200
3471.8,1200
3471.9,1200
3472,1200
3472.1,1200
3472.2,1200
3472.3,1200
3472.4,1200
3472.5,1200
3472.6,1200
3472.7,1200
3472.8,1200
3472.9,1200
3473,1200
3473.1,1200
3473.2,1200
3473.3,1200
3473.4,1200
3473.5,1200
3473.6,1200
3473.7,1200
3473.8,1200
3473.9,1200
3474,1200
3474.1,1200
3474.2,1200
3474.3,1200
3474.4,1200
3474.5,1200
3474.6,1200
3474.7,1200
3474.8,1200
3474.9,1200
3475,1200
3475.1,1200
3475.2,1200
3475.3,1200
3475.4,1200
3475.5,1200
3475.6,1200
3475.7,1200
3475.8,1200
3475.9,1200
3476,1200
3476.1,1200
3476.2,1200
3476.3,1200
3476.4,1200
3476.5,1200
3476.6,1200
3476.7,1200
3476.8,1200
3476.9,1200
3477,1200
3477.1,1200
3477.2,1200
3477.3,1200
3477.4,1200
3477.5,1200
3477.6,1200
3477.7,1200
3477.8,1200
3477.9,1200
3478,1200
3478.1,1200
3478.2,1200
3478.3,1200
3478.4,1200
3478.5,1200
3478.6,1200
3478.7,1200
3478.8,1200
3478.9,1200
3479,1200
3479.1,1200
3479.2,1200
3479.3,1200
3479.4,1200
3479.5,1200
3479.6,1200
3479.7,1200
3479.8,1200
3479.9,1200
3480,1200
3480.1,1200
3480.2,1200
3480.3,1200
3480.4,1200
3480.5,1200
3480.6,1200
3480.7,1200
3480.8,1200
3480.9,1200
3481,1200
3481.1,1200
3481.2,1200
3481.3,1200
3481.4,1200
3481.5,1200
3481.6,1200
3481.7,1200
3481.8,1200
3481.9,1200
3482,1200
3482.1,1200
3482.2,1200
3482.3,1200
3482.4,1200
3482.5,1200
3482.6,1200
3482.7,1200
3482.8,1200
3482.9,1200
3483,1200
3483.1,1200
3483.2,1200
3483.3,1200
3483.4,1200
3483.5,1200
3483.6,1200
3483.7,1200
3483.8,1200
3483.9,1200
3484,1200
3484.1,1200
3484.2,1200
3484.3,1200
3484.4,1200
3484.5,1200
3484.6,1200
3484.7,1200
3484.8,1200
3484.9,1200
3485,1200
3485.1,1200
3485.2,1200
3485.3,1200
3485.4,1200
3485.5,1200
3485.6,1200
3485.7,1200
3485.8,1200
3485.9,1200
3486,1200
3486.1,1200
3486.2,1200
3486.3,1200
3486.4,1200
3486.5,1200
3486.6,1200
3486.7,1200
3486.8,1200
3486.9,1200
3487,1200
3487.1,1200
3487.2,1200
3487.3,1200
3487.4,1200
3487.5,1200
3487.6,1200
3487.7,1200
3487.8,1200
3487.9,1200
3488,1200
3488.1,1200
3488.2,1200
3488.3,1200
3488.4,1200
3488.5,1200
3488.6,1200
3488.7,1200
3488.8,1200
3488.9,1200
3489,1200
3489.1,1200
3489.2,1200
3489.3,1200
3489.4,1200
3489.5,1200
3489.6,1200
3489.7,1200
3489.8,1200
3489.9,1200
3490,1200
3490.1,1200
3490.2,1200
3490.3,1200
3490.4,1200
3490.5,1200
3490.6,1200
3490.7,1200
3490.8,1200
3490.9,1200
3491,1200
3491.1,1200
3491.2,1200
3491.3,1200
3491.4,1200
3491.5,1200
3491.6,1200
3491.7,1200
3491.8,1200
3491.9,1200
3492,1200
3492.1,1200
3492.2,1200
3492.3,1200
3492.4,1200
3492.5,1200
3492.6,1200
3492.7,1200
3492.8,1200
3492.9,1200
3493,1200
3493.1,1200
3493.2,1200
3493.3,1200
3493.4,1200
3493.5,1200
3493.6,1200
3493.7,1200
3493.8,1200
3493.9,1200
3494,1200
3494.1,1200
3494.2,1200
3494.3,1200
3494.4,1200
3494.5,1200
3494.6,1200
3494.7,1200
3494.8,1200
3494.9,1200
3495,1200
3495.1,1200
3495.2,1200
3495.3,1200
3495.4,1200
3495.5,1200
3495.6,1200
3495.7,1200
3495.8,1200
3495.9,1200
3496,1200
3496.1,1200
3496.2,1200
3496.3,1200
3496.4,1200
3496.5,1200
3496.6,1200
3496.7,1200
3496.8,1200
3496.9,1200
3497,1200
3497.1,1200
3497.2,1200
3497.3,1200
3497.4,1200
3497.5,1200
3497.6,1200
3497.7,1200
3497.8,1200
3497.9,1200
3498,1200
3498.1,1200
3498.2,1200
3498.3,1200
3498.4,1200
3498.5,1200
3498.6,1200
3498.7,1200
3498.8,1200
3498.9,1200
3499,1200
3499.1,1200
3499.2,1200
3499.3,1200
3499.4,1200
3499.5,1200
3499.6,1200
3499.7,1200
3499.8,1200
3499.9,1200
3500,1200
3500.1,1200
3500.2,1200
3500.3,1200
3500.4,1200
3500.5,1200
3500.6,1200
3500.7,1200
3500.8,1200
3500.9,1200
3501,1200
3501.1,1200
3501.2,1200
3501.3,1200
3501.4,1200
3501.5,1200
3501.6,1200
3501.7,1200
3501.8,1200
3501.9,1200
3502,1200
3502.1,1200
3502.2,1200
3502.3,1200
3502.4,1200
3502.5,1200
3502.6,1200
3502.7,1200
3502.8,1200
3502.9,1200
3503,1200
3503.1,1200
3503.2,1200
3503.3,1200
3503.4,1200
3503.5,1200
3503.6,1200
3503.7,1200
3503.8,1200
3503.9,1200
3504,1200
3504.1,1200
3504.2,1200
3504.3,1200
3504.4,1200
3504.5,1200
3504.6,1200
3504.7,1200
3504.8,1200
3504.9,1200
3505,1200
3505.1,1200
3505.2,1200
3505.3,1200
3505.4,1200
3505.5,1200
3505.6,1200
3505.7,1200
3505.8,1200
3505.9,1200
3506,1200
3506.1,1200
3506.2,1200
3506.3,1200
3506.4,1200
3506.5,1200
3506.6,1200
3506.7,1200
3506.8,1200
3506.9,1200
3507,1200
3507.1,1200
3507.2,1200
3507.3,1200
3507.4,1200
3507.5,1200
3507.6,1200
3507.7,1200
3507.8,1200
3507.9,1200
3508,1200
3508.1,1200
3508.2,1200
3508.3,1200
3508.4,1200
3508.5,1200
3508.6,1200
3508.7,1200
3508.8,1200
3508.9,1200
3509,1200
3509.1,1200
3509.2,1200
3509.3,1200
3509.4,1200
3509.5,1200
3509.6,1200
3509.7,1200
3509.8,1200
3509.9,1200
3510,1200
3510.1,1200
3510.2,1200
3510.3,1200
3510.4,1200
3510.5,1200
3510.6,1200
3510.7,1200
3510.8,1200
3510.9,1200
3511,1200
3511.1,1200
3511.2,1200
3511.3,1200
3511.4,1200
3511.5,1200
3511.6,1200
3511.7,1200
3511.8,1200
3511.9,1200
3512,1200
3512.1,1200
3512.2,1200
3512.3,1200
3512.4,1200
3512.5,1200
3512.6,1200
3512.7,1200
3512.8,1200
3512.9,1200
3513,1200
3513.1,1200
3513.2,1200
3513.3,1200
3513.4,1200
3513.5,1200
3513.6,1200
3513.7,1200
3513.8,1200
3513.9,1200
3514,1200
3514.1,1200
3514.2,1200
3514.3,1200
3514.4,1200
3514.5,1200
3514.6,1200
3514.7,1200
3514.8,1200
3514.9,1200
3515,1200
3515.1,1200
3515.2,1200
3515.3,1200
3515.4,1200
3515.5,1200
3515.6,1200
3515.7,1200
3515.8,1200
3515.9,1200
3516,1200
3516.1,1200
3516.2,1200
3516.3,1200
3516.4,1200
3516.5,1200
3516.6,1200
3516.7,1200
3516.8,1200
3516.9,1200
3517,1200
3517.1,1200
3517.2,1200
3517.3,1200
3517.4,1200
3517.5,1200
3517.6,1200
3517.7,1200
3517.8,1200
3517.9,1200
3518,1200
3518.1,1200
3518.2,1200
3518.3,1200
3518.4,1200
3518.5,1200
3518.6,1200
3518.7,1200
3518.8,1200
3518.9,1200
3519,1200
3519.1,1200
3519.2,1200
3519.3,1200
3519.4,1200
3519.5,1200
3519.6,1200
3519.7,1200
3519.8,1200
3519.9,1200
3520,1200
3520.1,1200
3520.2,1200
3520.3,1200
3520.4,1200
3520.5,1200
3520.6,1200
3520.7,1200
3520.8,1200
3520.9,1200
3521,1200
3521.1,1200
3521.2,1200
3521.3,1200
3521.4,1200
3521.5,1200
3521.6,1200
3521.7,1200
3521.8,1200
3521.9,1200
3522,1200
3522.1,1200
3522.2,1200
3522.3,1200
3522.4,1200
3522.5,1200
3522.6,1200
3522.7,1200
3522.8,1200
3522.9,1200
3523,1200
3523.1,1200
3523.2,1200
3523.3,1200
3523.4,1200
3523.5,1200
3523.6,1200
3523.7,1200
3523.8,1200
3523.9,1200
3524,1200
3524.1,1200
3524.2,1200
3524.3,1200
3524.4,1200
3524.5,1200
3524.6,1200
3524.7,1200
3524.8,1200
3524.9,1200
3525,1200
3525.1,1200
3525.2,1200
3525.3,1200
3525.4,1200
3525.5,1200
3525.6,1200
3525.7,1200
3525.8,1200
3525.9,1200
3526,1200
3526.1,1200
3526.2,1200
3526.3,1200
3526.4,1200
3526.5,1200
3526.6,1200
3526.7,1200
3526.8,1200
3526.9,1200
3527,1200
3527.1,1200
3527.2,1200
3527.3,1200
3527.4,1200
3527.5,1200
3527.6,1200
3527.7,1200
3527.8,1200
3527.9,1200
3528,1200
3528.1,1200
3528.2,1200
3528.3,1200
3528.4,1200
3528.5,1200
3528.6,1200
3528.7,1200
3528.8,1200
3528.9,1200
3529,1200
3529.1,1200
3529.2,1200
3529.3,1200
3529.4,1200
3529.5,1200
3529.6,1200
3529.7,1200
3529.8,1200
3529.9,1200
3530,1200
3530.1,1200
3530.2,1200
3530.3,1200
3530.4,1200
3530.5,1200
3530.6,1200
3530.7,1200
3530.8,1200
3530.9,1200
3531,1200
3531.1,1200
3531.2,1200
3531.3,1200
3531.4,1200
3531.5,1200
3531.6,1200
3531.7,1200
3531.8,1200
3531.9,1200
3532,1200
3532.1,1200
3532.2,1200
3532.3,1200
3532.4,1200
3532.5,1200
3532.6,1200
3532.7,1200
3532.8,1200
3532.9,1200
3533,1200
3533.1,1200
3533.2,1200
3533.3,1200
3533.4,1200
3533.5,1200
3533.6,1200
3533.7,1200
3533.8,1200
3533.9,1200
3534,1200
3534.1,1200
3534.2,1200
3534.3,1200
3534.4,1200
3534.5,1200
3534.6,1200
3534.7,1200
3534.8,1200
3534.9,1200
3535,1200
3535.1,1200
3535.2,1200
3535.3,1200
3535.4,1200
3535.5,1200
3535.6,1200
3535.7,1200
3535.8,1200
3535.9,1200
3536,1200
3536.1,1200
3536.2,1200
3536.3,1200
3536.4,1200
3536.5,1200
3536.6,1200
3536.7,1200
3536.8,1200
3536.9,1200
3537,1200
3537.1,1200
3537.2,1200
3537.3,1200
3537.4,1200
3537.5,1200
3537.6,1200
3537.7,1200
3537.8,1200
3537.9,1200
3538,1200
3538.1,1200
3538.2,1200
3538.3,1200
3538.4,1200
3538.5,1200
3538.6,1200
3538.7,1200
3538.8,1200
3538.9,1200
3539,1200
3539.1,1200
3539.2,1200
3539.3,1200
3539.4,1200
3539.5,1200
3539.6,1200
3539.7,1200
3539.8,1200
3539.9,1200
3540,1200
3540.1,1200
3540.2,1200
3540.3,1200
3540.4,1200
3540.5,1200
3540.6,1200
3540.7,1200
3540.8,1200
3540.9,1200
3541,1200
3541.1,1200
3541.2,1200
3541.3,1200
3541.4,1200
3541.5,1200
3541.6,1200
3541.7,1200
3541.8,1200
3541.9,1200
3542,1200
3542.1,1200
3542.2,1200
3542.3,1200
3542.4,1200
3542.5,1200
3542.6,1200
3542.7,1200
3542.8,1200
3542.9,1200
3543,1200
3543.1,1200
3543.2,1200
3543.3,1200
3543.4,1200
3543.5,1200
3543.6,1200
3543.7,1200
3543.8,1200
3543.9,1200
3544,1200
3544.1,1200
3544.2,1200
3544.3,1200
3544.4,1200
3544.5,1200
3544.6,1200
3544.7,1200
3544.8,1200
3544.9,1200
3545,1200
3545.1,1200
3545.2,1200
3545.3,1200
3545.4,1200
3545.5,1200
3545.6,1200
3545.7,1200
3545.8,1200
3545.9,1200
3546,1200
3546.1,1200
3546.2,1200
3546.3,1200
3546.4,1200
3546.5,1200
3546.6,1200
3546.7,1200
3546.8,1200
3546.9,1200
3547,1200
3547.1,1200
3547.2,1200
3547.3,1200
3547.4,1200
3547.5,1200
3547.6,1200
3547.7,1200
3547.8,1200
3547.9,1200
3548,1200
3548.1,1200
3548.2,1200
3548.3,1200
3548.4,1200
3548.5,1200
3548.6,1200
3548.7,1200
3548.8,1200
3548.9,1200
3549,1200
3549.1,1200
3549.2,1200
3549.3,1200
3549.4,1200
3549.5,1200
3549.6,1200
3549.7,1200
3549.8,1200
3549.9,1200
3550,1200
3550.1,1200
3550.2,1200
3550.3,1200
3550.4,1200
3550.5,1200
3550.6,1200
3550.7,1200
3550.8,1200
3550.9,1200
3551,1200
3551.1,1200
3551.2,1200
3551.3,1200
3551.4,1200
3551.5,1200
3551.6,1200
3551.7,1200
3551.8,1200
3551.9,1200
3552,1200
3552.1,1200
3552.2,1200
3552.3,1200
3552.4,1200
3552.5,1200
3552.6,1200
3552.7,1200
3552.8,1200
3552.9,1200
3553,1200
3553.1,1200
3553.2,1200
3553.3,1200
3553.4,1200
3553.5,1200
3553.6,1200
3553.7,1200
3553.8,1200
3553.9,1200
3554,1200
3554.1,1200
3554.2,1200
3554.3,1200
3554.4,1200
3554.5,1200
3554.6,1200
3554.7,1200
3554.8,1200
3554.9,1200
3555,1200
3555.1,1200
3555.2,1200
3555.3,1200
3555.4,1200
3555.5,1200
3555.6,1200
3555.7,1200
3555.8,1200
3555.9,1200
3556,1200
3556.1,1200
3556.2,1200
3556.3,1200
3556.4,1200
3556.5,1200
3556.6,1200
3556.7,1200
3556.8,1200
3556.9,1200
3557,1200
3557.1,1200
3557.2,1200
3557.3,1200
3557.4,1200
3557.5,1200
3557.6,1200
3557.7,1200
3557.8,1200
3557.9,1200
3558,1200
3558.1,1200
3558.2,1200
3558.3,1200
3558.4,1200
3558.5,1200
3558.6,1200
3558.7,1200
3558.8,1200
3558.9,1200
3559,1200
3559.1,1200
3559.2,1200
3559.3,1200
3559.4,1200
3559.5,1200
3559.6,1200
3559.7,1200
3559.8,1200
3559.9,1200
3560,1200
3560.1,1200
3560.2,1200
3560.3,1200
3560.4,1200
3560.5,1200
3560.6,1200
3560.7,1200
3560.8,1200
3560.9,1200
3561,1200
3561.1,1200
3561.2,1200
3561.3,1200
3561.4,1200
3561.5,1200
3561.6,1200
3561.7,1200
3561.8,1200
3561.9,1200
3562,1200
3562.1,1200
3562.2,1200
3562.3,1200
3562.4,1200
3562.5,1200
3562.6,1200
3562.7,1200
3562.8,1200
3562.9,1200
3563,1200
3563.1,1200
3563.2,1200
3563.3,1200
3563.4,1200
3563.5,1200
3563.6,1200
3563.7,1200
3563.8,1200
3563.9,1200
3564,1200
3564.1,1200
3564.2,1200
3564.3,1200
3564.4,1200
3564.5,1200
3564.6,1200
3564.7,1200
3564.8,1200
3564.9,1200
3565,1200
3565.1,1200
3565.2,1200
3565.3,1200
3565.4,1200
3565.5,1200
3565.6,1200
3565.7,1200
3565.8,1200
3565.9,1200
3566,1200
3566.1,1200
3566.2,1200
3566.3,1200
3566.4,1200
3566.5,1200
3566.6,1200
3566.7,1200
3566.8,1200
3566.9,1200
3567,1200
3567.1,1200
3567.2,1200
3567.3,1200
3567.4,1200
3567.5,1200
3567.6,1200
3567.7,1200
3567.8,1200
3567.9,1200
3568,1200
3568.1,1200
3568.2,1200
3568.3,1200
3568.4,1200
3568.5,1200
3568.6,1200
3568.7,1200
3568.8,1200
3568.9,1200
3569,1200
3569.1,1200
3569.2,1200
3569.3,1200
3569.4,1200
3569.5,1200
3569.6,1200
3569.7,1200
3569.8,1200
3569.9,1200
3570,1200
3570.1,1200
3570.2,1200
3570.3,1200
3570.4,1200
3570.5,1200
3570.6,1200
3570.7,1200
3570.8,1200
3570.9,1200
3571,1200
3571.1,1200
3571.2,1200
3571.3,1200
3571.4,1200
3571.5,1200
3571.6,1200
3571.7,1200
3571.8,1200
3571.9,1200
3572,1200
3572.1,1200
3572.2,1200
3572.3,1200
3572.4,1200
3572.5,1200
3572.6,1200
3572.7,1200
3572.8,1200
3572.9,1200
3573,1200
3573.1,1200
3573.2,1200
3573.3,1200
3573.4,1200
3573.5,1200
3573.6,1200
3573.7,1200
3573.8,1200
3573.9,1200
3574,1200
3574.1,1200
3574.2,1200
3574.3,1200
3574.4,1200
3574.5,1200
3574.6,1200
3574.7,1200
3574.8,1200
3574.9,1200
3575,1200
3575.1,1200
3575.2,1200
3575.3,1200
3575.4,1200
3575.5,1200
3575.6,1200
3575.7,1200
3575.8,1200
3575.9,1200
3576,1200
3576.1,1200
3576.2,1200
3576.3,1200
3576.4,1200
3576.5,1200
3576.6,1200
3576.7,1200
3576.8,1200
3576.9,1200
3577,1200
3577.1,1200
3577.2,1200
3577.3,1200
3577.4,1200
3577.5,1200
3577.6,1200
3577.7,1200
3577.8,1200
3577.9,1200
3578,1200
3578.1,1200
3578.2,1200
3578.3,1200
3578.4,1200
3578.5,1200
3578.6,1200
3578.7,1200
3578.8,1200
3578.9,1200
3579,1200
3579.1,1200
3579.2,1200
3579.3,1200
3579.4,1200
3579.5,1200
3579.6,1200
3579.7,1200
3579.8,1200
3579.9,1200
3580,1200
3580.1,1200
3580.2,1200
3580.3,1200
3580.4,1200
3580.5,1200
3580.6,1200
3580.7,1200
3580.8,1200
3580.9,1200
3581,1200
3581.1,1200
3581.2,1200
3581.3,1200
3581.4,1200
3581.5,1200
3581.6,1200
3581.7,1200
3581.8,1200
3581.9,1200
3582,1200
3582.1,1200
3582.2,1200
3582.3,1200
3582.4,1200
3582.5,1200
3582.6,1200
3582.7,1200
3582.8,1200
3582.9,1200
3583,1200
3583.1,1200
3583.2,1200
3583.3,1200
3583.4,1200
3583.5,1200
3583.6,1200
3583.7,1200
3583.8,1200
3583.9,1200
3584,1200
3584.1,1200
3584.2,1200
3584.3,1200
3584.4,1200
3584.5,1200
3584.6,1200
3584.7,1200
3584.8,1200
3584.9,1200
3585,1200
3585.1,1200
3585.2,1200
3585.3,1200
3585.4,1200
3585.5,1200
3585.6,1200
3585.7,1200
3585.8,1200
3585.9,1200
3586,1200
3586.1,1200
3586.2,1200
3586.3,1200
3586.4,1200
3586.5,1200
3586.6,1200
3586.7,1200
3586.8,1200
3586.9,1200
3587,1200
3587.1,1200
3587.2,1200
3587.3,1200
3587.4,1200
3587.5,1200
3587.6,1200
3587.7,1200
3587.8,1200
3587.9,1200
3588,1200
3588.1,1200
3588.2,1200
3588.3,1200
3588.4,1200
3588.5,1200
3588.6,1200
3588.7,1200
3588.8,1200
3588.9,1200
3589,1200
3589.1,1200
3589.2,1200
3589.3,1200
3589.4,1200
3589.5,1200
3589.6,1200
3589.7,1200
3589.8,1200
3589.9,1200
3590,1200
3590.1,1200
3590.2,1200
3590.3,1200
3590.4,1200
3590.5,1200
3590.6,1200
3590.7,1200
3590.8,1200
3590.9,1200
3591,1200
3591.1,1200
3591.2,1200
3591.3,1200
3591.4,1200
3591.5,1200
3591.6,1200
3591.7,1200
3591.8,1200
3591.9,1200
3592,1200
3592.1,1200
3592.2,1200
3592.3,1200
3592.4,1200
3592.5,1200
3592.6,1200
3592.7,1200
3592.8,1200
3592.9,1200
3593,1200
3593.1,1200
3593.2,1200
3593.3,1200
3593.4,1200
3593.5,1200
3593.6,1200
3593.7,1200
3593.8,1200
3593.9,1200
3594,1200
3594.1,1200
3594.2,1200
3594.3,1200
3594.4,1200
3594.5,1200
3594.6,1200
3594.7,1200
3594.8,1200
3594.9,1200
3595,1200
3595.1,1200
3595.2,1200
3595.3,1200
3595.4,1200
3595.5,1200
3595.6,1200
3595.7,1200
3595.8,1200
3595.9,1200
3596,1200
3596.1,1200
3596.2,1200
3596.3,1200
3596.4,1200
3596.5,1200
3596.6,1200
3596.7,1200
3596.8,1200
3596.9,1200
3597,1200
3597.1,1200
3597.2,1200
3597.3,1200
3597.4,1200
3597.5,1200
3597.6,1200
3597.7,1200
3597.8,1200
3597.9,1200
3598,1200
3598.1,1200
3598.2,1200
3598.3,1200
3598.4,1200
3598.5,1200
3598.6,1200
3598.7,1200
3598.8,1200
3598.9,1200
3599,1200
3599.1,1200
3599.2,1200
3599.3,1200
3599.4,1200
3599.5,1200
3599.6,1200
3599.7,1200
3599.8,1200
3599.9,1200
3600,1200
